-- MySQL dump 9.10
--
-- Host: localhost    Database: codingdb
-- ------------------------------------------------------
-- Server version	4.0.18-nt-log

--
-- Table structure for table `assignment`
--

CREATE TABLE assignment (
  assignment_id int(11) NOT NULL auto_increment,
  batch_id int(11) NOT NULL default '0',
  users_id int(11) NOT NULL default '0',
  timestamp bigint(20) NOT NULL default '0',
  PRIMARY KEY  (assignment_id),
  KEY batch_id (batch_id),
  KEY users_id (users_id)
) TYPE=InnoDB;

--
-- Dumping data for table `assignment`
--

INSERT INTO assignment VALUES (1,6,112,1076970209814);
INSERT INTO assignment VALUES (2,7,104,1076970209774);
INSERT INTO assignment VALUES (3,4,105,1099668388843);
INSERT INTO assignment VALUES (4,5,105,1099668425165);

--
-- Table structure for table `batch`
--

CREATE TABLE batch (
  batch_id int(11) NOT NULL auto_increment,
  volume_id int(11) NOT NULL default '0',
  lft int(11) NOT NULL default '0',
  rgt int(11) NOT NULL default '0',
  batch_number int(11) NOT NULL default '0',
  status enum('Unitize','UQC','UComplete','UBatched','Coding','CodingQC','QCComplete','QA','QAComplete') NOT NULL default 'Unitize',
  priority int(11) NOT NULL default '0',
  PRIMARY KEY  (batch_id),
  KEY volume_id (volume_id)
) TYPE=InnoDB;

--
-- Dumping data for table `batch`
--

INSERT INTO batch VALUES (1,1,10,430,1,'Unitize',1);
INSERT INTO batch VALUES (2,1,440,1220,2,'UComplete',2);
INSERT INTO batch VALUES (3,1,1230,1310,3,'Unitize',4);
INSERT INTO batch VALUES (4,2,10,410,1,'Coding',0);
INSERT INTO batch VALUES (5,2,420,1200,2,'CodingQC',0);
INSERT INTO batch VALUES (6,2,1210,1290,3,'Coding',2);
INSERT INTO batch VALUES (7,3,10,410,1,'Coding',5);
INSERT INTO batch VALUES (8,3,420,1200,2,'Coding',8);
INSERT INTO batch VALUES (9,3,1210,1290,3,'Coding',9);
INSERT INTO batch VALUES (10,4,10,410,1,'QCComplete',0);
INSERT INTO batch VALUES (11,4,420,1200,2,'QCComplete',0);
INSERT INTO batch VALUES (12,4,1210,1290,3,'QCComplete',0);
INSERT INTO batch VALUES (13,5,10,410,1,'Unitize',4);
INSERT INTO batch VALUES (14,5,420,1200,2,'QAComplete',0);
INSERT INTO batch VALUES (15,5,1210,1230,3,'UQC',1);
INSERT INTO batch VALUES (16,6,10,1290,1,'Unitize',0);
INSERT INTO batch VALUES (17,7,10,1290,1,'UQC',0);
INSERT INTO batch VALUES (18,8,10,1290,1,'UComplete',0);
INSERT INTO batch VALUES (19,9,10,1290,1,'Coding',0);
INSERT INTO batch VALUES (20,10,10,1290,1,'Unitize',0);
INSERT INTO batch VALUES (21,5,1240,1290,4,'QCComplete',1);

--
-- Table structure for table `batch_comments`
--

CREATE TABLE batch_comments (
  batch_id int(11) NOT NULL default '0',
  comments text NOT NULL,
  PRIMARY KEY  (batch_id)
) TYPE=InnoDB;

--
-- Dumping data for table `batch_comments`
--


--
-- Table structure for table `batchcredit`
--

CREATE TABLE batchcredit (
  project_id int(11) NOT NULL default '0',
  volume_id int(11) NOT NULL default '0',
  batch_number int(11) NOT NULL default '0',
  field_level tinyint(4) NOT NULL default '0',
  credit_time bigint(20) NOT NULL default '0',
  users_id int(11) NOT NULL default '0',
  status enum('Unitize','UQC','UComplete','UBatched','Coding','CodingQC','QCComplete','QA','QAComplete') NOT NULL default 'Unitize',
  rework tinyint(1) NOT NULL default '0',
  child_count int(11) NOT NULL default '0',
  page_count int(11) NOT NULL default '0',
  batch_id int(11) NOT NULL default '0',
  KEY batch_id (batch_id),
  KEY credit_time (credit_time)
) TYPE=InnoDB;

--
-- Dumping data for table `batchcredit`
--

INSERT INTO batchcredit VALUES (2,2,2,0,1097764959082,105,'Coding',0,15,79,5);
INSERT INTO batchcredit VALUES (4,4,1,0,1100266519773,113,'Coding',0,13,41,10);
INSERT INTO batchcredit VALUES (4,4,2,0,1100266656690,107,'Coding',0,15,79,11);
INSERT INTO batchcredit VALUES (4,4,3,0,1100266715955,117,'Coding',0,6,9,12);
INSERT INTO batchcredit VALUES (4,4,1,0,1100266885128,107,'CodingQC',0,13,41,10);
INSERT INTO batchcredit VALUES (4,4,2,0,1100266915332,107,'CodingQC',0,15,79,11);
INSERT INTO batchcredit VALUES (4,4,3,0,1100266942190,107,'CodingQC',0,6,9,12);

--
-- Table structure for table `batcherror`
--

CREATE TABLE batcherror (
  batch_id int(11) NOT NULL default '0',
  users_id int(11) NOT NULL default '0',
  credit_time bigint(20) NOT NULL default '0',
  round int(11) NOT NULL default '0',
  rework tinyint(1) NOT NULL default '0',
  field_count int(11) NOT NULL default '0',
  change_count int(11) NOT NULL default '0',
  error_count int(11) NOT NULL default '0',
  KEY users_id (users_id),
  KEY batch_id (batch_id)
) TYPE=InnoDB;

--
-- Dumping data for table `batcherror`
--

INSERT INTO batcherror VALUES (10,113,1100266885128,2,0,65,0,0);
INSERT INTO batcherror VALUES (11,107,1100266915332,2,0,75,0,0);
INSERT INTO batcherror VALUES (12,117,1100266942190,2,0,30,0,0);

--
-- Table structure for table `batchuser`
--

CREATE TABLE batchuser (
  batch_id int(11) NOT NULL default '0',
  coder_id int(11) NOT NULL default '0',
  qc_id int(11) NOT NULL default '0',
  rework tinyint(1) NOT NULL default '0',
  qa_rework tinyint(1) NOT NULL default '0',
  mod_time bigint(20) NOT NULL default '0',
  last_unitized_page_id int(11) NOT NULL default '0',
  PRIMARY KEY  (batch_id)
) TYPE=InnoDB;

--
-- Dumping data for table `batchuser`
--

INSERT INTO batchuser VALUES (4,105,0,0,0,1099668388883,0);
INSERT INTO batchuser VALUES (5,105,105,0,0,1099668425205,0);
INSERT INTO batchuser VALUES (10,113,107,0,0,1100266845201,0);
INSERT INTO batchuser VALUES (11,107,107,0,0,1100266894622,0);
INSERT INTO batchuser VALUES (12,117,107,0,0,1100266923063,0);

--
-- Table structure for table `binder_image`
--

CREATE TABLE binder_image (
  page_id int(11) NOT NULL default '0',
  image mediumblob NOT NULL,
  PRIMARY KEY  (page_id)
) TYPE=InnoDB;

--
-- Dumping data for table `binder_image`
--


--
-- Table structure for table `changes`
--

CREATE TABLE changes (
  table_nbr tinyint(4) NOT NULL default '0',
  id int(11) NOT NULL default '0',
  age int(11) NOT NULL default '0',
  PRIMARY KEY  (age,table_nbr,id)
) TYPE=InnoDB;

--
-- Dumping data for table `changes`
--

INSERT INTO changes VALUES (0,10,96);
INSERT INTO changes VALUES (1,12,96);
INSERT INTO changes VALUES (2,133,96);
INSERT INTO changes VALUES (2,134,96);
INSERT INTO changes VALUES (2,135,96);
INSERT INTO changes VALUES (2,136,96);
INSERT INTO changes VALUES (2,137,96);
INSERT INTO changes VALUES (2,138,96);
INSERT INTO changes VALUES (5,8,96);
INSERT INTO changes VALUES (9,14,96);
INSERT INTO changes VALUES (10,107,96);
INSERT INTO changes VALUES (10,202,96);
INSERT INTO changes VALUES (11,8,96);
INSERT INTO changes VALUES (0,10,97);
INSERT INTO changes VALUES (1,0,97);
INSERT INTO changes VALUES (1,12,97);
INSERT INTO changes VALUES (2,133,97);
INSERT INTO changes VALUES (2,134,97);
INSERT INTO changes VALUES (2,135,97);
INSERT INTO changes VALUES (2,136,97);
INSERT INTO changes VALUES (2,137,97);
INSERT INTO changes VALUES (2,138,97);
INSERT INTO changes VALUES (5,8,97);
INSERT INTO changes VALUES (10,107,97);
INSERT INTO changes VALUES (5,8,98);
INSERT INTO changes VALUES (1,0,100);
INSERT INTO changes VALUES (5,1,100);
INSERT INTO changes VALUES (10,106,101);
INSERT INTO changes VALUES (0,1,102);
INSERT INTO changes VALUES (0,2,102);
INSERT INTO changes VALUES (0,3,102);
INSERT INTO changes VALUES (0,4,102);
INSERT INTO changes VALUES (1,0,102);
INSERT INTO changes VALUES (1,1,102);
INSERT INTO changes VALUES (1,2,102);
INSERT INTO changes VALUES (1,3,102);
INSERT INTO changes VALUES (1,4,102);
INSERT INTO changes VALUES (1,5,102);
INSERT INTO changes VALUES (1,6,102);
INSERT INTO changes VALUES (1,7,102);
INSERT INTO changes VALUES (2,1,102);
INSERT INTO changes VALUES (2,2,102);
INSERT INTO changes VALUES (2,3,102);
INSERT INTO changes VALUES (2,4,102);
INSERT INTO changes VALUES (2,5,102);
INSERT INTO changes VALUES (2,6,102);
INSERT INTO changes VALUES (2,7,102);
INSERT INTO changes VALUES (2,8,102);
INSERT INTO changes VALUES (2,9,102);
INSERT INTO changes VALUES (2,10,102);
INSERT INTO changes VALUES (2,11,102);
INSERT INTO changes VALUES (2,12,102);
INSERT INTO changes VALUES (2,13,102);
INSERT INTO changes VALUES (2,14,102);
INSERT INTO changes VALUES (2,15,102);
INSERT INTO changes VALUES (2,16,102);
INSERT INTO changes VALUES (2,17,102);
INSERT INTO changes VALUES (2,18,102);
INSERT INTO changes VALUES (2,19,102);
INSERT INTO changes VALUES (2,20,102);
INSERT INTO changes VALUES (2,21,102);
INSERT INTO changes VALUES (2,22,102);
INSERT INTO changes VALUES (2,23,102);
INSERT INTO changes VALUES (2,24,102);
INSERT INTO changes VALUES (2,25,102);
INSERT INTO changes VALUES (2,26,102);
INSERT INTO changes VALUES (2,27,102);
INSERT INTO changes VALUES (2,28,102);
INSERT INTO changes VALUES (2,29,102);
INSERT INTO changes VALUES (2,30,102);
INSERT INTO changes VALUES (2,31,102);
INSERT INTO changes VALUES (2,32,102);
INSERT INTO changes VALUES (2,33,102);
INSERT INTO changes VALUES (2,34,102);
INSERT INTO changes VALUES (2,35,102);
INSERT INTO changes VALUES (2,36,102);
INSERT INTO changes VALUES (2,37,102);
INSERT INTO changes VALUES (2,38,102);
INSERT INTO changes VALUES (2,39,102);
INSERT INTO changes VALUES (2,40,102);
INSERT INTO changes VALUES (2,41,102);
INSERT INTO changes VALUES (2,42,102);
INSERT INTO changes VALUES (2,43,102);
INSERT INTO changes VALUES (2,44,102);
INSERT INTO changes VALUES (2,45,102);
INSERT INTO changes VALUES (2,46,102);
INSERT INTO changes VALUES (2,47,102);
INSERT INTO changes VALUES (2,48,102);
INSERT INTO changes VALUES (2,49,102);
INSERT INTO changes VALUES (2,50,102);
INSERT INTO changes VALUES (2,51,102);
INSERT INTO changes VALUES (2,52,102);
INSERT INTO changes VALUES (2,53,102);
INSERT INTO changes VALUES (2,54,102);
INSERT INTO changes VALUES (2,55,102);
INSERT INTO changes VALUES (2,56,102);
INSERT INTO changes VALUES (2,57,102);
INSERT INTO changes VALUES (2,58,102);
INSERT INTO changes VALUES (2,59,102);
INSERT INTO changes VALUES (2,60,102);
INSERT INTO changes VALUES (2,61,102);
INSERT INTO changes VALUES (2,62,102);
INSERT INTO changes VALUES (2,63,102);
INSERT INTO changes VALUES (2,64,102);
INSERT INTO changes VALUES (2,65,102);
INSERT INTO changes VALUES (2,66,102);
INSERT INTO changes VALUES (2,67,102);
INSERT INTO changes VALUES (2,68,102);
INSERT INTO changes VALUES (2,69,102);
INSERT INTO changes VALUES (2,70,102);
INSERT INTO changes VALUES (2,71,102);
INSERT INTO changes VALUES (2,72,102);
INSERT INTO changes VALUES (2,73,102);
INSERT INTO changes VALUES (2,74,102);
INSERT INTO changes VALUES (2,75,102);
INSERT INTO changes VALUES (2,76,102);
INSERT INTO changes VALUES (2,77,102);
INSERT INTO changes VALUES (2,78,102);
INSERT INTO changes VALUES (2,79,102);
INSERT INTO changes VALUES (2,80,102);
INSERT INTO changes VALUES (2,81,102);
INSERT INTO changes VALUES (2,82,102);
INSERT INTO changes VALUES (2,83,102);
INSERT INTO changes VALUES (5,1,102);
INSERT INTO changes VALUES (8,201,102);
INSERT INTO changes VALUES (10,104,102);
INSERT INTO changes VALUES (10,105,102);
INSERT INTO changes VALUES (10,106,102);
INSERT INTO changes VALUES (10,107,102);
INSERT INTO changes VALUES (10,112,102);
INSERT INTO changes VALUES (10,113,102);
INSERT INTO changes VALUES (10,114,102);
INSERT INTO changes VALUES (10,115,102);
INSERT INTO changes VALUES (10,116,102);
INSERT INTO changes VALUES (12,1,102);
INSERT INTO changes VALUES (13,1,102);
INSERT INTO changes VALUES (14,1,102);
INSERT INTO changes VALUES (15,1,102);
INSERT INTO changes VALUES (15,2,102);
INSERT INTO changes VALUES (15,3,102);
INSERT INTO changes VALUES (5,1,103);

--
-- Table structure for table `child`
--

CREATE TABLE child (
  child_id int(11) NOT NULL auto_increment,
  volume_id int(11) NOT NULL default '0',
  lft int(11) NOT NULL default '0',
  rgt int(11) NOT NULL default '0',
  range_id int(11) NOT NULL default '0',
  batch_id int(11) NOT NULL default '0',
  is_split tinyint(1) NOT NULL default '0',
  PRIMARY KEY  (child_id),
  KEY range_id (range_id,lft),
  KEY batch_id (batch_id,lft),
  KEY volume_id (volume_id,lft)
) TYPE=InnoDB;

--
-- Dumping data for table `child`
--

INSERT INTO child VALUES (1,1,10,10,1,1,0);
INSERT INTO child VALUES (2,1,20,20,2,1,0);
INSERT INTO child VALUES (3,1,30,30,3,1,0);
INSERT INTO child VALUES (4,1,40,80,3,1,0);
INSERT INTO child VALUES (5,1,90,100,3,1,0);
INSERT INTO child VALUES (6,1,110,110,4,1,0);
INSERT INTO child VALUES (7,1,120,120,5,1,0);
INSERT INTO child VALUES (8,1,130,130,6,1,0);
INSERT INTO child VALUES (9,1,140,140,7,1,0);
INSERT INTO child VALUES (10,1,150,170,8,1,0);
INSERT INTO child VALUES (11,1,180,180,9,1,0);
INSERT INTO child VALUES (12,1,190,380,10,1,0);
INSERT INTO child VALUES (13,1,390,390,11,1,0);
INSERT INTO child VALUES (14,1,400,400,12,1,0);
INSERT INTO child VALUES (15,1,410,430,12,1,0);
INSERT INTO child VALUES (16,1,440,480,13,2,0);
INSERT INTO child VALUES (17,1,490,490,13,2,0);
INSERT INTO child VALUES (18,1,500,500,13,2,0);
INSERT INTO child VALUES (19,1,510,510,14,2,0);
INSERT INTO child VALUES (20,1,520,520,15,2,0);
INSERT INTO child VALUES (21,1,530,580,16,2,0);
INSERT INTO child VALUES (22,1,590,590,17,2,0);
INSERT INTO child VALUES (23,1,600,600,18,2,0);
INSERT INTO child VALUES (24,1,610,610,19,2,0);
INSERT INTO child VALUES (25,1,620,690,20,2,0);
INSERT INTO child VALUES (26,1,700,740,21,2,0);
INSERT INTO child VALUES (27,1,750,1190,22,2,0);
INSERT INTO child VALUES (28,1,1200,1200,23,2,0);
INSERT INTO child VALUES (29,1,1210,1210,24,2,0);
INSERT INTO child VALUES (30,1,1220,1220,25,2,0);
INSERT INTO child VALUES (31,1,1230,1230,26,3,0);
INSERT INTO child VALUES (32,1,1240,1240,27,3,0);
INSERT INTO child VALUES (33,1,1250,1250,28,3,0);
INSERT INTO child VALUES (34,1,1260,1270,29,3,0);
INSERT INTO child VALUES (35,1,1280,1280,30,3,0);
INSERT INTO child VALUES (36,1,1290,1310,30,3,0);
INSERT INTO child VALUES (37,2,10,10,31,4,0);
INSERT INTO child VALUES (38,2,20,60,31,4,0);
INSERT INTO child VALUES (39,2,70,80,31,4,0);
INSERT INTO child VALUES (40,2,90,90,32,4,0);
INSERT INTO child VALUES (41,2,100,100,33,4,0);
INSERT INTO child VALUES (42,2,110,110,34,4,0);
INSERT INTO child VALUES (43,2,120,120,35,4,0);
INSERT INTO child VALUES (44,2,130,150,36,4,0);
INSERT INTO child VALUES (45,2,160,160,37,4,0);
INSERT INTO child VALUES (46,2,170,360,38,4,0);
INSERT INTO child VALUES (47,2,370,370,39,4,0);
INSERT INTO child VALUES (48,2,380,380,40,4,0);
INSERT INTO child VALUES (49,2,390,410,40,4,0);
INSERT INTO child VALUES (50,2,420,460,41,5,0);
INSERT INTO child VALUES (51,2,470,470,41,5,0);
INSERT INTO child VALUES (52,2,480,480,41,5,0);
INSERT INTO child VALUES (53,2,490,490,42,5,0);
INSERT INTO child VALUES (54,2,500,500,43,5,0);
INSERT INTO child VALUES (55,2,510,560,44,5,0);
INSERT INTO child VALUES (56,2,570,570,45,5,0);
INSERT INTO child VALUES (57,2,580,580,46,5,0);
INSERT INTO child VALUES (58,2,590,590,47,5,0);
INSERT INTO child VALUES (59,2,600,670,48,5,0);
INSERT INTO child VALUES (60,2,680,720,49,5,0);
INSERT INTO child VALUES (61,2,730,1170,50,5,0);
INSERT INTO child VALUES (62,2,1180,1180,51,5,0);
INSERT INTO child VALUES (63,2,1190,1190,52,5,0);
INSERT INTO child VALUES (64,2,1200,1200,53,5,0);
INSERT INTO child VALUES (65,2,1210,1210,54,6,0);
INSERT INTO child VALUES (66,2,1220,1220,55,6,0);
INSERT INTO child VALUES (67,2,1230,1230,56,6,0);
INSERT INTO child VALUES (68,2,1240,1250,57,6,0);
INSERT INTO child VALUES (69,2,1260,1260,58,6,0);
INSERT INTO child VALUES (70,2,1270,1290,58,6,0);
INSERT INTO child VALUES (71,3,10,10,59,7,0);
INSERT INTO child VALUES (72,3,20,60,59,7,0);
INSERT INTO child VALUES (73,3,70,80,59,7,0);
INSERT INTO child VALUES (74,3,90,90,60,7,0);
INSERT INTO child VALUES (75,3,100,100,61,7,0);
INSERT INTO child VALUES (76,3,110,110,62,7,0);
INSERT INTO child VALUES (77,3,120,120,63,7,0);
INSERT INTO child VALUES (78,3,130,150,64,7,0);
INSERT INTO child VALUES (79,3,160,160,65,7,0);
INSERT INTO child VALUES (80,3,170,360,66,7,0);
INSERT INTO child VALUES (81,3,370,370,67,7,0);
INSERT INTO child VALUES (82,3,380,380,68,7,0);
INSERT INTO child VALUES (83,3,390,410,68,7,0);
INSERT INTO child VALUES (84,3,420,460,69,8,0);
INSERT INTO child VALUES (85,3,470,470,69,8,0);
INSERT INTO child VALUES (86,3,480,480,69,8,0);
INSERT INTO child VALUES (87,3,490,490,70,8,0);
INSERT INTO child VALUES (88,3,500,500,71,8,0);
INSERT INTO child VALUES (89,3,510,560,72,8,0);
INSERT INTO child VALUES (90,3,570,570,73,8,0);
INSERT INTO child VALUES (91,3,580,580,74,8,0);
INSERT INTO child VALUES (92,3,590,590,75,8,0);
INSERT INTO child VALUES (93,3,600,670,76,8,0);
INSERT INTO child VALUES (94,3,680,720,77,8,0);
INSERT INTO child VALUES (95,3,730,1170,78,8,0);
INSERT INTO child VALUES (96,3,1180,1180,79,8,0);
INSERT INTO child VALUES (97,3,1190,1190,80,8,0);
INSERT INTO child VALUES (98,3,1200,1200,81,8,0);
INSERT INTO child VALUES (99,3,1210,1210,82,9,0);
INSERT INTO child VALUES (100,3,1220,1220,83,9,0);
INSERT INTO child VALUES (101,3,1230,1230,84,9,0);
INSERT INTO child VALUES (102,3,1240,1250,85,9,0);
INSERT INTO child VALUES (103,3,1260,1260,86,9,0);
INSERT INTO child VALUES (104,3,1270,1290,86,9,0);
INSERT INTO child VALUES (105,4,10,10,87,10,0);
INSERT INTO child VALUES (106,4,20,60,87,10,0);
INSERT INTO child VALUES (107,4,70,80,87,10,0);
INSERT INTO child VALUES (108,4,90,90,88,10,0);
INSERT INTO child VALUES (109,4,100,100,89,10,0);
INSERT INTO child VALUES (110,4,110,110,90,10,0);
INSERT INTO child VALUES (111,4,120,120,91,10,0);
INSERT INTO child VALUES (112,4,130,150,92,10,0);
INSERT INTO child VALUES (113,4,160,160,93,10,0);
INSERT INTO child VALUES (114,4,170,360,94,10,0);
INSERT INTO child VALUES (115,4,370,370,95,10,0);
INSERT INTO child VALUES (116,4,380,380,96,10,0);
INSERT INTO child VALUES (117,4,390,410,96,10,0);
INSERT INTO child VALUES (118,4,420,460,97,11,0);
INSERT INTO child VALUES (119,4,470,470,97,11,0);
INSERT INTO child VALUES (120,4,480,480,97,11,0);
INSERT INTO child VALUES (121,4,490,490,98,11,0);
INSERT INTO child VALUES (122,4,500,500,99,11,0);
INSERT INTO child VALUES (123,4,510,560,100,11,0);
INSERT INTO child VALUES (124,4,570,570,101,11,0);
INSERT INTO child VALUES (125,4,580,580,102,11,0);
INSERT INTO child VALUES (126,4,590,590,103,11,0);
INSERT INTO child VALUES (127,4,600,670,104,11,0);
INSERT INTO child VALUES (128,4,680,720,105,11,0);
INSERT INTO child VALUES (129,4,730,1170,106,11,0);
INSERT INTO child VALUES (130,4,1180,1180,107,11,0);
INSERT INTO child VALUES (131,4,1190,1190,108,11,0);
INSERT INTO child VALUES (132,4,1200,1200,109,11,0);
INSERT INTO child VALUES (133,4,1210,1210,110,12,0);
INSERT INTO child VALUES (134,4,1220,1220,111,12,0);
INSERT INTO child VALUES (135,4,1230,1230,112,12,0);
INSERT INTO child VALUES (136,4,1240,1250,113,12,0);
INSERT INTO child VALUES (137,4,1260,1260,114,12,0);
INSERT INTO child VALUES (138,4,1270,1290,114,12,0);
INSERT INTO child VALUES (139,5,10,10,115,13,0);
INSERT INTO child VALUES (140,5,20,60,115,13,0);
INSERT INTO child VALUES (141,5,70,80,115,13,0);
INSERT INTO child VALUES (142,5,90,90,116,13,0);
INSERT INTO child VALUES (143,5,100,100,117,13,0);
INSERT INTO child VALUES (144,5,110,110,118,13,0);
INSERT INTO child VALUES (145,5,120,120,119,13,0);
INSERT INTO child VALUES (146,5,130,150,120,13,0);
INSERT INTO child VALUES (147,5,160,160,121,13,0);
INSERT INTO child VALUES (148,5,170,360,122,13,0);
INSERT INTO child VALUES (149,5,370,370,123,13,0);
INSERT INTO child VALUES (150,5,380,380,124,13,0);
INSERT INTO child VALUES (151,5,390,410,124,13,0);
INSERT INTO child VALUES (152,5,420,460,125,14,0);
INSERT INTO child VALUES (153,5,470,470,125,14,0);
INSERT INTO child VALUES (154,5,480,480,125,14,0);
INSERT INTO child VALUES (155,5,490,490,126,14,0);
INSERT INTO child VALUES (156,5,500,500,127,14,0);
INSERT INTO child VALUES (157,5,510,560,128,14,0);
INSERT INTO child VALUES (158,5,570,570,129,14,0);
INSERT INTO child VALUES (159,5,580,580,130,14,0);
INSERT INTO child VALUES (160,5,590,590,131,14,0);
INSERT INTO child VALUES (161,5,600,670,132,14,0);
INSERT INTO child VALUES (162,5,680,720,133,14,0);
INSERT INTO child VALUES (163,5,730,1170,134,14,0);
INSERT INTO child VALUES (164,5,1180,1180,135,14,0);
INSERT INTO child VALUES (165,5,1190,1190,136,14,0);
INSERT INTO child VALUES (166,5,1200,1200,137,14,0);
INSERT INTO child VALUES (167,5,1210,1210,138,15,0);
INSERT INTO child VALUES (168,5,1220,1220,139,15,0);
INSERT INTO child VALUES (169,5,1230,1230,140,15,0);
INSERT INTO child VALUES (170,5,1240,1250,141,21,0);
INSERT INTO child VALUES (171,5,1260,1260,142,21,0);
INSERT INTO child VALUES (172,5,1270,1290,142,21,0);
INSERT INTO child VALUES (173,6,10,10,143,16,0);
INSERT INTO child VALUES (174,6,20,60,143,16,0);
INSERT INTO child VALUES (175,6,70,80,143,16,0);
INSERT INTO child VALUES (176,6,90,90,144,16,0);
INSERT INTO child VALUES (177,6,100,100,145,16,0);
INSERT INTO child VALUES (178,6,110,110,146,16,0);
INSERT INTO child VALUES (179,6,120,120,147,16,0);
INSERT INTO child VALUES (180,6,130,150,148,16,0);
INSERT INTO child VALUES (181,6,160,160,149,16,0);
INSERT INTO child VALUES (182,6,170,360,150,16,0);
INSERT INTO child VALUES (183,6,370,370,151,16,0);
INSERT INTO child VALUES (184,6,380,380,152,16,0);
INSERT INTO child VALUES (185,6,390,410,152,16,0);
INSERT INTO child VALUES (186,6,420,460,153,16,0);
INSERT INTO child VALUES (187,6,470,470,153,16,0);
INSERT INTO child VALUES (188,6,480,480,153,16,0);
INSERT INTO child VALUES (189,6,490,490,154,16,0);
INSERT INTO child VALUES (190,6,500,500,155,16,0);
INSERT INTO child VALUES (191,6,510,560,156,16,0);
INSERT INTO child VALUES (192,6,570,570,157,16,0);
INSERT INTO child VALUES (193,6,580,580,158,16,0);
INSERT INTO child VALUES (194,6,590,590,159,16,0);
INSERT INTO child VALUES (195,6,600,670,160,16,0);
INSERT INTO child VALUES (196,6,680,720,161,16,0);
INSERT INTO child VALUES (197,6,730,1170,162,16,0);
INSERT INTO child VALUES (198,6,1180,1180,163,16,0);
INSERT INTO child VALUES (199,6,1190,1190,164,16,0);
INSERT INTO child VALUES (200,6,1200,1200,165,16,0);
INSERT INTO child VALUES (201,6,1210,1210,166,16,0);
INSERT INTO child VALUES (202,6,1220,1220,167,16,0);
INSERT INTO child VALUES (203,6,1230,1230,168,16,0);
INSERT INTO child VALUES (204,6,1240,1250,169,16,0);
INSERT INTO child VALUES (205,6,1260,1260,170,16,0);
INSERT INTO child VALUES (206,6,1270,1290,170,16,0);
INSERT INTO child VALUES (207,7,10,10,171,17,0);
INSERT INTO child VALUES (208,7,20,60,171,17,0);
INSERT INTO child VALUES (209,7,70,80,171,17,0);
INSERT INTO child VALUES (210,7,90,90,172,17,0);
INSERT INTO child VALUES (211,7,100,100,173,17,0);
INSERT INTO child VALUES (212,7,110,110,174,17,0);
INSERT INTO child VALUES (213,7,120,120,175,17,0);
INSERT INTO child VALUES (214,7,130,150,176,17,0);
INSERT INTO child VALUES (215,7,160,160,177,17,0);
INSERT INTO child VALUES (216,7,170,360,178,17,0);
INSERT INTO child VALUES (217,7,370,370,179,17,0);
INSERT INTO child VALUES (218,7,380,380,180,17,0);
INSERT INTO child VALUES (219,7,390,410,180,17,0);
INSERT INTO child VALUES (220,7,420,460,181,17,0);
INSERT INTO child VALUES (221,7,470,470,181,17,0);
INSERT INTO child VALUES (222,7,480,480,181,17,0);
INSERT INTO child VALUES (223,7,490,490,182,17,0);
INSERT INTO child VALUES (224,7,500,500,183,17,0);
INSERT INTO child VALUES (225,7,510,560,184,17,0);
INSERT INTO child VALUES (226,7,570,570,185,17,0);
INSERT INTO child VALUES (227,7,580,580,186,17,0);
INSERT INTO child VALUES (228,7,590,590,187,17,0);
INSERT INTO child VALUES (229,7,600,670,188,17,0);
INSERT INTO child VALUES (230,7,680,720,189,17,0);
INSERT INTO child VALUES (231,7,730,1170,190,17,0);
INSERT INTO child VALUES (232,7,1180,1180,191,17,0);
INSERT INTO child VALUES (233,7,1190,1190,192,17,0);
INSERT INTO child VALUES (234,7,1200,1200,193,17,0);
INSERT INTO child VALUES (235,7,1210,1210,194,17,0);
INSERT INTO child VALUES (236,7,1220,1220,195,17,0);
INSERT INTO child VALUES (237,7,1230,1230,196,17,0);
INSERT INTO child VALUES (238,7,1240,1250,197,17,0);
INSERT INTO child VALUES (239,7,1260,1260,198,17,0);
INSERT INTO child VALUES (240,7,1270,1290,198,17,0);
INSERT INTO child VALUES (241,8,10,10,199,18,0);
INSERT INTO child VALUES (242,8,20,60,199,18,0);
INSERT INTO child VALUES (243,8,70,80,199,18,0);
INSERT INTO child VALUES (244,8,90,90,200,18,0);
INSERT INTO child VALUES (245,8,100,100,201,18,0);
INSERT INTO child VALUES (246,8,110,110,202,18,0);
INSERT INTO child VALUES (247,8,120,120,203,18,0);
INSERT INTO child VALUES (248,8,130,150,204,18,0);
INSERT INTO child VALUES (249,8,160,160,205,18,0);
INSERT INTO child VALUES (250,8,170,360,206,18,0);
INSERT INTO child VALUES (251,8,370,370,207,18,0);
INSERT INTO child VALUES (252,8,380,380,208,18,0);
INSERT INTO child VALUES (253,8,390,410,208,18,0);
INSERT INTO child VALUES (254,8,420,460,209,18,0);
INSERT INTO child VALUES (255,8,470,470,209,18,0);
INSERT INTO child VALUES (256,8,480,480,209,18,0);
INSERT INTO child VALUES (257,8,490,490,210,18,0);
INSERT INTO child VALUES (258,8,500,500,211,18,0);
INSERT INTO child VALUES (259,8,510,560,212,18,0);
INSERT INTO child VALUES (260,8,570,570,213,18,0);
INSERT INTO child VALUES (261,8,580,580,214,18,0);
INSERT INTO child VALUES (262,8,590,590,215,18,0);
INSERT INTO child VALUES (263,8,600,670,216,18,0);
INSERT INTO child VALUES (264,8,680,720,217,18,0);
INSERT INTO child VALUES (265,8,730,1170,218,18,0);
INSERT INTO child VALUES (266,8,1180,1180,219,18,0);
INSERT INTO child VALUES (267,8,1190,1190,220,18,0);
INSERT INTO child VALUES (268,8,1200,1200,221,18,0);
INSERT INTO child VALUES (269,8,1210,1210,222,18,0);
INSERT INTO child VALUES (270,8,1220,1220,223,18,0);
INSERT INTO child VALUES (271,8,1230,1230,224,18,0);
INSERT INTO child VALUES (272,8,1240,1250,225,18,0);
INSERT INTO child VALUES (273,8,1260,1260,226,18,0);
INSERT INTO child VALUES (274,8,1270,1290,226,18,0);
INSERT INTO child VALUES (275,9,10,10,227,19,0);
INSERT INTO child VALUES (276,9,20,60,227,19,0);
INSERT INTO child VALUES (277,9,70,80,227,19,0);
INSERT INTO child VALUES (278,9,90,90,228,19,0);
INSERT INTO child VALUES (279,9,100,100,229,19,0);
INSERT INTO child VALUES (280,9,110,110,230,19,0);
INSERT INTO child VALUES (281,9,120,120,231,19,0);
INSERT INTO child VALUES (282,9,130,150,232,19,0);
INSERT INTO child VALUES (283,9,160,160,233,19,0);
INSERT INTO child VALUES (284,9,170,360,234,19,0);
INSERT INTO child VALUES (285,9,370,370,235,19,0);
INSERT INTO child VALUES (286,9,380,380,236,19,0);
INSERT INTO child VALUES (287,9,390,410,236,19,0);
INSERT INTO child VALUES (288,9,420,460,237,19,0);
INSERT INTO child VALUES (289,9,470,470,237,19,0);
INSERT INTO child VALUES (290,9,480,480,237,19,0);
INSERT INTO child VALUES (291,9,490,490,238,19,0);
INSERT INTO child VALUES (292,9,500,500,239,19,0);
INSERT INTO child VALUES (293,9,510,560,240,19,0);
INSERT INTO child VALUES (294,9,570,570,241,19,0);
INSERT INTO child VALUES (295,9,580,580,242,19,0);
INSERT INTO child VALUES (296,9,590,590,243,19,0);
INSERT INTO child VALUES (297,9,600,670,244,19,0);
INSERT INTO child VALUES (298,9,680,720,245,19,0);
INSERT INTO child VALUES (299,9,730,1170,246,19,0);
INSERT INTO child VALUES (300,9,1180,1180,247,19,0);
INSERT INTO child VALUES (301,9,1190,1190,248,19,0);
INSERT INTO child VALUES (302,9,1200,1200,249,19,0);
INSERT INTO child VALUES (303,9,1210,1210,250,19,0);
INSERT INTO child VALUES (304,9,1220,1220,251,19,0);
INSERT INTO child VALUES (305,9,1230,1230,252,19,0);
INSERT INTO child VALUES (306,9,1240,1250,253,19,0);
INSERT INTO child VALUES (307,9,1260,1260,254,19,0);
INSERT INTO child VALUES (308,9,1270,1290,254,19,0);
INSERT INTO child VALUES (309,10,10,10,255,20,0);
INSERT INTO child VALUES (310,10,20,60,255,20,0);
INSERT INTO child VALUES (311,10,70,80,255,20,0);
INSERT INTO child VALUES (312,10,90,90,256,20,0);
INSERT INTO child VALUES (313,10,100,100,257,20,0);
INSERT INTO child VALUES (314,10,110,110,258,20,0);
INSERT INTO child VALUES (315,10,120,120,259,20,0);
INSERT INTO child VALUES (316,10,130,150,260,20,0);
INSERT INTO child VALUES (317,10,160,160,261,20,0);
INSERT INTO child VALUES (318,10,170,360,262,20,0);
INSERT INTO child VALUES (319,10,370,370,263,20,0);
INSERT INTO child VALUES (320,10,380,380,264,20,0);
INSERT INTO child VALUES (321,10,390,410,264,20,0);
INSERT INTO child VALUES (322,10,420,460,265,20,0);
INSERT INTO child VALUES (323,10,470,470,265,20,0);
INSERT INTO child VALUES (324,10,480,480,265,20,0);
INSERT INTO child VALUES (325,10,490,490,266,20,0);
INSERT INTO child VALUES (326,10,500,500,267,20,0);
INSERT INTO child VALUES (327,10,510,560,268,20,0);
INSERT INTO child VALUES (328,10,570,570,269,20,0);
INSERT INTO child VALUES (329,10,580,580,270,20,0);
INSERT INTO child VALUES (330,10,590,590,271,20,0);
INSERT INTO child VALUES (331,10,600,670,272,20,0);
INSERT INTO child VALUES (332,10,680,720,273,20,0);
INSERT INTO child VALUES (333,10,730,1170,274,20,0);
INSERT INTO child VALUES (334,10,1180,1180,275,20,0);
INSERT INTO child VALUES (335,10,1190,1190,276,20,0);
INSERT INTO child VALUES (336,10,1200,1200,277,20,0);
INSERT INTO child VALUES (337,10,1210,1210,278,20,0);
INSERT INTO child VALUES (338,10,1220,1220,279,20,0);
INSERT INTO child VALUES (339,10,1230,1230,280,20,0);
INSERT INTO child VALUES (340,10,1240,1250,281,20,0);
INSERT INTO child VALUES (341,10,1260,1260,282,20,0);
INSERT INTO child VALUES (342,10,1270,1290,282,20,0);

--
-- Table structure for table `childcoded`
--

CREATE TABLE childcoded (
  child_id int(11) NOT NULL default '0',
  status enum('Unitize','UQC','UComplete','UBatched','Coding','CodingQC','QCComplete','QA','QAComplete') NOT NULL default 'Unitize',
  round int(11) NOT NULL default '0',
  users_id int(11) NOT NULL default '0',
  coded_time bigint(20) NOT NULL default '0',
  PRIMARY KEY  (child_id,round)
) TYPE=InnoDB;

--
-- Dumping data for table `childcoded`
--

INSERT INTO childcoded VALUES (37,'Coding',0,105,1099668399328);
INSERT INTO childcoded VALUES (38,'Coding',0,105,1099668406228);
INSERT INTO childcoded VALUES (39,'Coding',0,105,1099668407399);
INSERT INTO childcoded VALUES (40,'Coding',0,105,1099668408371);
INSERT INTO childcoded VALUES (41,'Coding',0,105,1099668409342);
INSERT INTO childcoded VALUES (42,'Coding',0,105,1099668410323);
INSERT INTO childcoded VALUES (43,'Coding',0,105,1099668411335);
INSERT INTO childcoded VALUES (44,'Coding',0,105,1099668412326);
INSERT INTO childcoded VALUES (45,'Coding',0,105,1099668413298);
INSERT INTO childcoded VALUES (46,'Coding',0,105,1099668414429);
INSERT INTO childcoded VALUES (47,'Coding',0,105,1099668415741);
INSERT INTO childcoded VALUES (50,'CodingQC',0,105,1099668431093);
INSERT INTO childcoded VALUES (50,'Coding',1,105,1097764921318);
INSERT INTO childcoded VALUES (51,'CodingQC',0,105,1099668431674);
INSERT INTO childcoded VALUES (51,'Coding',1,105,1097764936490);
INSERT INTO childcoded VALUES (52,'CodingQC',0,105,1099668432445);
INSERT INTO childcoded VALUES (52,'Coding',1,105,1097764939484);
INSERT INTO childcoded VALUES (53,'CodingQC',0,105,1099668432976);
INSERT INTO childcoded VALUES (53,'Coding',1,105,1097764940526);
INSERT INTO childcoded VALUES (54,'CodingQC',0,105,1099668433427);
INSERT INTO childcoded VALUES (54,'Coding',1,105,1097764941828);
INSERT INTO childcoded VALUES (55,'CodingQC',0,105,1099668433867);
INSERT INTO childcoded VALUES (55,'Coding',1,105,1097764942799);
INSERT INTO childcoded VALUES (56,'CodingQC',0,105,1099668434408);
INSERT INTO childcoded VALUES (56,'Coding',1,105,1097764943790);
INSERT INTO childcoded VALUES (57,'CodingQC',0,105,1099668435019);
INSERT INTO childcoded VALUES (57,'Coding',1,105,1097764944682);
INSERT INTO childcoded VALUES (58,'CodingQC',0,105,1099668435460);
INSERT INTO childcoded VALUES (58,'Coding',1,105,1097764945583);
INSERT INTO childcoded VALUES (59,'CodingQC',0,105,1099668436121);
INSERT INTO childcoded VALUES (59,'Coding',1,105,1097764946404);
INSERT INTO childcoded VALUES (60,'CodingQC',0,105,1099668436651);
INSERT INTO childcoded VALUES (60,'Coding',1,105,1097764947185);
INSERT INTO childcoded VALUES (61,'CodingQC',0,105,1099668437222);
INSERT INTO childcoded VALUES (61,'Coding',1,105,1097764947916);
INSERT INTO childcoded VALUES (62,'CodingQC',0,105,1099668438384);
INSERT INTO childcoded VALUES (62,'Coding',1,105,1097764948427);
INSERT INTO childcoded VALUES (63,'Coding',1,105,1097764948888);
INSERT INTO childcoded VALUES (64,'Coding',1,105,1097764950700);
INSERT INTO childcoded VALUES (105,'Coding',1,113,1100266491172);
INSERT INTO childcoded VALUES (105,'CodingQC',2,107,1100266856237);
INSERT INTO childcoded VALUES (106,'Coding',1,113,1100266497040);
INSERT INTO childcoded VALUES (106,'CodingQC',2,107,1100266856647);
INSERT INTO childcoded VALUES (107,'Coding',1,113,1100266498543);
INSERT INTO childcoded VALUES (107,'CodingQC',2,107,1100266857058);
INSERT INTO childcoded VALUES (108,'Coding',1,113,1100266499854);
INSERT INTO childcoded VALUES (108,'CodingQC',2,107,1100266857379);
INSERT INTO childcoded VALUES (109,'Coding',1,113,1100266500976);
INSERT INTO childcoded VALUES (109,'CodingQC',2,107,1100266857639);
INSERT INTO childcoded VALUES (110,'Coding',1,113,1100266504060);
INSERT INTO childcoded VALUES (110,'CodingQC',2,107,1100266858670);
INSERT INTO childcoded VALUES (111,'Coding',1,113,1100266505342);
INSERT INTO childcoded VALUES (111,'CodingQC',2,107,1100266867513);
INSERT INTO childcoded VALUES (112,'Coding',1,113,1100266506524);
INSERT INTO childcoded VALUES (112,'CodingQC',2,107,1100266859041);
INSERT INTO childcoded VALUES (113,'Coding',1,113,1100266507716);
INSERT INTO childcoded VALUES (113,'CodingQC',2,107,1100266859341);
INSERT INTO childcoded VALUES (114,'Coding',1,113,1100266508887);
INSERT INTO childcoded VALUES (114,'CodingQC',2,107,1100266859782);
INSERT INTO childcoded VALUES (115,'Coding',1,113,1100266509899);
INSERT INTO childcoded VALUES (115,'CodingQC',2,107,1100266860273);
INSERT INTO childcoded VALUES (116,'Coding',1,113,1100266510990);
INSERT INTO childcoded VALUES (116,'CodingQC',2,107,1100266879170);
INSERT INTO childcoded VALUES (117,'Coding',1,113,1100266512252);
INSERT INTO childcoded VALUES (117,'CodingQC',2,107,1100266860573);
INSERT INTO childcoded VALUES (118,'Coding',1,107,1100266632615);
INSERT INTO childcoded VALUES (118,'CodingQC',2,107,1100266897807);
INSERT INTO childcoded VALUES (119,'Coding',1,107,1100266635920);
INSERT INTO childcoded VALUES (119,'CodingQC',2,107,1100266898648);
INSERT INTO childcoded VALUES (120,'Coding',1,107,1100266637372);
INSERT INTO childcoded VALUES (120,'CodingQC',2,107,1100266900050);
INSERT INTO childcoded VALUES (121,'Coding',1,107,1100266638714);
INSERT INTO childcoded VALUES (121,'CodingQC',2,107,1100266900771);
INSERT INTO childcoded VALUES (122,'Coding',1,107,1100266640066);
INSERT INTO childcoded VALUES (122,'CodingQC',2,107,1100266901382);
INSERT INTO childcoded VALUES (123,'Coding',1,107,1100266641558);
INSERT INTO childcoded VALUES (123,'CodingQC',2,107,1100266902193);
INSERT INTO childcoded VALUES (124,'Coding',1,107,1100266643090);
INSERT INTO childcoded VALUES (124,'CodingQC',2,107,1100266902904);
INSERT INTO childcoded VALUES (125,'Coding',1,107,1100266644382);
INSERT INTO childcoded VALUES (125,'CodingQC',2,107,1100266903475);
INSERT INTO childcoded VALUES (126,'Coding',1,107,1100266645464);
INSERT INTO childcoded VALUES (126,'CodingQC',2,107,1100266904156);
INSERT INTO childcoded VALUES (127,'Coding',1,107,1100266646545);
INSERT INTO childcoded VALUES (127,'CodingQC',2,107,1100266905197);
INSERT INTO childcoded VALUES (128,'Coding',1,107,1100266647747);
INSERT INTO childcoded VALUES (128,'CodingQC',2,107,1100266906269);
INSERT INTO childcoded VALUES (129,'Coding',1,107,1100266648809);
INSERT INTO childcoded VALUES (129,'CodingQC',2,107,1100266907100);
INSERT INTO childcoded VALUES (130,'Coding',1,107,1100266649900);
INSERT INTO childcoded VALUES (130,'CodingQC',2,107,1100266908162);
INSERT INTO childcoded VALUES (131,'Coding',1,107,1100266650892);
INSERT INTO childcoded VALUES (131,'CodingQC',2,107,1100266909013);
INSERT INTO childcoded VALUES (132,'Coding',1,107,1100266653325);
INSERT INTO childcoded VALUES (132,'CodingQC',2,107,1100266909764);
INSERT INTO childcoded VALUES (133,'Coding',1,117,1100266701695);
INSERT INTO childcoded VALUES (133,'CodingQC',2,107,1100266933989);
INSERT INTO childcoded VALUES (134,'Coding',1,117,1100266706902);
INSERT INTO childcoded VALUES (134,'CodingQC',2,107,1100266934660);
INSERT INTO childcoded VALUES (135,'Coding',1,117,1100266707954);
INSERT INTO childcoded VALUES (135,'CodingQC',2,107,1100266935260);
INSERT INTO childcoded VALUES (136,'Coding',1,117,1100266709105);
INSERT INTO childcoded VALUES (136,'CodingQC',2,107,1100266935901);
INSERT INTO childcoded VALUES (137,'Coding',1,117,1100266710297);
INSERT INTO childcoded VALUES (137,'CodingQC',2,107,1100266936743);
INSERT INTO childcoded VALUES (138,'Coding',1,117,1100266711519);
INSERT INTO childcoded VALUES (138,'CodingQC',2,107,1100266937454);

--
-- Table structure for table `childerror`
--

CREATE TABLE childerror (
  child_id int(11) NOT NULL default '0',
  field_count int(11) NOT NULL default '0',
  change_count int(11) NOT NULL default '0',
  error_count int(11) NOT NULL default '0',
  PRIMARY KEY  (child_id)
) TYPE=InnoDB;

--
-- Dumping data for table `childerror`
--

INSERT INTO childerror VALUES (50,5,0,0);
INSERT INTO childerror VALUES (51,5,0,0);
INSERT INTO childerror VALUES (52,5,0,0);
INSERT INTO childerror VALUES (53,5,0,0);
INSERT INTO childerror VALUES (54,5,0,0);
INSERT INTO childerror VALUES (55,5,0,0);
INSERT INTO childerror VALUES (56,5,0,0);
INSERT INTO childerror VALUES (57,5,0,0);
INSERT INTO childerror VALUES (58,5,0,0);
INSERT INTO childerror VALUES (59,5,0,0);
INSERT INTO childerror VALUES (60,5,0,0);
INSERT INTO childerror VALUES (61,5,0,0);
INSERT INTO childerror VALUES (62,5,0,0);

--
-- Table structure for table `export`
--

CREATE TABLE export (
  export_name varchar(128) NOT NULL default '',
  force_export enum('No','Yes') NOT NULL default 'No',
  uppercase enum('No','Yes') NOT NULL default 'No',
  uppercase_names enum('No','Yes') NOT NULL default 'No',
  name_delimiter varchar(5) NOT NULL default '',
  org_delimiter varchar(5) NOT NULL default '',
  field_delimiter varchar(5) NOT NULL default '',
  text_qualifier varchar(5) NOT NULL default '',
  value_separator varchar(5) NOT NULL default '',
  date_format varchar(8) NOT NULL default '',
  missing_date varchar(8) NOT NULL default '',
  missing_year varchar(4) NOT NULL default '',
  missing_month char(2) NOT NULL default '',
  missing_day char(2) NOT NULL default '',
  missing_date_character char(1) NOT NULL default '',
  PRIMARY KEY  (export_name)
) TYPE=InnoDB;

--
-- Dumping data for table `export`
--

INSERT INTO export VALUES ('TobDem01 Parameters','No','No','No',',',' /',',','|',';','mmDDyyyy','00000000','00','00','00','0');

--
-- Table structure for table `fieldchange`
--

CREATE TABLE fieldchange (
  child_id int(11) NOT NULL default '0',
  field_name varchar(40) NOT NULL default '',
  codererror tinyint(1) NOT NULL default '0',
  PRIMARY KEY  (child_id,field_name)
) TYPE=InnoDB;

--
-- Dumping data for table `fieldchange`
--


--
-- Table structure for table `longvalue`
--

CREATE TABLE longvalue (
  child_id int(11) NOT NULL default '0',
  field_name varchar(40) NOT NULL default '',
  sequence int(11) NOT NULL default '0',
  value text NOT NULL,
  PRIMARY KEY  (child_id,field_name,sequence)
) TYPE=InnoDB;

--
-- Dumping data for table `longvalue`
--


--
-- Table structure for table `mailreceived`
--

CREATE TABLE mailreceived (
  mailreceived_id int(11) NOT NULL auto_increment,
  recipient_users_id int(11) NOT NULL default '0',
  mailsent_id int(11) NOT NULL default '0',
  status enum('Deleted','New','Unread','Read','Replied','Forwarded') NOT NULL default 'New',
  PRIMARY KEY  (mailreceived_id),
  KEY recipient_users_id (recipient_users_id)
) TYPE=InnoDB;

--
-- Dumping data for table `mailreceived`
--

INSERT INTO mailreceived VALUES (1,104,1,'New');

--
-- Table structure for table `mailsent`
--

CREATE TABLE mailsent (
  mailsent_id int(11) NOT NULL auto_increment,
  sender_users_id int(11) NOT NULL default '0',
  time_sent bigint(20) NOT NULL default '0',
  recipient_list text NOT NULL,
  subject varchar(128) NOT NULL default '',
  text text NOT NULL,
  status enum('Active','Deleted') NOT NULL default 'Active',
  PRIMARY KEY  (mailsent_id),
  KEY sender_users_id (sender_users_id)
) TYPE=InnoDB;

--
-- Dumping data for table `mailsent`
--

INSERT INTO mailsent VALUES (1,105,1076970209814,'MCCALLN','Test Mail From Bill','Text of mail from Bill.','Active');
INSERT INTO mailsent VALUES (2,112,1082546595445,'MCCALLN','Test Mail From Mike','Text of mail from Mike.','Active');
INSERT INTO mailsent VALUES (3,104,1082546595445,'EASTONB, CORNSM','Test Mail From Nancy','Text of mail from Nancy.','Active');

--
-- Table structure for table `namevalue`
--

CREATE TABLE namevalue (
  child_id int(11) NOT NULL default '0',
  field_name varchar(40) NOT NULL default '',
  sequence int(11) NOT NULL default '0',
  last_name varchar(100) NOT NULL default '',
  first_name varchar(30) NOT NULL default '',
  middle_name varchar(19) NOT NULL default '',
  organization varchar(100) NOT NULL default '',
  value varchar(255) NOT NULL default '',
  PRIMARY KEY  (child_id,field_name,sequence)
) TYPE=InnoDB;

--
-- Dumping data for table `namevalue`
--

INSERT INTO namevalue VALUES (1,'Author 1',1,'Abbas','Maher','','','Abbas, Maher');
INSERT INTO namevalue VALUES (1,'Copyee 1',1,'AlesiaGoginsky','','','PH/Novartis@PH','AlesiaGoginsky / PH/Novartis@PH');
INSERT INTO namevalue VALUES (1,'Recip 1',0,'AbdulHacq','Reche','','','AbdulHacq, Reche');
INSERT INTO namevalue VALUES (1,'Recip 1',1,'AlesiaGoginsky','','','PH/Novartis@PH','AlesiaGoginsky / PH/Novartis@PH');
INSERT INTO namevalue VALUES (37,'Author 2',0,'A','','','','A');
INSERT INTO namevalue VALUES (37,'Copyee 2',0,'A','','','','A');
INSERT INTO namevalue VALUES (37,'Recip 2',0,'A','','','','A');
INSERT INTO namevalue VALUES (38,'Author 2',0,'A','','','','A');
INSERT INTO namevalue VALUES (38,'Copyee 2',0,'A','','','','A');
INSERT INTO namevalue VALUES (38,'Recip 2',0,'A','','','','A');
INSERT INTO namevalue VALUES (39,'Author 2',0,'A','','','','A');
INSERT INTO namevalue VALUES (39,'Copyee 2',0,'A','','','','A');
INSERT INTO namevalue VALUES (39,'Recip 2',0,'A','','','','A');
INSERT INTO namevalue VALUES (40,'Author 2',0,'A','','','','A');
INSERT INTO namevalue VALUES (40,'Copyee 2',0,'A','','','','A');
INSERT INTO namevalue VALUES (40,'Recip 2',0,'A','','','','A');
INSERT INTO namevalue VALUES (41,'Author 2',0,'A','','','','A');
INSERT INTO namevalue VALUES (41,'Copyee 2',0,'A','','','','A');
INSERT INTO namevalue VALUES (41,'Recip 2',0,'A','','','','A');
INSERT INTO namevalue VALUES (42,'Author 2',0,'A','','','','A');
INSERT INTO namevalue VALUES (42,'Copyee 2',0,'A','','','','A');
INSERT INTO namevalue VALUES (42,'Recip 2',0,'A','','','','A');
INSERT INTO namevalue VALUES (43,'Author 2',0,'A','','','','A');
INSERT INTO namevalue VALUES (43,'Copyee 2',0,'A','','','','A');
INSERT INTO namevalue VALUES (43,'Recip 2',0,'A','','','','A');
INSERT INTO namevalue VALUES (44,'Author 2',0,'A','','','','A');
INSERT INTO namevalue VALUES (44,'Copyee 2',0,'A','','','','A');
INSERT INTO namevalue VALUES (44,'Recip 2',0,'A','','','','A');
INSERT INTO namevalue VALUES (45,'Author 2',0,'A','','','','A');
INSERT INTO namevalue VALUES (45,'Copyee 2',0,'A','','','','A');
INSERT INTO namevalue VALUES (45,'Recip 2',0,'A','','','','A');
INSERT INTO namevalue VALUES (46,'Author 2',0,'A','','','','A');
INSERT INTO namevalue VALUES (46,'Copyee 2',0,'A','','','','A');
INSERT INTO namevalue VALUES (46,'Recip 2',0,'A','','','','A');
INSERT INTO namevalue VALUES (47,'Author 2',0,'A','','','','A');
INSERT INTO namevalue VALUES (47,'Copyee 2',0,'A','','','','A');
INSERT INTO namevalue VALUES (47,'Recip 2',0,'A','','','','A');
INSERT INTO namevalue VALUES (50,'Author 2',0,'A','','','','A');
INSERT INTO namevalue VALUES (50,'Copyee 2',0,'A','','','','A');
INSERT INTO namevalue VALUES (50,'Recip 2',0,'A','','','','A');
INSERT INTO namevalue VALUES (51,'Author 2',0,'A','','','','A');
INSERT INTO namevalue VALUES (51,'Copyee 2',0,'A','','','','A');
INSERT INTO namevalue VALUES (51,'Recip 2',0,'A','','','','A');
INSERT INTO namevalue VALUES (52,'Author 2',0,'A','','','','A');
INSERT INTO namevalue VALUES (52,'Copyee 2',0,'A','','','','A');
INSERT INTO namevalue VALUES (52,'Recip 2',0,'A','','','','A');
INSERT INTO namevalue VALUES (53,'Author 2',0,'A','','','','A');
INSERT INTO namevalue VALUES (53,'Copyee 2',0,'A','','','','A');
INSERT INTO namevalue VALUES (53,'Recip 2',0,'A','','','','A');
INSERT INTO namevalue VALUES (54,'Author 2',0,'A','','','','A');
INSERT INTO namevalue VALUES (54,'Copyee 2',0,'A','','','','A');
INSERT INTO namevalue VALUES (54,'Recip 2',0,'A','','','','A');
INSERT INTO namevalue VALUES (55,'Author 2',0,'A','','','','A');
INSERT INTO namevalue VALUES (55,'Copyee 2',0,'A','','','','A');
INSERT INTO namevalue VALUES (55,'Recip 2',0,'A','','','','A');
INSERT INTO namevalue VALUES (56,'Author 2',0,'A','','','','A');
INSERT INTO namevalue VALUES (56,'Copyee 2',0,'A','','','','A');
INSERT INTO namevalue VALUES (56,'Recip 2',0,'A','','','','A');
INSERT INTO namevalue VALUES (57,'Author 2',0,'A','','','','A');
INSERT INTO namevalue VALUES (57,'Copyee 2',0,'A','','','','A');
INSERT INTO namevalue VALUES (57,'Recip 2',0,'A','','','','A');
INSERT INTO namevalue VALUES (58,'Author 2',0,'A','','','','A');
INSERT INTO namevalue VALUES (58,'Copyee 2',0,'A','','','','A');
INSERT INTO namevalue VALUES (58,'Recip 2',0,'A','','','','A');
INSERT INTO namevalue VALUES (59,'Author 2',0,'A','','','','A');
INSERT INTO namevalue VALUES (59,'Copyee 2',0,'A','','','','A');
INSERT INTO namevalue VALUES (59,'Recip 2',0,'A','','','','A');
INSERT INTO namevalue VALUES (60,'Author 2',0,'A','','','','A');
INSERT INTO namevalue VALUES (60,'Copyee 2',0,'A','','','','A');
INSERT INTO namevalue VALUES (60,'Recip 2',0,'A','','','','A');
INSERT INTO namevalue VALUES (61,'Author 2',0,'A','','','','A');
INSERT INTO namevalue VALUES (61,'Copyee 2',0,'A','','','','A');
INSERT INTO namevalue VALUES (61,'Recip 2',0,'A','','','','A');
INSERT INTO namevalue VALUES (62,'Author 2',0,'A','','','','A');
INSERT INTO namevalue VALUES (62,'Copyee 2',0,'A','','','','A');
INSERT INTO namevalue VALUES (62,'Recip 2',0,'A','','','','A');
INSERT INTO namevalue VALUES (63,'Author 2',0,'A','','','','A');
INSERT INTO namevalue VALUES (63,'Copyee 2',0,'A','','','','A');
INSERT INTO namevalue VALUES (63,'Recip 2',0,'A','','','','A');
INSERT INTO namevalue VALUES (64,'Author 2',0,'A','','','','A');
INSERT INTO namevalue VALUES (64,'Copyee 2',0,'A','','','','A');
INSERT INTO namevalue VALUES (64,'Recip 2',0,'A','','','','A');
INSERT INTO namevalue VALUES (105,'Author 4',0,'A','','','','A');
INSERT INTO namevalue VALUES (105,'Copyee 4',0,'A','','','','A');
INSERT INTO namevalue VALUES (105,'Recip 4',0,'A','','','','A');
INSERT INTO namevalue VALUES (106,'Author 4',0,'A','','','','A');
INSERT INTO namevalue VALUES (106,'Copyee 4',0,'A','','','','A');
INSERT INTO namevalue VALUES (106,'Recip 4',0,'A','','','','A');
INSERT INTO namevalue VALUES (107,'Author 4',0,'A','','','','A');
INSERT INTO namevalue VALUES (107,'Copyee 4',0,'A','','','','A');
INSERT INTO namevalue VALUES (107,'Recip 4',0,'A','','','','A');
INSERT INTO namevalue VALUES (108,'Author 4',0,'A','','','','A');
INSERT INTO namevalue VALUES (108,'Copyee 4',0,'A','','','','A');
INSERT INTO namevalue VALUES (108,'Recip 4',0,'A','','','','A');
INSERT INTO namevalue VALUES (109,'Author 4',0,'A','','','','A');
INSERT INTO namevalue VALUES (109,'Copyee 4',0,'A','','','','A');
INSERT INTO namevalue VALUES (109,'Recip 4',0,'A','','','','A');
INSERT INTO namevalue VALUES (110,'Author 4',0,'A','','','','A');
INSERT INTO namevalue VALUES (110,'Copyee 4',0,'A','','','','A');
INSERT INTO namevalue VALUES (110,'Recip 4',0,'A','','','','A');
INSERT INTO namevalue VALUES (111,'Author 4',0,'A','','','','A');
INSERT INTO namevalue VALUES (111,'Copyee 4',0,'A','','','','A');
INSERT INTO namevalue VALUES (111,'Recip 4',0,'A','','','','A');
INSERT INTO namevalue VALUES (112,'Author 4',0,'A','','','','A');
INSERT INTO namevalue VALUES (112,'Copyee 4',0,'A','','','','A');
INSERT INTO namevalue VALUES (112,'Recip 4',0,'A','','','','A');
INSERT INTO namevalue VALUES (113,'Author 4',0,'A','','','','A');
INSERT INTO namevalue VALUES (113,'Copyee 4',0,'A','','','','A');
INSERT INTO namevalue VALUES (113,'Recip 4',0,'A','','','','A');
INSERT INTO namevalue VALUES (114,'Author 4',0,'A','','','','A');
INSERT INTO namevalue VALUES (114,'Copyee 4',0,'A','','','','A');
INSERT INTO namevalue VALUES (114,'Recip 4',0,'A','','','','A');
INSERT INTO namevalue VALUES (115,'Author 4',0,'A','','','','A');
INSERT INTO namevalue VALUES (115,'Copyee 4',0,'A','','','','A');
INSERT INTO namevalue VALUES (115,'Recip 4',0,'A','','','','A');
INSERT INTO namevalue VALUES (116,'Author 4',0,'A','','','','A');
INSERT INTO namevalue VALUES (116,'Copyee 4',0,'A','','','','A');
INSERT INTO namevalue VALUES (116,'Recip 4',0,'A','','','','A');
INSERT INTO namevalue VALUES (117,'Author 4',0,'A','','','','A');
INSERT INTO namevalue VALUES (117,'Copyee 4',0,'A','','','','A');
INSERT INTO namevalue VALUES (117,'Recip 4',0,'A','','','','A');
INSERT INTO namevalue VALUES (118,'Author 4',0,'A','','','','A');
INSERT INTO namevalue VALUES (118,'Copyee 4',0,'A','','','','A');
INSERT INTO namevalue VALUES (118,'Recip 4',0,'A','','','','A');
INSERT INTO namevalue VALUES (119,'Author 4',0,'A','','','','A');
INSERT INTO namevalue VALUES (119,'Copyee 4',0,'A','','','','A');
INSERT INTO namevalue VALUES (119,'Recip 4',0,'A','','','','A');
INSERT INTO namevalue VALUES (120,'Author 4',0,'A','','','','A');
INSERT INTO namevalue VALUES (120,'Copyee 4',0,'A','','','','A');
INSERT INTO namevalue VALUES (120,'Recip 4',0,'A','','','','A');
INSERT INTO namevalue VALUES (121,'Author 4',0,'A','','','','A');
INSERT INTO namevalue VALUES (121,'Copyee 4',0,'A','','','','A');
INSERT INTO namevalue VALUES (121,'Recip 4',0,'A','','','','A');
INSERT INTO namevalue VALUES (122,'Author 4',0,'A','','','','A');
INSERT INTO namevalue VALUES (122,'Copyee 4',0,'A','','','','A');
INSERT INTO namevalue VALUES (122,'Recip 4',0,'A','','','','A');
INSERT INTO namevalue VALUES (123,'Author 4',0,'A','','','','A');
INSERT INTO namevalue VALUES (123,'Copyee 4',0,'A','','','','A');
INSERT INTO namevalue VALUES (123,'Recip 4',0,'A','','','','A');
INSERT INTO namevalue VALUES (124,'Author 4',0,'A','','','','A');
INSERT INTO namevalue VALUES (124,'Copyee 4',0,'A','','','','A');
INSERT INTO namevalue VALUES (124,'Recip 4',0,'A','','','','A');
INSERT INTO namevalue VALUES (125,'Author 4',0,'A','','','','A');
INSERT INTO namevalue VALUES (125,'Copyee 4',0,'A','','','','A');
INSERT INTO namevalue VALUES (125,'Recip 4',0,'A','','','','A');
INSERT INTO namevalue VALUES (126,'Author 4',0,'A','','','','A');
INSERT INTO namevalue VALUES (126,'Copyee 4',0,'A','','','','A');
INSERT INTO namevalue VALUES (126,'Recip 4',0,'A','','','','A');
INSERT INTO namevalue VALUES (127,'Author 4',0,'A','','','','A');
INSERT INTO namevalue VALUES (127,'Copyee 4',0,'A','','','','A');
INSERT INTO namevalue VALUES (127,'Recip 4',0,'A','','','','A');
INSERT INTO namevalue VALUES (128,'Author 4',0,'A','','','','A');
INSERT INTO namevalue VALUES (128,'Copyee 4',0,'A','','','','A');
INSERT INTO namevalue VALUES (128,'Recip 4',0,'A','','','','A');
INSERT INTO namevalue VALUES (129,'Author 4',0,'A','','','','A');
INSERT INTO namevalue VALUES (129,'Copyee 4',0,'A','','','','A');
INSERT INTO namevalue VALUES (129,'Recip 4',0,'A','','','','A');
INSERT INTO namevalue VALUES (130,'Author 4',0,'A','','','','A');
INSERT INTO namevalue VALUES (130,'Copyee 4',0,'A','','','','A');
INSERT INTO namevalue VALUES (130,'Recip 4',0,'A','','','','A');
INSERT INTO namevalue VALUES (131,'Author 4',0,'A','','','','A');
INSERT INTO namevalue VALUES (131,'Copyee 4',0,'A','','','','A');
INSERT INTO namevalue VALUES (131,'Recip 4',0,'A','','','','A');
INSERT INTO namevalue VALUES (132,'Author 4',0,'A','','','','A');
INSERT INTO namevalue VALUES (132,'Copyee 4',0,'A','','','','A');
INSERT INTO namevalue VALUES (132,'Recip 4',0,'A','','','','A');
INSERT INTO namevalue VALUES (133,'Author 4',0,'A','','','','A');
INSERT INTO namevalue VALUES (133,'Copyee 4',0,'A','','','','A');
INSERT INTO namevalue VALUES (133,'Recip 4',0,'A','','','','A');
INSERT INTO namevalue VALUES (134,'Author 4',0,'A','','','','A');
INSERT INTO namevalue VALUES (134,'Copyee 4',0,'A','','','','A');
INSERT INTO namevalue VALUES (134,'Recip 4',0,'A','','','','A');
INSERT INTO namevalue VALUES (135,'Author 4',0,'A','','','','A');
INSERT INTO namevalue VALUES (135,'Copyee 4',0,'A','','','','A');
INSERT INTO namevalue VALUES (135,'Recip 4',0,'A','','','','A');
INSERT INTO namevalue VALUES (136,'Author 4',0,'A','','','','A');
INSERT INTO namevalue VALUES (136,'Copyee 4',0,'A','','','','A');
INSERT INTO namevalue VALUES (136,'Recip 4',0,'A','','','','A');
INSERT INTO namevalue VALUES (137,'Author 4',0,'A','','','','A');
INSERT INTO namevalue VALUES (137,'Copyee 4',0,'A','','','','A');
INSERT INTO namevalue VALUES (137,'Recip 4',0,'A','','','','A');
INSERT INTO namevalue VALUES (138,'Author 4',0,'A','','','','A');
INSERT INTO namevalue VALUES (138,'Copyee 4',0,'A','','','','A');
INSERT INTO namevalue VALUES (138,'Recip 4',0,'A','','','','A');

--
-- Table structure for table `page`
--

CREATE TABLE page (
  page_id int(11) NOT NULL auto_increment,
  volume_id int(11) NOT NULL default '0',
  seq int(11) NOT NULL default '0',
  child_id int(11) NOT NULL default '0',
  bates_number varchar(40) NOT NULL default '',
  original_flag char(1) NOT NULL default '',
  original_rotate tinyint(4) NOT NULL default '0',
  path varchar(255) NOT NULL default '',
  filename varchar(255) NOT NULL default '',
  offset int(10) NOT NULL default '0',
  file_type tinyint(4) NOT NULL default '0',
  boundary_flag char(1) NOT NULL default '',
  rotate tinyint(4) NOT NULL default '0',
  boundary enum('NONE','CHILD','RANGE') NOT NULL default 'NONE',
  PRIMARY KEY  (page_id),
  KEY volume_id (volume_id,seq),
  KEY child_id (child_id,seq)
) TYPE=InnoDB;

--
-- Dumping data for table `page`
--

INSERT INTO page VALUES (1,1,10,1,'TD 000001','F',0,'IMAGES/01','opr03DWM01.tif',0,0,'F',0,'RANGE');
INSERT INTO page VALUES (2,1,20,2,'TD 000002','D',0,'IMAGES/01','opr03DWV01.tif',0,0,'D',0,'RANGE');
INSERT INTO page VALUES (3,1,30,3,'TD 000003','D',0,'IMAGES/01','opr03DWW01.tif',0,0,'D',0,'RANGE');
INSERT INTO page VALUES (4,1,40,4,'TD 000004','C',0,'IMAGES/01','opr03DWX01.tif',0,0,'C',0,'CHILD');
INSERT INTO page VALUES (5,1,50,4,'TD 000005','',0,'IMAGES/01','opr03DWX02.tif',0,0,'',0,'NONE');
INSERT INTO page VALUES (6,1,60,4,'TD 000006','',0,'IMAGES/01','opr03DWX03.tif',0,0,'',0,'NONE');
INSERT INTO page VALUES (7,1,70,4,'TD 000007','',0,'IMAGES/01','opr03DWX04.tif',0,0,'',0,'NONE');
INSERT INTO page VALUES (8,1,80,4,'TD 000008','',0,'IMAGES/01','opr03DWX05.tif',0,0,'',0,'NONE');
INSERT INTO page VALUES (9,1,90,5,'TD 000009','C',0,'IMAGES/01','opr03DWY01.tif',0,0,'C',0,'CHILD');
INSERT INTO page VALUES (10,1,100,5,'TD 000010','',0,'IMAGES/01','opr03DWY02.tif',0,0,'',0,'NONE');
INSERT INTO page VALUES (11,1,110,6,'TD 000011','D',0,'IMAGES/01','opr03DX801.tif',0,0,'D',0,'RANGE');
INSERT INTO page VALUES (12,1,120,7,'TD 000012','D',0,'IMAGES/01','opr03DXA01.tif',0,0,'D',0,'RANGE');
INSERT INTO page VALUES (13,1,130,8,'TD 000013','F',0,'IMAGES/01','opr03DXC01.tif',0,0,'F',0,'RANGE');
INSERT INTO page VALUES (14,1,140,9,'TD 000014','D',0,'IMAGES/01','opr03DXD01.tif',0,0,'D',0,'RANGE');
INSERT INTO page VALUES (15,1,150,10,'TD 000015','D',0,'IMAGES/01','opr03DXE01.tif',0,0,'D',0,'RANGE');
INSERT INTO page VALUES (16,1,160,10,'TD 000016','',0,'IMAGES/01','opr03DXE02.tif',0,0,'',0,'NONE');
INSERT INTO page VALUES (17,1,170,10,'TD 000017','',0,'IMAGES/01','opr03DXE03.tif',0,0,'',0,'NONE');
INSERT INTO page VALUES (18,1,180,11,'TD 000018','D',0,'IMAGES/01','opr03DXF01.tif',0,0,'D',0,'RANGE');
INSERT INTO page VALUES (19,1,190,12,'TD 000019','D',0,'IMAGES/01','opr03DXH01.tif',0,0,'D',0,'RANGE');
INSERT INTO page VALUES (20,1,200,12,'TD 000020','',0,'IMAGES/01','opr03DXH02.tif',0,0,'',0,'NONE');
INSERT INTO page VALUES (21,1,210,12,'TD 000021','',0,'IMAGES/01','opr03DXH03.tif',0,0,'',0,'NONE');
INSERT INTO page VALUES (22,1,220,12,'TD 000022','',0,'IMAGES/01','opr03DXH04.tif',0,0,'',0,'NONE');
INSERT INTO page VALUES (23,1,230,12,'TD 000023','',0,'IMAGES/01','opr03DXH05.tif',0,0,'',0,'NONE');
INSERT INTO page VALUES (24,1,240,12,'TD 000024','',0,'IMAGES/01','opr03DXH06.tif',0,0,'',0,'NONE');
INSERT INTO page VALUES (25,1,250,12,'TD 000025','',0,'IMAGES/01','opr03DXH07.tif',0,0,'',0,'NONE');
INSERT INTO page VALUES (26,1,260,12,'TD 000026','',0,'IMAGES/01','opr03DXH08.tif',0,0,'',0,'NONE');
INSERT INTO page VALUES (27,1,270,12,'TD 000027','',0,'IMAGES/01','opr03DXH09.tif',0,0,'',0,'NONE');
INSERT INTO page VALUES (28,1,280,12,'TD 000028','',0,'IMAGES/01','opr03DXH10.tif',0,0,'',0,'NONE');
INSERT INTO page VALUES (29,1,290,12,'TD 000029','',0,'IMAGES/01','opr03DXH11.tif',0,0,'',0,'NONE');
INSERT INTO page VALUES (30,1,300,12,'TD 000030','',0,'IMAGES/01','opr03DXH12.tif',0,0,'',0,'NONE');
INSERT INTO page VALUES (31,1,310,12,'TD 000031','',0,'IMAGES/01','opr03DXH13.tif',0,0,'',0,'NONE');
INSERT INTO page VALUES (32,1,320,12,'TD 000032','',0,'IMAGES/01','opr03DXH14.tif',0,0,'',0,'NONE');
INSERT INTO page VALUES (33,1,330,12,'TD 000033','',0,'IMAGES/01','opr03DXH15.tif',0,0,'',0,'NONE');
INSERT INTO page VALUES (34,1,340,12,'TD 000034','',0,'IMAGES/01','opr03DXh16.tif',0,0,'',0,'NONE');
INSERT INTO page VALUES (35,1,350,12,'TD 000035','',0,'IMAGES/01','opr03DXH17.tif',0,0,'',0,'NONE');
INSERT INTO page VALUES (36,1,360,12,'TD 000036','',0,'IMAGES/01','opr03DXH18.tif',0,0,'',0,'NONE');
INSERT INTO page VALUES (37,1,370,12,'TD 000037','',0,'IMAGES/01','opr03DXH19.tif',0,0,'',0,'NONE');
INSERT INTO page VALUES (38,1,380,12,'TD 000038','',0,'IMAGES/01','opr03DXH20.tif',0,0,'',0,'NONE');
INSERT INTO page VALUES (39,1,390,13,'TD 000039','F',0,'IMAGES/01','opr03DXJ01.tif',0,0,'F',0,'RANGE');
INSERT INTO page VALUES (40,1,400,14,'TD 000040','D',0,'IMAGES/01','opr03DXK01.tif',0,0,'D',0,'RANGE');
INSERT INTO page VALUES (41,1,410,15,'TD 000041','C',0,'IMAGES/01','opr03DXM01.tif',0,0,'C',0,'CHILD');
INSERT INTO page VALUES (42,1,420,15,'TD 000042','',0,'IMAGES/01','opr03DXM02.tif',0,0,'',0,'NONE');
INSERT INTO page VALUES (43,1,430,15,'TD 000043','',0,'IMAGES/01','opr03DXM03.tif',0,0,'',0,'NONE');
INSERT INTO page VALUES (44,1,440,16,'TD 000044','D',0,'IMAGES/01','opr03DXN01.tif',0,0,'D',0,'RANGE');
INSERT INTO page VALUES (45,1,450,16,'TD 000045','',0,'IMAGES/01','opr03DXN02.tif',0,0,'',0,'NONE');
INSERT INTO page VALUES (46,1,460,16,'TD 000046','',0,'IMAGES/01','opr03DXN03.tif',0,0,'',0,'NONE');
INSERT INTO page VALUES (47,1,470,16,'TD 000047','',0,'IMAGES/01','opr03DXN04.tif',0,0,'',0,'NONE');
INSERT INTO page VALUES (48,1,480,16,'TD 000048','',0,'IMAGES/01','opr03DXN05.tif',0,0,'',0,'NONE');
INSERT INTO page VALUES (49,1,490,17,'TD 000049','C',0,'IMAGES/01','opr03DXN06.tif',0,0,'C',0,'CHILD');
INSERT INTO page VALUES (50,1,500,18,'TD 000050','C',0,'IMAGES/01','opr03DXN07.tif',0,0,'C',0,'CHILD');
INSERT INTO page VALUES (51,1,510,19,'TD 000051','F',0,'IMAGES/01','opr03DXO01.tif',0,0,'F',0,'RANGE');
INSERT INTO page VALUES (52,1,520,20,'TD 000052','D',0,'IMAGES/01','opr03DXP01.tif',0,0,'D',0,'RANGE');
INSERT INTO page VALUES (53,1,530,21,'TD 000053','D',0,'IMAGES/01','opr03DXQ01.tif',0,0,'D',0,'RANGE');
INSERT INTO page VALUES (54,1,540,21,'TD 000054','',0,'IMAGES/01','opr03DXQ02.tif',0,0,'',0,'NONE');
INSERT INTO page VALUES (55,1,550,21,'TD 000055','',0,'IMAGES/01','opr03DXQ03.tif',0,0,'',0,'NONE');
INSERT INTO page VALUES (56,1,560,21,'TD 000056','',0,'IMAGES/01','opr03DXQ04.tif',0,0,'',0,'NONE');
INSERT INTO page VALUES (57,1,570,21,'TD 000057','',0,'IMAGES/01','opr03DXQ05.tif',0,0,'',0,'NONE');
INSERT INTO page VALUES (58,1,580,21,'TD 000058','',0,'IMAGES/01','opr03DXQ06.tif',0,0,'',0,'NONE');
INSERT INTO page VALUES (59,1,590,22,'TD 000059','F',0,'IMAGES/02','opr03DXR01.tif',0,0,'F',0,'RANGE');
INSERT INTO page VALUES (60,1,600,23,'TD 000060','D',0,'IMAGES/02','opr03DXS01.tif',0,0,'D',0,'RANGE');
INSERT INTO page VALUES (61,1,610,24,'TD 000061','D',0,'IMAGES/02','opr03DXT01.tif',0,0,'D',0,'RANGE');
INSERT INTO page VALUES (62,1,620,25,'TD 000062','D',0,'IMAGES/02','opr03DXV01.tif',0,0,'D',0,'RANGE');
INSERT INTO page VALUES (63,1,630,25,'TD 000063','',0,'IMAGES/02','opr03DXV02.tif',0,0,'',0,'NONE');
INSERT INTO page VALUES (64,1,640,25,'TD 000064','',0,'IMAGES/02','opr03DXV03.tif',0,0,'',0,'NONE');
INSERT INTO page VALUES (65,1,650,25,'TD 000065','',0,'IMAGES/02','opr03DXV04.tif',0,0,'',0,'NONE');
INSERT INTO page VALUES (66,1,660,25,'TD 000066','',0,'IMAGES/02','opr03DXV05.tif',0,0,'',0,'NONE');
INSERT INTO page VALUES (67,1,670,25,'TD 000067','',0,'IMAGES/02','opr03DXV06.tif',0,0,'',0,'NONE');
INSERT INTO page VALUES (68,1,680,25,'TD 000068','',0,'IMAGES/02','opr03DXV07.tif',0,0,'',0,'NONE');
INSERT INTO page VALUES (69,1,690,25,'TD 000069','',0,'IMAGES/02','opr03DXV08.tif',0,0,'',0,'NONE');
INSERT INTO page VALUES (70,1,700,26,'TD 000070','D',0,'IMAGES/02','opr03DXY01.tif',0,0,'D',0,'RANGE');
INSERT INTO page VALUES (71,1,710,26,'TD 000071','',0,'IMAGES/02','opr03DXY02.tif',0,0,'',0,'NONE');
INSERT INTO page VALUES (72,1,720,26,'TD 000072','',0,'IMAGES/02','opr03DXY03.tif',0,0,'',0,'NONE');
INSERT INTO page VALUES (73,1,730,26,'TD 000073','',0,'IMAGES/02','opr03DXY04.tif',0,0,'',0,'NONE');
INSERT INTO page VALUES (74,1,740,26,'TD 000074','',0,'IMAGES/02','opr03DXY05.tif',0,0,'',0,'NONE');
INSERT INTO page VALUES (75,1,750,27,'TD 000075','D',0,'IMAGES/02','opr03DXZ01.tif',0,0,'D',0,'RANGE');
INSERT INTO page VALUES (76,1,760,27,'TD 000076','',0,'IMAGES/02','opr03DXZ02.tif',0,0,'',0,'NONE');
INSERT INTO page VALUES (77,1,770,27,'TD 000077','',0,'IMAGES/02','opr03DXZ03.tif',0,0,'',0,'NONE');
INSERT INTO page VALUES (78,1,780,27,'TD 000078','',0,'IMAGES/02','opr03DXZ04.tif',0,0,'',0,'NONE');
INSERT INTO page VALUES (79,1,790,27,'TD 000079','',0,'IMAGES/02','opr03DXZ05.tif',0,0,'',0,'NONE');
INSERT INTO page VALUES (80,1,800,27,'TD 000080','',0,'IMAGES/02','opr03DXZ06.tif',0,0,'',0,'NONE');
INSERT INTO page VALUES (81,1,810,27,'TD 000081','',0,'IMAGES/02','opr03DXZ07.tif',0,0,'',0,'NONE');
INSERT INTO page VALUES (82,1,820,27,'TD 000082','',0,'IMAGES/02','opr03DXZ08.tif',0,0,'',0,'NONE');
INSERT INTO page VALUES (83,1,830,27,'TD 000083','',0,'IMAGES/02','opr03DXZ09.tif',0,0,'',0,'NONE');
INSERT INTO page VALUES (84,1,840,27,'TD 000084','',0,'IMAGES/02','opr03DXZ10.tif',0,0,'',0,'NONE');
INSERT INTO page VALUES (85,1,850,27,'TD 000085','',0,'IMAGES/02','opr03DXZ11.tif',0,0,'',0,'NONE');
INSERT INTO page VALUES (86,1,860,27,'TD 000086','',0,'IMAGES/02','opr03DXZ12.tif',0,0,'',0,'NONE');
INSERT INTO page VALUES (87,1,870,27,'TD 000087','',0,'IMAGES/02','opr03DXZ13.tif',0,0,'',0,'NONE');
INSERT INTO page VALUES (88,1,880,27,'TD 000088','',0,'IMAGES/02','opr03DXZ14.tif',0,0,'',0,'NONE');
INSERT INTO page VALUES (89,1,890,27,'TD 000089','',0,'IMAGES/02','opr03DXZ15.tif',0,0,'',0,'NONE');
INSERT INTO page VALUES (90,1,900,27,'TD 000090','',0,'IMAGES/02','opr03DXZ16.tif',0,0,'',0,'NONE');
INSERT INTO page VALUES (91,1,910,27,'TD 000091','',0,'IMAGES/02','opr03DXZ17.tif',0,0,'',0,'NONE');
INSERT INTO page VALUES (92,1,920,27,'TD 000092','',0,'IMAGES/02','opr03DXZ18.tif',0,0,'',0,'NONE');
INSERT INTO page VALUES (93,1,930,27,'TD 000093','',0,'IMAGES/02','opr03DXZ19.tif',0,0,'',0,'NONE');
INSERT INTO page VALUES (94,1,940,27,'TD 000094','',0,'IMAGES/02','opr03DXZ20.tif',0,0,'',0,'NONE');
INSERT INTO page VALUES (95,1,950,27,'TD 000095','',0,'IMAGES/02','opr03DXZ21.tif',0,0,'',0,'NONE');
INSERT INTO page VALUES (96,1,960,27,'TD 000096','',0,'IMAGES/02','opr03DXZ22.tif',0,0,'',0,'NONE');
INSERT INTO page VALUES (97,1,970,27,'TD 000097','',0,'IMAGES/02','opr03DXZ23.tif',0,0,'',0,'NONE');
INSERT INTO page VALUES (98,1,980,27,'TD 000098','',0,'IMAGES/02','opr03DXZ24.tif',0,0,'',0,'NONE');
INSERT INTO page VALUES (99,1,990,27,'TD 000099','',0,'IMAGES/02','opr03DXZ25.tif',0,0,'',0,'NONE');
INSERT INTO page VALUES (100,1,1000,27,'TD 000100','',0,'IMAGES/02','opr03DXZ26.tif',0,0,'',0,'NONE');
INSERT INTO page VALUES (101,1,1010,27,'TD 000101','',0,'IMAGES/02','opr03DXZ27.tif',0,0,'',0,'NONE');
INSERT INTO page VALUES (102,1,1020,27,'TD 000102','',0,'IMAGES/02','opr03DXZ28.tif',0,0,'',0,'NONE');
INSERT INTO page VALUES (103,1,1030,27,'TD 000103','',0,'IMAGES/02','opr03DXZ29.tif',0,0,'',0,'NONE');
INSERT INTO page VALUES (104,1,1040,27,'TD 000104','',0,'IMAGES/02','opr03DXZ30.tif',0,0,'',0,'NONE');
INSERT INTO page VALUES (105,1,1050,27,'TD 000105','',0,'IMAGES/02','opr03DXZ31.tif',0,0,'',0,'NONE');
INSERT INTO page VALUES (106,1,1060,27,'TD 000106','',0,'IMAGES/02','opr03DXZ32.tif',0,0,'',0,'NONE');
INSERT INTO page VALUES (107,1,1070,27,'TD 000107','',0,'IMAGES/02','opr03DXZ33.tif',0,0,'',0,'NONE');
INSERT INTO page VALUES (108,1,1080,27,'TD 000108','',0,'IMAGES/02','opr03DXZ34.tif',0,0,'',0,'NONE');
INSERT INTO page VALUES (109,1,1090,27,'TD 000109','',0,'IMAGES/02','opr03DXZ35.tif',0,0,'',0,'NONE');
INSERT INTO page VALUES (110,1,1100,27,'TD 000110','',0,'IMAGES/02','opr03DXZ36.tif',0,0,'',0,'NONE');
INSERT INTO page VALUES (111,1,1110,27,'TD 000111','',0,'IMAGES/02','opr03DXZ37.tif',0,0,'',0,'NONE');
INSERT INTO page VALUES (112,1,1120,27,'TD 000112','',0,'IMAGES/02','opr03DXZ38.tif',0,0,'',0,'NONE');
INSERT INTO page VALUES (113,1,1130,27,'TD 000113','',0,'IMAGES/02','opr03DXZ39.tif',0,0,'',0,'NONE');
INSERT INTO page VALUES (114,1,1140,27,'TD 000114','',0,'IMAGES/02','opr03DXZ40.tif',0,0,'',0,'NONE');
INSERT INTO page VALUES (115,1,1150,27,'TD 000115','',0,'IMAGES/02','opr03DXZ41.tif',0,0,'',0,'NONE');
INSERT INTO page VALUES (116,1,1160,27,'TD 000116','',0,'IMAGES/02','opr03DXZ42.tif',0,0,'',0,'NONE');
INSERT INTO page VALUES (117,1,1170,27,'TD 000117','',0,'IMAGES/02','opr03DXZ43.tif',0,0,'',0,'NONE');
INSERT INTO page VALUES (118,1,1180,27,'TD 000118','',0,'IMAGES/02','opr03DXZ44.tif',0,0,'',0,'NONE');
INSERT INTO page VALUES (119,1,1190,27,'TD 000119','',0,'IMAGES/02','opr03DXZ45.tif',0,0,'',0,'NONE');
INSERT INTO page VALUES (120,1,1200,28,'TD 000120','F',0,'IMAGES/02','opr03DY001.tif',0,0,'F',0,'RANGE');
INSERT INTO page VALUES (121,1,1210,29,'TD 000121','D',0,'IMAGES/02','opr03DY101.tif',0,0,'D',0,'RANGE');
INSERT INTO page VALUES (122,1,1220,30,'TD 000122','D',0,'IMAGES/02','opr03DY301.tif',0,0,'D',0,'RANGE');
INSERT INTO page VALUES (123,1,1230,31,'TD 000123','D',0,'IMAGES/02','opr03DY401.tif',0,0,'D',0,'RANGE');
INSERT INTO page VALUES (124,1,1240,32,'TD 000124','D',0,'IMAGES/02','opr03DY601.tif',0,0,'D',0,'RANGE');
INSERT INTO page VALUES (125,1,1250,33,'TD 000125','D',0,'IMAGES/02','opr03DY602.tif',0,0,'D',0,'RANGE');
INSERT INTO page VALUES (126,1,1260,34,'TD 000126','D',0,'IMAGES/02','opr03DY701.tif',0,0,'D',0,'RANGE');
INSERT INTO page VALUES (127,1,1270,34,'TD 000127','',0,'IMAGES/02','opr03DY702.tif',0,0,'',0,'NONE');
INSERT INTO page VALUES (128,1,1280,35,'TD 000128','D',0,'IMAGES/02','opr03DYA01.tif',0,0,'D',0,'RANGE');
INSERT INTO page VALUES (129,1,1290,36,'TD 000129','C',0,'IMAGES/02','opr03DYA02.tif',0,0,'C',0,'CHILD');
INSERT INTO page VALUES (130,1,1300,36,'TD 000130','',0,'IMAGES/02','opr03DYA03.tif',0,0,'',0,'NONE');
INSERT INTO page VALUES (131,1,1310,36,'TD 000131','',0,'IMAGES/02','opr03DYA04.tif',0,0,'',0,'NONE');
INSERT INTO page VALUES (132,2,10,37,'TD 200003','D',0,'IMAGES/01','opr03DWW01.tif',0,0,'D',0,'RANGE');
INSERT INTO page VALUES (133,2,20,38,'TD 200004','C',0,'IMAGES/01','opr03DWX01.tif',0,0,'C',0,'CHILD');
INSERT INTO page VALUES (134,2,30,38,'TD 200005','',0,'IMAGES/01','opr03DWX02.tif',0,0,'',0,'NONE');
INSERT INTO page VALUES (135,2,40,38,'TD 200006','',0,'IMAGES/01','opr03DWX03.tif',0,0,'',0,'NONE');
INSERT INTO page VALUES (136,2,50,38,'TD 200007','',0,'IMAGES/01','opr03DWX04.tif',0,0,'',0,'NONE');
INSERT INTO page VALUES (137,2,60,38,'TD 200008','',0,'IMAGES/01','opr03DWX05.tif',0,0,'',0,'NONE');
INSERT INTO page VALUES (138,2,70,39,'TD 200009','C',0,'IMAGES/01','opr03DWY01.tif',0,0,'C',0,'CHILD');
INSERT INTO page VALUES (139,2,80,39,'TD 200010','',0,'IMAGES/01','opr03DWY02.tif',0,0,'',0,'NONE');
INSERT INTO page VALUES (140,2,90,40,'TD 200011','D',0,'IMAGES/01','opr03DX801.tif',0,0,'D',0,'RANGE');
INSERT INTO page VALUES (141,2,100,41,'TD 200012','D',0,'IMAGES/01','opr03DXA01.tif',0,0,'D',0,'RANGE');
INSERT INTO page VALUES (142,2,110,42,'TD 200013','F',0,'IMAGES/01','opr03DXC01.tif',0,0,'F',0,'RANGE');
INSERT INTO page VALUES (143,2,120,43,'TD 200014','D',0,'IMAGES/01','opr03DXD01.tif',0,0,'D',0,'RANGE');
INSERT INTO page VALUES (144,2,130,44,'TD 200015','D',0,'IMAGES/01','opr03DXE01.tif',0,0,'D',0,'RANGE');
INSERT INTO page VALUES (145,2,140,44,'TD 200016','',0,'IMAGES/01','opr03DXE02.tif',0,0,'',0,'NONE');
INSERT INTO page VALUES (146,2,150,44,'TD 200017','',0,'IMAGES/01','opr03DXE03.tif',0,0,'',0,'NONE');
INSERT INTO page VALUES (147,2,160,45,'TD 200018','D',0,'IMAGES/01','opr03DXF01.tif',0,0,'D',0,'RANGE');
INSERT INTO page VALUES (148,2,170,46,'TD 200019','D',0,'IMAGES/01','opr03DXH01.tif',0,0,'D',0,'RANGE');
INSERT INTO page VALUES (149,2,180,46,'TD 200020','',0,'IMAGES/01','opr03DXH02.tif',0,0,'',0,'NONE');
INSERT INTO page VALUES (150,2,190,46,'TD 200021','',0,'IMAGES/01','opr03DXH03.tif',0,0,'',0,'NONE');
INSERT INTO page VALUES (151,2,200,46,'TD 200022','',0,'IMAGES/01','opr03DXH04.tif',0,0,'',0,'NONE');
INSERT INTO page VALUES (152,2,210,46,'TD 200023','',0,'IMAGES/01','opr03DXH05.tif',0,0,'',0,'NONE');
INSERT INTO page VALUES (153,2,220,46,'TD 200024','',0,'IMAGES/01','opr03DXH06.tif',0,0,'',0,'NONE');
INSERT INTO page VALUES (154,2,230,46,'TD 200025','',0,'IMAGES/01','opr03DXH07.tif',0,0,'',0,'NONE');
INSERT INTO page VALUES (155,2,240,46,'TD 200026','',0,'IMAGES/01','opr03DXH08.tif',0,0,'',0,'NONE');
INSERT INTO page VALUES (156,2,250,46,'TD 200027','',0,'IMAGES/01','opr03DXH09.tif',0,0,'',0,'NONE');
INSERT INTO page VALUES (157,2,260,46,'TD 200028','',0,'IMAGES/01','opr03DXH10.tif',0,0,'',0,'NONE');
INSERT INTO page VALUES (158,2,270,46,'TD 200029','',0,'IMAGES/01','opr03DXH11.tif',0,0,'',0,'NONE');
INSERT INTO page VALUES (159,2,280,46,'TD 200030','',0,'IMAGES/01','opr03DXH12.tif',0,0,'',0,'NONE');
INSERT INTO page VALUES (160,2,290,46,'TD 200031','',0,'IMAGES/01','opr03DXH13.tif',0,0,'',0,'NONE');
INSERT INTO page VALUES (161,2,300,46,'TD 200032','',0,'IMAGES/01','opr03DXH14.tif',0,0,'',0,'NONE');
INSERT INTO page VALUES (162,2,310,46,'TD 200033','',0,'IMAGES/01','opr03DXH15.tif',0,0,'',0,'NONE');
INSERT INTO page VALUES (163,2,320,46,'TD 200034','',0,'IMAGES/01','opr03DXh16.tif',0,0,'',0,'NONE');
INSERT INTO page VALUES (164,2,330,46,'TD 200035','',0,'IMAGES/01','opr03DXH17.tif',0,0,'',0,'NONE');
INSERT INTO page VALUES (165,2,340,46,'TD 200036','',0,'IMAGES/01','opr03DXH18.tif',0,0,'',0,'NONE');
INSERT INTO page VALUES (166,2,350,46,'TD 200037','',0,'IMAGES/01','opr03DXH19.tif',0,0,'',0,'NONE');
INSERT INTO page VALUES (167,2,360,46,'TD 200038','',0,'IMAGES/01','opr03DXH20.tif',0,0,'',0,'NONE');
INSERT INTO page VALUES (168,2,370,47,'TD 200039','F',0,'IMAGES/01','opr03DXJ01.tif',0,0,'F',0,'RANGE');
INSERT INTO page VALUES (169,2,380,48,'TD 200040','D',0,'IMAGES/01','opr03DXK01.tif',0,0,'D',0,'RANGE');
INSERT INTO page VALUES (170,2,390,49,'TD 200041','C',0,'IMAGES/01','opr03DXM01.tif',0,0,'C',0,'CHILD');
INSERT INTO page VALUES (171,2,400,49,'TD 200042','',0,'IMAGES/01','opr03DXM02.tif',0,0,'',0,'NONE');
INSERT INTO page VALUES (172,2,410,49,'TD 200043','',0,'IMAGES/01','opr03DXM03.tif',0,0,'',0,'NONE');
INSERT INTO page VALUES (173,2,420,50,'TD 200044','D',0,'IMAGES/01','opr03DXN01.tif',0,0,'D',0,'RANGE');
INSERT INTO page VALUES (174,2,430,50,'TD 200045','',0,'IMAGES/01','opr03DXN02.tif',0,0,'',0,'NONE');
INSERT INTO page VALUES (175,2,440,50,'TD 200046','',0,'IMAGES/01','opr03DXN03.tif',0,0,'',0,'NONE');
INSERT INTO page VALUES (176,2,450,50,'TD 200047','',0,'IMAGES/01','opr03DXN04.tif',0,0,'',0,'NONE');
INSERT INTO page VALUES (177,2,460,50,'TD 200048','',0,'IMAGES/01','opr03DXN05.tif',0,0,'',0,'NONE');
INSERT INTO page VALUES (178,2,470,51,'TD 200049','C',0,'IMAGES/01','opr03DXN06.tif',0,0,'C',0,'CHILD');
INSERT INTO page VALUES (179,2,480,52,'TD 200050','C',0,'IMAGES/01','opr03DXN07.tif',0,0,'C',0,'CHILD');
INSERT INTO page VALUES (180,2,490,53,'TD 200051','F',0,'IMAGES/01','opr03DXO01.tif',0,0,'F',0,'RANGE');
INSERT INTO page VALUES (181,2,500,54,'TD 200052','D',0,'IMAGES/01','opr03DXP01.tif',0,0,'D',0,'RANGE');
INSERT INTO page VALUES (182,2,510,55,'TD 200053','D',0,'IMAGES/01','opr03DXQ01.tif',0,0,'D',0,'RANGE');
INSERT INTO page VALUES (183,2,520,55,'TD 200054','',0,'IMAGES/01','opr03DXQ02.tif',0,0,'',0,'NONE');
INSERT INTO page VALUES (184,2,530,55,'TD 200055','',0,'IMAGES/01','opr03DXQ03.tif',0,0,'',0,'NONE');
INSERT INTO page VALUES (185,2,540,55,'TD 200056','',0,'IMAGES/01','opr03DXQ04.tif',0,0,'',0,'NONE');
INSERT INTO page VALUES (186,2,550,55,'TD 200057','',0,'IMAGES/01','opr03DXQ05.tif',0,0,'',0,'NONE');
INSERT INTO page VALUES (187,2,560,55,'TD 200058','',0,'IMAGES/01','opr03DXQ06.tif',0,0,'',0,'NONE');
INSERT INTO page VALUES (188,2,570,56,'TD 200059','F',0,'IMAGES/02','opr03DXR01.tif',0,0,'F',0,'RANGE');
INSERT INTO page VALUES (189,2,580,57,'TD 200060','D',0,'IMAGES/02','opr03DXS01.tif',0,0,'D',0,'RANGE');
INSERT INTO page VALUES (190,2,590,58,'TD 200061','D',0,'IMAGES/02','opr03DXT01.tif',0,0,'D',0,'RANGE');
INSERT INTO page VALUES (191,2,600,59,'TD 200062','D',0,'IMAGES/02','opr03DXV01.tif',0,0,'D',0,'RANGE');
INSERT INTO page VALUES (192,2,610,59,'TD 200063','',0,'IMAGES/02','opr03DXV02.tif',0,0,'',0,'NONE');
INSERT INTO page VALUES (193,2,620,59,'TD 200064','',0,'IMAGES/02','opr03DXV03.tif',0,0,'',0,'NONE');
INSERT INTO page VALUES (194,2,630,59,'TD 200065','',0,'IMAGES/02','opr03DXV04.tif',0,0,'',0,'NONE');
INSERT INTO page VALUES (195,2,640,59,'TD 200066','',0,'IMAGES/02','opr03DXV05.tif',0,0,'',0,'NONE');
INSERT INTO page VALUES (196,2,650,59,'TD 200067','',0,'IMAGES/02','opr03DXV06.tif',0,0,'',0,'NONE');
INSERT INTO page VALUES (197,2,660,59,'TD 200068','',0,'IMAGES/02','opr03DXV07.tif',0,0,'',0,'NONE');
INSERT INTO page VALUES (198,2,670,59,'TD 200069','',0,'IMAGES/02','opr03DXV08.tif',0,0,'',0,'NONE');
INSERT INTO page VALUES (199,2,680,60,'TD 200070','D',0,'IMAGES/02','opr03DXY01.tif',0,0,'D',0,'RANGE');
INSERT INTO page VALUES (200,2,690,60,'TD 200071','',0,'IMAGES/02','opr03DXY02.tif',0,0,'',0,'NONE');
INSERT INTO page VALUES (201,2,700,60,'TD 200072','',0,'IMAGES/02','opr03DXY03.tif',0,0,'',0,'NONE');
INSERT INTO page VALUES (202,2,710,60,'TD 200073','',0,'IMAGES/02','opr03DXY04.tif',0,0,'',0,'NONE');
INSERT INTO page VALUES (203,2,720,60,'TD 200074','',0,'IMAGES/02','opr03DXY05.tif',0,0,'',0,'NONE');
INSERT INTO page VALUES (204,2,730,61,'TD 200075','D',0,'IMAGES/02','opr03DXZ01.tif',0,0,'D',0,'RANGE');
INSERT INTO page VALUES (205,2,740,61,'TD 200076','',0,'IMAGES/02','opr03DXZ02.tif',0,0,'',0,'NONE');
INSERT INTO page VALUES (206,2,750,61,'TD 200077','',0,'IMAGES/02','opr03DXZ03.tif',0,0,'',0,'NONE');
INSERT INTO page VALUES (207,2,760,61,'TD 200078','',0,'IMAGES/02','opr03DXZ04.tif',0,0,'',0,'NONE');
INSERT INTO page VALUES (208,2,770,61,'TD 200079','',0,'IMAGES/02','opr03DXZ05.tif',0,0,'',0,'NONE');
INSERT INTO page VALUES (209,2,780,61,'TD 200080','',0,'IMAGES/02','opr03DXZ06.tif',0,0,'',0,'NONE');
INSERT INTO page VALUES (210,2,790,61,'TD 200081','',0,'IMAGES/02','opr03DXZ07.tif',0,0,'',0,'NONE');
INSERT INTO page VALUES (211,2,800,61,'TD 200082','',0,'IMAGES/02','opr03DXZ08.tif',0,0,'',0,'NONE');
INSERT INTO page VALUES (212,2,810,61,'TD 200083','',0,'IMAGES/02','opr03DXZ09.tif',0,0,'',0,'NONE');
INSERT INTO page VALUES (213,2,820,61,'TD 200084','',0,'IMAGES/02','opr03DXZ10.tif',0,0,'',0,'NONE');
INSERT INTO page VALUES (214,2,830,61,'TD 200085','',0,'IMAGES/02','opr03DXZ11.tif',0,0,'',0,'NONE');
INSERT INTO page VALUES (215,2,840,61,'TD 200086','',0,'IMAGES/02','opr03DXZ12.tif',0,0,'',0,'NONE');
INSERT INTO page VALUES (216,2,850,61,'TD 200087','',0,'IMAGES/02','opr03DXZ13.tif',0,0,'',0,'NONE');
INSERT INTO page VALUES (217,2,860,61,'TD 200088','',0,'IMAGES/02','opr03DXZ14.tif',0,0,'',0,'NONE');
INSERT INTO page VALUES (218,2,870,61,'TD 200089','',0,'IMAGES/02','opr03DXZ15.tif',0,0,'',0,'NONE');
INSERT INTO page VALUES (219,2,880,61,'TD 200090','',0,'IMAGES/02','opr03DXZ16.tif',0,0,'',0,'NONE');
INSERT INTO page VALUES (220,2,890,61,'TD 200091','',0,'IMAGES/02','opr03DXZ17.tif',0,0,'',0,'NONE');
INSERT INTO page VALUES (221,2,900,61,'TD 200092','',0,'IMAGES/02','opr03DXZ18.tif',0,0,'',0,'NONE');
INSERT INTO page VALUES (222,2,910,61,'TD 200093','',0,'IMAGES/02','opr03DXZ19.tif',0,0,'',0,'NONE');
INSERT INTO page VALUES (223,2,920,61,'TD 200094','',0,'IMAGES/02','opr03DXZ20.tif',0,0,'',0,'NONE');
INSERT INTO page VALUES (224,2,930,61,'TD 200095','',0,'IMAGES/02','opr03DXZ21.tif',0,0,'',0,'NONE');
INSERT INTO page VALUES (225,2,940,61,'TD 200096','',0,'IMAGES/02','opr03DXZ22.tif',0,0,'',0,'NONE');
INSERT INTO page VALUES (226,2,950,61,'TD 200097','',0,'IMAGES/02','opr03DXZ23.tif',0,0,'',0,'NONE');
INSERT INTO page VALUES (227,2,960,61,'TD 200098','',0,'IMAGES/02','opr03DXZ24.tif',0,0,'',0,'NONE');
INSERT INTO page VALUES (228,2,970,61,'TD 200099','',0,'IMAGES/02','opr03DXZ25.tif',0,0,'',0,'NONE');
INSERT INTO page VALUES (229,2,980,61,'TD 200100','',0,'IMAGES/02','opr03DXZ26.tif',0,0,'',0,'NONE');
INSERT INTO page VALUES (230,2,990,61,'TD 200101','',0,'IMAGES/02','opr03DXZ27.tif',0,0,'',0,'NONE');
INSERT INTO page VALUES (231,2,1000,61,'TD 200102','',0,'IMAGES/02','opr03DXZ28.tif',0,0,'',0,'NONE');
INSERT INTO page VALUES (232,2,1010,61,'TD 200103','',0,'IMAGES/02','opr03DXZ29.tif',0,0,'',0,'NONE');
INSERT INTO page VALUES (233,2,1020,61,'TD 200104','',0,'IMAGES/02','opr03DXZ30.tif',0,0,'',0,'NONE');
INSERT INTO page VALUES (234,2,1030,61,'TD 200105','',0,'IMAGES/02','opr03DXZ31.tif',0,0,'',0,'NONE');
INSERT INTO page VALUES (235,2,1040,61,'TD 200106','',0,'IMAGES/02','opr03DXZ32.tif',0,0,'',0,'NONE');
INSERT INTO page VALUES (236,2,1050,61,'TD 200107','',0,'IMAGES/02','opr03DXZ33.tif',0,0,'',0,'NONE');
INSERT INTO page VALUES (237,2,1060,61,'TD 200108','',0,'IMAGES/02','opr03DXZ34.tif',0,0,'',0,'NONE');
INSERT INTO page VALUES (238,2,1070,61,'TD 200109','',0,'IMAGES/02','opr03DXZ35.tif',0,0,'',0,'NONE');
INSERT INTO page VALUES (239,2,1080,61,'TD 200110','',0,'IMAGES/02','opr03DXZ36.tif',0,0,'',0,'NONE');
INSERT INTO page VALUES (240,2,1090,61,'TD 200111','',0,'IMAGES/02','opr03DXZ37.tif',0,0,'',0,'NONE');
INSERT INTO page VALUES (241,2,1100,61,'TD 200112','',0,'IMAGES/02','opr03DXZ38.tif',0,0,'',0,'NONE');
INSERT INTO page VALUES (242,2,1110,61,'TD 200113','',0,'IMAGES/02','opr03DXZ39.tif',0,0,'',0,'NONE');
INSERT INTO page VALUES (243,2,1120,61,'TD 200114','',0,'IMAGES/02','opr03DXZ40.tif',0,0,'',0,'NONE');
INSERT INTO page VALUES (244,2,1130,61,'TD 200115','',0,'IMAGES/02','opr03DXZ41.tif',0,0,'',0,'NONE');
INSERT INTO page VALUES (245,2,1140,61,'TD 200116','',0,'IMAGES/02','opr03DXZ42.tif',0,0,'',0,'NONE');
INSERT INTO page VALUES (246,2,1150,61,'TD 200117','',0,'IMAGES/02','opr03DXZ43.tif',0,0,'',0,'NONE');
INSERT INTO page VALUES (247,2,1160,61,'TD 200118','',0,'IMAGES/02','opr03DXZ44.tif',0,0,'',0,'NONE');
INSERT INTO page VALUES (248,2,1170,61,'TD 200119','',0,'IMAGES/02','opr03DXZ45.tif',0,0,'',0,'NONE');
INSERT INTO page VALUES (249,2,1180,62,'TD 200120','F',0,'IMAGES/02','opr03DY001.tif',0,0,'F',0,'RANGE');
INSERT INTO page VALUES (250,2,1190,63,'TD 200121','D',0,'IMAGES/02','opr03DY101.tif',0,0,'D',0,'RANGE');
INSERT INTO page VALUES (251,2,1200,64,'TD 200122','D',0,'IMAGES/02','opr03DY301.tif',0,0,'D',0,'RANGE');
INSERT INTO page VALUES (252,2,1210,65,'TD 200123','D',0,'IMAGES/02','opr03DY401.tif',0,0,'D',0,'RANGE');
INSERT INTO page VALUES (253,2,1220,66,'TD 200124','D',0,'IMAGES/02','opr03DY601.tif',0,0,'D',0,'RANGE');
INSERT INTO page VALUES (254,2,1230,67,'TD 200125','D',0,'IMAGES/02','opr03DY602.tif',0,0,'D',0,'RANGE');
INSERT INTO page VALUES (255,2,1240,68,'TD 200126','D',0,'IMAGES/02','opr03DY701.tif',0,0,'D',0,'RANGE');
INSERT INTO page VALUES (256,2,1250,68,'TD 200127','',0,'IMAGES/02','opr03DY702.tif',0,0,'',0,'NONE');
INSERT INTO page VALUES (257,2,1260,69,'TD 200128','D',0,'IMAGES/02','opr03DYA01.tif',0,0,'D',0,'RANGE');
INSERT INTO page VALUES (258,2,1270,70,'TD 200129','C',0,'IMAGES/02','opr03DYA02.tif',0,0,'C',0,'CHILD');
INSERT INTO page VALUES (259,2,1280,70,'TD 200130','',0,'IMAGES/02','opr03DYA03.tif',0,0,'',0,'NONE');
INSERT INTO page VALUES (260,2,1290,70,'TD 200131','',0,'IMAGES/02','opr03DYA04.tif',0,0,'',0,'NONE');
INSERT INTO page VALUES (261,3,10,71,'TD 300003','D',0,'IMAGES/01','opr03DWW01.tif',0,0,'D',0,'RANGE');
INSERT INTO page VALUES (262,3,20,72,'TD 300004','C',0,'IMAGES/01','opr03DWX01.tif',0,0,'C',0,'CHILD');
INSERT INTO page VALUES (263,3,30,72,'TD 300005','',0,'IMAGES/01','opr03DWX02.tif',0,0,'',0,'NONE');
INSERT INTO page VALUES (264,3,40,72,'TD 300006','',0,'IMAGES/01','opr03DWX03.tif',0,0,'',0,'NONE');
INSERT INTO page VALUES (265,3,50,72,'TD 300007','',0,'IMAGES/01','opr03DWX04.tif',0,0,'',0,'NONE');
INSERT INTO page VALUES (266,3,60,72,'TD 300008','',0,'IMAGES/01','opr03DWX05.tif',0,0,'',0,'NONE');
INSERT INTO page VALUES (267,3,70,73,'TD 300009','C',0,'IMAGES/01','opr03DWY01.tif',0,0,'C',0,'CHILD');
INSERT INTO page VALUES (268,3,80,73,'TD 300010','',0,'IMAGES/01','opr03DWY02.tif',0,0,'',0,'NONE');
INSERT INTO page VALUES (269,3,90,74,'TD 300011','D',0,'IMAGES/01','opr03DX801.tif',0,0,'D',0,'RANGE');
INSERT INTO page VALUES (270,3,100,75,'TD 300012','D',0,'IMAGES/01','opr03DXA01.tif',0,0,'D',0,'RANGE');
INSERT INTO page VALUES (271,3,110,76,'TD 300013','F',0,'IMAGES/01','opr03DXC01.tif',0,0,'F',0,'RANGE');
INSERT INTO page VALUES (272,3,120,77,'TD 300014','D',0,'IMAGES/01','opr03DXD01.tif',0,0,'D',0,'RANGE');
INSERT INTO page VALUES (273,3,130,78,'TD 300015','D',0,'IMAGES/01','opr03DXE01.tif',0,0,'D',0,'RANGE');
INSERT INTO page VALUES (274,3,140,78,'TD 300016','',0,'IMAGES/01','opr03DXE02.tif',0,0,'',0,'NONE');
INSERT INTO page VALUES (275,3,150,78,'TD 300017','',0,'IMAGES/01','opr03DXE03.tif',0,0,'',0,'NONE');
INSERT INTO page VALUES (276,3,160,79,'TD 300018','D',0,'IMAGES/01','opr03DXF01.tif',0,0,'D',0,'RANGE');
INSERT INTO page VALUES (277,3,170,80,'TD 300019','D',0,'IMAGES/01','opr03DXH01.tif',0,0,'D',0,'RANGE');
INSERT INTO page VALUES (278,3,180,80,'TD 300020','',0,'IMAGES/01','opr03DXH02.tif',0,0,'',0,'NONE');
INSERT INTO page VALUES (279,3,190,80,'TD 300021','',0,'IMAGES/01','opr03DXH03.tif',0,0,'',0,'NONE');
INSERT INTO page VALUES (280,3,200,80,'TD 300022','',0,'IMAGES/01','opr03DXH04.tif',0,0,'',0,'NONE');
INSERT INTO page VALUES (281,3,210,80,'TD 300023','',0,'IMAGES/01','opr03DXH05.tif',0,0,'',0,'NONE');
INSERT INTO page VALUES (282,3,220,80,'TD 300024','',0,'IMAGES/01','opr03DXH06.tif',0,0,'',0,'NONE');
INSERT INTO page VALUES (283,3,230,80,'TD 300025','',0,'IMAGES/01','opr03DXH07.tif',0,0,'',0,'NONE');
INSERT INTO page VALUES (284,3,240,80,'TD 300026','',0,'IMAGES/01','opr03DXH08.tif',0,0,'',0,'NONE');
INSERT INTO page VALUES (285,3,250,80,'TD 300027','',0,'IMAGES/01','opr03DXH09.tif',0,0,'',0,'NONE');
INSERT INTO page VALUES (286,3,260,80,'TD 300028','',0,'IMAGES/01','opr03DXH10.tif',0,0,'',0,'NONE');
INSERT INTO page VALUES (287,3,270,80,'TD 300029','',0,'IMAGES/01','opr03DXH11.tif',0,0,'',0,'NONE');
INSERT INTO page VALUES (288,3,280,80,'TD 300030','',0,'IMAGES/01','opr03DXH12.tif',0,0,'',0,'NONE');
INSERT INTO page VALUES (289,3,290,80,'TD 300031','',0,'IMAGES/01','opr03DXH13.tif',0,0,'',0,'NONE');
INSERT INTO page VALUES (290,3,300,80,'TD 300032','',0,'IMAGES/01','opr03DXH14.tif',0,0,'',0,'NONE');
INSERT INTO page VALUES (291,3,310,80,'TD 300033','',0,'IMAGES/01','opr03DXH15.tif',0,0,'',0,'NONE');
INSERT INTO page VALUES (292,3,320,80,'TD 300034','',0,'IMAGES/01','opr03DXh16.tif',0,0,'',0,'NONE');
INSERT INTO page VALUES (293,3,330,80,'TD 300035','',0,'IMAGES/01','opr03DXH17.tif',0,0,'',0,'NONE');
INSERT INTO page VALUES (294,3,340,80,'TD 300036','',0,'IMAGES/01','opr03DXH18.tif',0,0,'',0,'NONE');
INSERT INTO page VALUES (295,3,350,80,'TD 300037','',0,'IMAGES/01','opr03DXH19.tif',0,0,'',0,'NONE');
INSERT INTO page VALUES (296,3,360,80,'TD 300038','',0,'IMAGES/01','opr03DXH20.tif',0,0,'',0,'NONE');
INSERT INTO page VALUES (297,3,370,81,'TD 300039','F',0,'IMAGES/01','opr03DXJ01.tif',0,0,'F',0,'RANGE');
INSERT INTO page VALUES (298,3,380,82,'TD 300040','D',0,'IMAGES/01','opr03DXK01.tif',0,0,'D',0,'RANGE');
INSERT INTO page VALUES (299,3,390,83,'TD 300041','C',0,'IMAGES/01','opr03DXM01.tif',0,0,'C',0,'CHILD');
INSERT INTO page VALUES (300,3,400,83,'TD 300042','',0,'IMAGES/01','opr03DXM02.tif',0,0,'',0,'NONE');
INSERT INTO page VALUES (301,3,410,83,'TD 300043','',0,'IMAGES/01','opr03DXM03.tif',0,0,'',0,'NONE');
INSERT INTO page VALUES (302,3,420,84,'TD 300044','D',0,'IMAGES/01','opr03DXN01.tif',0,0,'D',0,'RANGE');
INSERT INTO page VALUES (303,3,430,84,'TD 300045','',0,'IMAGES/01','opr03DXN02.tif',0,0,'',0,'NONE');
INSERT INTO page VALUES (304,3,440,84,'TD 300046','',0,'IMAGES/01','opr03DXN03.tif',0,0,'',0,'NONE');
INSERT INTO page VALUES (305,3,450,84,'TD 300047','',0,'IMAGES/01','opr03DXN04.tif',0,0,'',0,'NONE');
INSERT INTO page VALUES (306,3,460,84,'TD 300048','',0,'IMAGES/01','opr03DXN05.tif',0,0,'',0,'NONE');
INSERT INTO page VALUES (307,3,470,85,'TD 300049','C',0,'IMAGES/01','opr03DXN06.tif',0,0,'C',0,'CHILD');
INSERT INTO page VALUES (308,3,480,86,'TD 300050','C',0,'IMAGES/01','opr03DXN07.tif',0,0,'C',0,'CHILD');
INSERT INTO page VALUES (309,3,490,87,'TD 300051','F',0,'IMAGES/01','opr03DXO01.tif',0,0,'F',0,'RANGE');
INSERT INTO page VALUES (310,3,500,88,'TD 300052','D',0,'IMAGES/01','opr03DXP01.tif',0,0,'D',0,'RANGE');
INSERT INTO page VALUES (311,3,510,89,'TD 300053','D',0,'IMAGES/01','opr03DXQ01.tif',0,0,'D',0,'RANGE');
INSERT INTO page VALUES (312,3,520,89,'TD 300054','',0,'IMAGES/01','opr03DXQ02.tif',0,0,'',0,'NONE');
INSERT INTO page VALUES (313,3,530,89,'TD 300055','',0,'IMAGES/01','opr03DXQ03.tif',0,0,'',0,'NONE');
INSERT INTO page VALUES (314,3,540,89,'TD 300056','',0,'IMAGES/01','opr03DXQ04.tif',0,0,'',0,'NONE');
INSERT INTO page VALUES (315,3,550,89,'TD 300057','',0,'IMAGES/01','opr03DXQ05.tif',0,0,'',0,'NONE');
INSERT INTO page VALUES (316,3,560,89,'TD 300058','',0,'IMAGES/01','opr03DXQ06.tif',0,0,'',0,'NONE');
INSERT INTO page VALUES (317,3,570,90,'TD 300059','F',0,'IMAGES/02','opr03DXR01.tif',0,0,'F',0,'RANGE');
INSERT INTO page VALUES (318,3,580,91,'TD 300060','D',0,'IMAGES/02','opr03DXS01.tif',0,0,'D',0,'RANGE');
INSERT INTO page VALUES (319,3,590,92,'TD 300061','D',0,'IMAGES/02','opr03DXT01.tif',0,0,'D',0,'RANGE');
INSERT INTO page VALUES (320,3,600,93,'TD 300062','D',0,'IMAGES/02','opr03DXV01.tif',0,0,'D',0,'RANGE');
INSERT INTO page VALUES (321,3,610,93,'TD 300063','',0,'IMAGES/02','opr03DXV02.tif',0,0,'',0,'NONE');
INSERT INTO page VALUES (322,3,620,93,'TD 300064','',0,'IMAGES/02','opr03DXV03.tif',0,0,'',0,'NONE');
INSERT INTO page VALUES (323,3,630,93,'TD 300065','',0,'IMAGES/02','opr03DXV04.tif',0,0,'',0,'NONE');
INSERT INTO page VALUES (324,3,640,93,'TD 300066','',0,'IMAGES/02','opr03DXV05.tif',0,0,'',0,'NONE');
INSERT INTO page VALUES (325,3,650,93,'TD 300067','',0,'IMAGES/02','opr03DXV06.tif',0,0,'',0,'NONE');
INSERT INTO page VALUES (326,3,660,93,'TD 300068','',0,'IMAGES/02','opr03DXV07.tif',0,0,'',0,'NONE');
INSERT INTO page VALUES (327,3,670,93,'TD 300069','',0,'IMAGES/02','opr03DXV08.tif',0,0,'',0,'NONE');
INSERT INTO page VALUES (328,3,680,94,'TD 300070','D',0,'IMAGES/02','opr03DXY01.tif',0,0,'D',0,'RANGE');
INSERT INTO page VALUES (329,3,690,94,'TD 300071','',0,'IMAGES/02','opr03DXY02.tif',0,0,'',0,'NONE');
INSERT INTO page VALUES (330,3,700,94,'TD 300072','',0,'IMAGES/02','opr03DXY03.tif',0,0,'',0,'NONE');
INSERT INTO page VALUES (331,3,710,94,'TD 300073','',0,'IMAGES/02','opr03DXY04.tif',0,0,'',0,'NONE');
INSERT INTO page VALUES (332,3,720,94,'TD 300074','',0,'IMAGES/02','opr03DXY05.tif',0,0,'',0,'NONE');
INSERT INTO page VALUES (333,3,730,95,'TD 300075','D',0,'IMAGES/02','opr03DXZ01.tif',0,0,'D',0,'RANGE');
INSERT INTO page VALUES (334,3,740,95,'TD 300076','',0,'IMAGES/02','opr03DXZ02.tif',0,0,'',0,'NONE');
INSERT INTO page VALUES (335,3,750,95,'TD 300077','',0,'IMAGES/02','opr03DXZ03.tif',0,0,'',0,'NONE');
INSERT INTO page VALUES (336,3,760,95,'TD 300078','',0,'IMAGES/02','opr03DXZ04.tif',0,0,'',0,'NONE');
INSERT INTO page VALUES (337,3,770,95,'TD 300079','',0,'IMAGES/02','opr03DXZ05.tif',0,0,'',0,'NONE');
INSERT INTO page VALUES (338,3,780,95,'TD 300080','',0,'IMAGES/02','opr03DXZ06.tif',0,0,'',0,'NONE');
INSERT INTO page VALUES (339,3,790,95,'TD 300081','',0,'IMAGES/02','opr03DXZ07.tif',0,0,'',0,'NONE');
INSERT INTO page VALUES (340,3,800,95,'TD 300082','',0,'IMAGES/02','opr03DXZ08.tif',0,0,'',0,'NONE');
INSERT INTO page VALUES (341,3,810,95,'TD 300083','',0,'IMAGES/02','opr03DXZ09.tif',0,0,'',0,'NONE');
INSERT INTO page VALUES (342,3,820,95,'TD 300084','',0,'IMAGES/02','opr03DXZ10.tif',0,0,'',0,'NONE');
INSERT INTO page VALUES (343,3,830,95,'TD 300085','',0,'IMAGES/02','opr03DXZ11.tif',0,0,'',0,'NONE');
INSERT INTO page VALUES (344,3,840,95,'TD 300086','',0,'IMAGES/02','opr03DXZ12.tif',0,0,'',0,'NONE');
INSERT INTO page VALUES (345,3,850,95,'TD 300087','',0,'IMAGES/02','opr03DXZ13.tif',0,0,'',0,'NONE');
INSERT INTO page VALUES (346,3,860,95,'TD 300088','',0,'IMAGES/02','opr03DXZ14.tif',0,0,'',0,'NONE');
INSERT INTO page VALUES (347,3,870,95,'TD 300089','',0,'IMAGES/02','opr03DXZ15.tif',0,0,'',0,'NONE');
INSERT INTO page VALUES (348,3,880,95,'TD 300090','',0,'IMAGES/02','opr03DXZ16.tif',0,0,'',0,'NONE');
INSERT INTO page VALUES (349,3,890,95,'TD 300091','',0,'IMAGES/02','opr03DXZ17.tif',0,0,'',0,'NONE');
INSERT INTO page VALUES (350,3,900,95,'TD 300092','',0,'IMAGES/02','opr03DXZ18.tif',0,0,'',0,'NONE');
INSERT INTO page VALUES (351,3,910,95,'TD 300093','',0,'IMAGES/02','opr03DXZ19.tif',0,0,'',0,'NONE');
INSERT INTO page VALUES (352,3,920,95,'TD 300094','',0,'IMAGES/02','opr03DXZ20.tif',0,0,'',0,'NONE');
INSERT INTO page VALUES (353,3,930,95,'TD 300095','',0,'IMAGES/02','opr03DXZ21.tif',0,0,'',0,'NONE');
INSERT INTO page VALUES (354,3,940,95,'TD 300096','',0,'IMAGES/02','opr03DXZ22.tif',0,0,'',0,'NONE');
INSERT INTO page VALUES (355,3,950,95,'TD 300097','',0,'IMAGES/02','opr03DXZ23.tif',0,0,'',0,'NONE');
INSERT INTO page VALUES (356,3,960,95,'TD 300098','',0,'IMAGES/02','opr03DXZ24.tif',0,0,'',0,'NONE');
INSERT INTO page VALUES (357,3,970,95,'TD 300099','',0,'IMAGES/02','opr03DXZ25.tif',0,0,'',0,'NONE');
INSERT INTO page VALUES (358,3,980,95,'TD 300100','',0,'IMAGES/02','opr03DXZ26.tif',0,0,'',0,'NONE');
INSERT INTO page VALUES (359,3,990,95,'TD 300101','',0,'IMAGES/02','opr03DXZ27.tif',0,0,'',0,'NONE');
INSERT INTO page VALUES (360,3,1000,95,'TD 300102','',0,'IMAGES/02','opr03DXZ28.tif',0,0,'',0,'NONE');
INSERT INTO page VALUES (361,3,1010,95,'TD 300103','',0,'IMAGES/02','opr03DXZ29.tif',0,0,'',0,'NONE');
INSERT INTO page VALUES (362,3,1020,95,'TD 300104','',0,'IMAGES/02','opr03DXZ30.tif',0,0,'',0,'NONE');
INSERT INTO page VALUES (363,3,1030,95,'TD 300105','',0,'IMAGES/02','opr03DXZ31.tif',0,0,'',0,'NONE');
INSERT INTO page VALUES (364,3,1040,95,'TD 300106','',0,'IMAGES/02','opr03DXZ32.tif',0,0,'',0,'NONE');
INSERT INTO page VALUES (365,3,1050,95,'TD 300107','',0,'IMAGES/02','opr03DXZ33.tif',0,0,'',0,'NONE');
INSERT INTO page VALUES (366,3,1060,95,'TD 300108','',0,'IMAGES/02','opr03DXZ34.tif',0,0,'',0,'NONE');
INSERT INTO page VALUES (367,3,1070,95,'TD 300109','',0,'IMAGES/02','opr03DXZ35.tif',0,0,'',0,'NONE');
INSERT INTO page VALUES (368,3,1080,95,'TD 300110','',0,'IMAGES/02','opr03DXZ36.tif',0,0,'',0,'NONE');
INSERT INTO page VALUES (369,3,1090,95,'TD 300111','',0,'IMAGES/02','opr03DXZ37.tif',0,0,'',0,'NONE');
INSERT INTO page VALUES (370,3,1100,95,'TD 300112','',0,'IMAGES/02','opr03DXZ38.tif',0,0,'',0,'NONE');
INSERT INTO page VALUES (371,3,1110,95,'TD 300113','',0,'IMAGES/02','opr03DXZ39.tif',0,0,'',0,'NONE');
INSERT INTO page VALUES (372,3,1120,95,'TD 300114','',0,'IMAGES/02','opr03DXZ40.tif',0,0,'',0,'NONE');
INSERT INTO page VALUES (373,3,1130,95,'TD 300115','',0,'IMAGES/02','opr03DXZ41.tif',0,0,'',0,'NONE');
INSERT INTO page VALUES (374,3,1140,95,'TD 300116','',0,'IMAGES/02','opr03DXZ42.tif',0,0,'',0,'NONE');
INSERT INTO page VALUES (375,3,1150,95,'TD 300117','',0,'IMAGES/02','opr03DXZ43.tif',0,0,'',0,'NONE');
INSERT INTO page VALUES (376,3,1160,95,'TD 300118','',0,'IMAGES/02','opr03DXZ44.tif',0,0,'',0,'NONE');
INSERT INTO page VALUES (377,3,1170,95,'TD 300119','',0,'IMAGES/02','opr03DXZ45.tif',0,0,'',0,'NONE');
INSERT INTO page VALUES (378,3,1180,96,'TD 300120','F',0,'IMAGES/02','opr03DY001.tif',0,0,'F',0,'RANGE');
INSERT INTO page VALUES (379,3,1190,97,'TD 300121','D',0,'IMAGES/02','opr03DY101.tif',0,0,'D',0,'RANGE');
INSERT INTO page VALUES (380,3,1200,98,'TD 300122','D',0,'IMAGES/02','opr03DY301.tif',0,0,'D',0,'RANGE');
INSERT INTO page VALUES (381,3,1210,99,'TD 300123','D',0,'IMAGES/02','opr03DY401.tif',0,0,'D',0,'RANGE');
INSERT INTO page VALUES (382,3,1220,100,'TD 300124','D',0,'IMAGES/02','opr03DY601.tif',0,0,'D',0,'RANGE');
INSERT INTO page VALUES (383,3,1230,101,'TD 300125','D',0,'IMAGES/02','opr03DY602.tif',0,0,'D',0,'RANGE');
INSERT INTO page VALUES (384,3,1240,102,'TD 300126','D',0,'IMAGES/02','opr03DY701.tif',0,0,'D',0,'RANGE');
INSERT INTO page VALUES (385,3,1250,102,'TD 300127','',0,'IMAGES/02','opr03DY702.tif',0,0,'',0,'NONE');
INSERT INTO page VALUES (386,3,1260,103,'TD 300128','D',0,'IMAGES/02','opr03DYA01.tif',0,0,'D',0,'RANGE');
INSERT INTO page VALUES (387,3,1270,104,'TD 300129','C',0,'IMAGES/02','opr03DYA02.tif',0,0,'C',0,'CHILD');
INSERT INTO page VALUES (388,3,1280,104,'TD 300130','',0,'IMAGES/02','opr03DYA03.tif',0,0,'',0,'NONE');
INSERT INTO page VALUES (389,3,1290,104,'TD 300131','',0,'IMAGES/02','opr03DYA04.tif',0,0,'',0,'NONE');
INSERT INTO page VALUES (390,4,10,105,'TD 400003','D',0,'IMAGES/01','opr03DWW01.tif',0,0,'D',0,'RANGE');
INSERT INTO page VALUES (391,4,20,106,'TD 400004','C',0,'IMAGES/01','opr03DWX01.tif',0,0,'C',0,'CHILD');
INSERT INTO page VALUES (392,4,30,106,'TD 400005','',0,'IMAGES/01','opr03DWX02.tif',0,0,'',0,'NONE');
INSERT INTO page VALUES (393,4,40,106,'TD 400006','',0,'IMAGES/01','opr03DWX03.tif',0,0,'',0,'NONE');
INSERT INTO page VALUES (394,4,50,106,'TD 400007','',0,'IMAGES/01','opr03DWX04.tif',0,0,'',0,'NONE');
INSERT INTO page VALUES (395,4,60,106,'TD 400008','',0,'IMAGES/01','opr03DWX05.tif',0,0,'',0,'NONE');
INSERT INTO page VALUES (396,4,70,107,'TD 400009','C',0,'IMAGES/01','opr03DWY01.tif',0,0,'C',0,'CHILD');
INSERT INTO page VALUES (397,4,80,107,'TD 400010','',0,'IMAGES/01','opr03DWY02.tif',0,0,'',0,'NONE');
INSERT INTO page VALUES (398,4,90,108,'TD 400011','D',0,'IMAGES/01','opr03DX801.tif',0,0,'D',0,'RANGE');
INSERT INTO page VALUES (399,4,100,109,'TD 400012','D',0,'IMAGES/01','opr03DXA01.tif',0,0,'D',0,'RANGE');
INSERT INTO page VALUES (400,4,110,110,'TD 400013','F',0,'IMAGES/01','opr03DXC01.tif',0,0,'F',0,'RANGE');
INSERT INTO page VALUES (401,4,120,111,'TD 400014','D',0,'IMAGES/01','opr03DXD01.tif',0,0,'D',0,'RANGE');
INSERT INTO page VALUES (402,4,130,112,'TD 400015','D',0,'IMAGES/01','opr03DXE01.tif',0,0,'D',0,'RANGE');
INSERT INTO page VALUES (403,4,140,112,'TD 400016','',0,'IMAGES/01','opr03DXE02.tif',0,0,'',0,'NONE');
INSERT INTO page VALUES (404,4,150,112,'TD 400017','',0,'IMAGES/01','opr03DXE03.tif',0,0,'',0,'NONE');
INSERT INTO page VALUES (405,4,160,113,'TD 400018','D',0,'IMAGES/01','opr03DXF01.tif',0,0,'D',0,'RANGE');
INSERT INTO page VALUES (406,4,170,114,'TD 400019','D',0,'IMAGES/01','opr03DXH01.tif',0,0,'D',0,'RANGE');
INSERT INTO page VALUES (407,4,180,114,'TD 400020','',0,'IMAGES/01','opr03DXH02.tif',0,0,'',0,'NONE');
INSERT INTO page VALUES (408,4,190,114,'TD 400021','',0,'IMAGES/01','opr03DXH03.tif',0,0,'',0,'NONE');
INSERT INTO page VALUES (409,4,200,114,'TD 400022','',0,'IMAGES/01','opr03DXH04.tif',0,0,'',0,'NONE');
INSERT INTO page VALUES (410,4,210,114,'TD 400023','',0,'IMAGES/01','opr03DXH05.tif',0,0,'',0,'NONE');
INSERT INTO page VALUES (411,4,220,114,'TD 400024','',0,'IMAGES/01','opr03DXH06.tif',0,0,'',0,'NONE');
INSERT INTO page VALUES (412,4,230,114,'TD 400025','',0,'IMAGES/01','opr03DXH07.tif',0,0,'',0,'NONE');
INSERT INTO page VALUES (413,4,240,114,'TD 400026','',0,'IMAGES/01','opr03DXH08.tif',0,0,'',0,'NONE');
INSERT INTO page VALUES (414,4,250,114,'TD 400027','',0,'IMAGES/01','opr03DXH09.tif',0,0,'',0,'NONE');
INSERT INTO page VALUES (415,4,260,114,'TD 400028','',0,'IMAGES/01','opr03DXH10.tif',0,0,'',0,'NONE');
INSERT INTO page VALUES (416,4,270,114,'TD 400029','',0,'IMAGES/01','opr03DXH11.tif',0,0,'',0,'NONE');
INSERT INTO page VALUES (417,4,280,114,'TD 400030','',0,'IMAGES/01','opr03DXH12.tif',0,0,'',0,'NONE');
INSERT INTO page VALUES (418,4,290,114,'TD 400031','',0,'IMAGES/01','opr03DXH13.tif',0,0,'',0,'NONE');
INSERT INTO page VALUES (419,4,300,114,'TD 400032','',0,'IMAGES/01','opr03DXH14.tif',0,0,'',0,'NONE');
INSERT INTO page VALUES (420,4,310,114,'TD 400033','',0,'IMAGES/01','opr03DXH15.tif',0,0,'',0,'NONE');
INSERT INTO page VALUES (421,4,320,114,'TD 400034','',0,'IMAGES/01','opr03DXh16.tif',0,0,'',0,'NONE');
INSERT INTO page VALUES (422,4,330,114,'TD 400035','',0,'IMAGES/01','opr03DXH17.tif',0,0,'',0,'NONE');
INSERT INTO page VALUES (423,4,340,114,'TD 400036','',0,'IMAGES/01','opr03DXH18.tif',0,0,'',0,'NONE');
INSERT INTO page VALUES (424,4,350,114,'TD 400037','',0,'IMAGES/01','opr03DXH19.tif',0,0,'',0,'NONE');
INSERT INTO page VALUES (425,4,360,114,'TD 400038','',0,'IMAGES/01','opr03DXH20.tif',0,0,'',0,'NONE');
INSERT INTO page VALUES (426,4,370,115,'TD 400039','F',0,'IMAGES/01','opr03DXJ01.tif',0,0,'F',0,'RANGE');
INSERT INTO page VALUES (427,4,380,116,'TD 400040','D',0,'IMAGES/01','opr03DXK01.tif',0,0,'D',0,'RANGE');
INSERT INTO page VALUES (428,4,390,117,'TD 400041','C',0,'IMAGES/01','opr03DXM01.tif',0,0,'C',0,'CHILD');
INSERT INTO page VALUES (429,4,400,117,'TD 400042','',0,'IMAGES/01','opr03DXM02.tif',0,0,'',0,'NONE');
INSERT INTO page VALUES (430,4,410,117,'TD 400043','',0,'IMAGES/01','opr03DXM03.tif',0,0,'',0,'NONE');
INSERT INTO page VALUES (431,4,420,118,'TD 400044','D',0,'IMAGES/01','opr03DXN01.tif',0,0,'D',0,'RANGE');
INSERT INTO page VALUES (432,4,430,118,'TD 400045','',0,'IMAGES/01','opr03DXN02.tif',0,0,'',0,'NONE');
INSERT INTO page VALUES (433,4,440,118,'TD 400046','',0,'IMAGES/01','opr03DXN03.tif',0,0,'',0,'NONE');
INSERT INTO page VALUES (434,4,450,118,'TD 400047','',0,'IMAGES/01','opr03DXN04.tif',0,0,'',0,'NONE');
INSERT INTO page VALUES (435,4,460,118,'TD 400048','',0,'IMAGES/01','opr03DXN05.tif',0,0,'',0,'NONE');
INSERT INTO page VALUES (436,4,470,119,'TD 400049','C',0,'IMAGES/01','opr03DXN06.tif',0,0,'C',0,'CHILD');
INSERT INTO page VALUES (437,4,480,120,'TD 400050','C',0,'IMAGES/01','opr03DXN07.tif',0,0,'C',0,'CHILD');
INSERT INTO page VALUES (438,4,490,121,'TD 400051','F',0,'IMAGES/01','opr03DXO01.tif',0,0,'F',0,'RANGE');
INSERT INTO page VALUES (439,4,500,122,'TD 400052','D',0,'IMAGES/01','opr03DXP01.tif',0,0,'D',0,'RANGE');
INSERT INTO page VALUES (440,4,510,123,'TD 400053','D',0,'IMAGES/01','opr03DXQ01.tif',0,0,'D',0,'RANGE');
INSERT INTO page VALUES (441,4,520,123,'TD 400054','',0,'IMAGES/01','opr03DXQ02.tif',0,0,'',0,'NONE');
INSERT INTO page VALUES (442,4,530,123,'TD 400055','',0,'IMAGES/01','opr03DXQ03.tif',0,0,'',0,'NONE');
INSERT INTO page VALUES (443,4,540,123,'TD 400056','',0,'IMAGES/01','opr03DXQ04.tif',0,0,'',0,'NONE');
INSERT INTO page VALUES (444,4,550,123,'TD 400057','',0,'IMAGES/01','opr03DXQ05.tif',0,0,'',0,'NONE');
INSERT INTO page VALUES (445,4,560,123,'TD 400058','',0,'IMAGES/01','opr03DXQ06.tif',0,0,'',0,'NONE');
INSERT INTO page VALUES (446,4,570,124,'TD 400059','F',0,'IMAGES/02','opr03DXR01.tif',0,0,'F',0,'RANGE');
INSERT INTO page VALUES (447,4,580,125,'TD 400060','D',0,'IMAGES/02','opr03DXS01.tif',0,0,'D',0,'RANGE');
INSERT INTO page VALUES (448,4,590,126,'TD 400061','D',0,'IMAGES/02','opr03DXT01.tif',0,0,'D',0,'RANGE');
INSERT INTO page VALUES (449,4,600,127,'TD 400062','D',0,'IMAGES/02','opr03DXV01.tif',0,0,'D',0,'RANGE');
INSERT INTO page VALUES (450,4,610,127,'TD 400063','',0,'IMAGES/02','opr03DXV02.tif',0,0,'',0,'NONE');
INSERT INTO page VALUES (451,4,620,127,'TD 400064','',0,'IMAGES/02','opr03DXV03.tif',0,0,'',0,'NONE');
INSERT INTO page VALUES (452,4,630,127,'TD 400065','',0,'IMAGES/02','opr03DXV04.tif',0,0,'',0,'NONE');
INSERT INTO page VALUES (453,4,640,127,'TD 400066','',0,'IMAGES/02','opr03DXV05.tif',0,0,'',0,'NONE');
INSERT INTO page VALUES (454,4,650,127,'TD 400067','',0,'IMAGES/02','opr03DXV06.tif',0,0,'',0,'NONE');
INSERT INTO page VALUES (455,4,660,127,'TD 400068','',0,'IMAGES/02','opr03DXV07.tif',0,0,'',0,'NONE');
INSERT INTO page VALUES (456,4,670,127,'TD 400069','',0,'IMAGES/02','opr03DXV08.tif',0,0,'',0,'NONE');
INSERT INTO page VALUES (457,4,680,128,'TD 400070','D',0,'IMAGES/02','opr03DXY01.tif',0,0,'D',0,'RANGE');
INSERT INTO page VALUES (458,4,690,128,'TD 400071','',0,'IMAGES/02','opr03DXY02.tif',0,0,'',0,'NONE');
INSERT INTO page VALUES (459,4,700,128,'TD 400072','',0,'IMAGES/02','opr03DXY03.tif',0,0,'',0,'NONE');
INSERT INTO page VALUES (460,4,710,128,'TD 400073','',0,'IMAGES/02','opr03DXY04.tif',0,0,'',0,'NONE');
INSERT INTO page VALUES (461,4,720,128,'TD 400074','',0,'IMAGES/02','opr03DXY05.tif',0,0,'',0,'NONE');
INSERT INTO page VALUES (462,4,730,129,'TD 400075','D',0,'IMAGES/02','opr03DXZ01.tif',0,0,'D',0,'RANGE');
INSERT INTO page VALUES (463,4,740,129,'TD 400076','',0,'IMAGES/02','opr03DXZ02.tif',0,0,'',0,'NONE');
INSERT INTO page VALUES (464,4,750,129,'TD 400077','',0,'IMAGES/02','opr03DXZ03.tif',0,0,'',0,'NONE');
INSERT INTO page VALUES (465,4,760,129,'TD 400078','',0,'IMAGES/02','opr03DXZ04.tif',0,0,'',0,'NONE');
INSERT INTO page VALUES (466,4,770,129,'TD 400079','',0,'IMAGES/02','opr03DXZ05.tif',0,0,'',0,'NONE');
INSERT INTO page VALUES (467,4,780,129,'TD 400080','',0,'IMAGES/02','opr03DXZ06.tif',0,0,'',0,'NONE');
INSERT INTO page VALUES (468,4,790,129,'TD 400081','',0,'IMAGES/02','opr03DXZ07.tif',0,0,'',0,'NONE');
INSERT INTO page VALUES (469,4,800,129,'TD 400082','',0,'IMAGES/02','opr03DXZ08.tif',0,0,'',0,'NONE');
INSERT INTO page VALUES (470,4,810,129,'TD 400083','',0,'IMAGES/02','opr03DXZ09.tif',0,0,'',0,'NONE');
INSERT INTO page VALUES (471,4,820,129,'TD 400084','',0,'IMAGES/02','opr03DXZ10.tif',0,0,'',0,'NONE');
INSERT INTO page VALUES (472,4,830,129,'TD 400085','',0,'IMAGES/02','opr03DXZ11.tif',0,0,'',0,'NONE');
INSERT INTO page VALUES (473,4,840,129,'TD 400086','',0,'IMAGES/02','opr03DXZ12.tif',0,0,'',0,'NONE');
INSERT INTO page VALUES (474,4,850,129,'TD 400087','',0,'IMAGES/02','opr03DXZ13.tif',0,0,'',0,'NONE');
INSERT INTO page VALUES (475,4,860,129,'TD 400088','',0,'IMAGES/02','opr03DXZ14.tif',0,0,'',0,'NONE');
INSERT INTO page VALUES (476,4,870,129,'TD 400089','',0,'IMAGES/02','opr03DXZ15.tif',0,0,'',0,'NONE');
INSERT INTO page VALUES (477,4,880,129,'TD 400090','',0,'IMAGES/02','opr03DXZ16.tif',0,0,'',0,'NONE');
INSERT INTO page VALUES (478,4,890,129,'TD 400091','',0,'IMAGES/02','opr03DXZ17.tif',0,0,'',0,'NONE');
INSERT INTO page VALUES (479,4,900,129,'TD 400092','',0,'IMAGES/02','opr03DXZ18.tif',0,0,'',0,'NONE');
INSERT INTO page VALUES (480,4,910,129,'TD 400093','',0,'IMAGES/02','opr03DXZ19.tif',0,0,'',0,'NONE');
INSERT INTO page VALUES (481,4,920,129,'TD 400094','',0,'IMAGES/02','opr03DXZ20.tif',0,0,'',0,'NONE');
INSERT INTO page VALUES (482,4,930,129,'TD 400095','',0,'IMAGES/02','opr03DXZ21.tif',0,0,'',0,'NONE');
INSERT INTO page VALUES (483,4,940,129,'TD 400096','',0,'IMAGES/02','opr03DXZ22.tif',0,0,'',0,'NONE');
INSERT INTO page VALUES (484,4,950,129,'TD 400097','',0,'IMAGES/02','opr03DXZ23.tif',0,0,'',0,'NONE');
INSERT INTO page VALUES (485,4,960,129,'TD 400098','',0,'IMAGES/02','opr03DXZ24.tif',0,0,'',0,'NONE');
INSERT INTO page VALUES (486,4,970,129,'TD 400099','',0,'IMAGES/02','opr03DXZ25.tif',0,0,'',0,'NONE');
INSERT INTO page VALUES (487,4,980,129,'TD 400100','',0,'IMAGES/02','opr03DXZ26.tif',0,0,'',0,'NONE');
INSERT INTO page VALUES (488,4,990,129,'TD 400101','',0,'IMAGES/02','opr03DXZ27.tif',0,0,'',0,'NONE');
INSERT INTO page VALUES (489,4,1000,129,'TD 400102','',0,'IMAGES/02','opr03DXZ28.tif',0,0,'',0,'NONE');
INSERT INTO page VALUES (490,4,1010,129,'TD 400103','',0,'IMAGES/02','opr03DXZ29.tif',0,0,'',0,'NONE');
INSERT INTO page VALUES (491,4,1020,129,'TD 400104','',0,'IMAGES/02','opr03DXZ30.tif',0,0,'',0,'NONE');
INSERT INTO page VALUES (492,4,1030,129,'TD 400105','',0,'IMAGES/02','opr03DXZ31.tif',0,0,'',0,'NONE');
INSERT INTO page VALUES (493,4,1040,129,'TD 400106','',0,'IMAGES/02','opr03DXZ32.tif',0,0,'',0,'NONE');
INSERT INTO page VALUES (494,4,1050,129,'TD 400107','',0,'IMAGES/02','opr03DXZ33.tif',0,0,'',0,'NONE');
INSERT INTO page VALUES (495,4,1060,129,'TD 400108','',0,'IMAGES/02','opr03DXZ34.tif',0,0,'',0,'NONE');
INSERT INTO page VALUES (496,4,1070,129,'TD 400109','',0,'IMAGES/02','opr03DXZ35.tif',0,0,'',0,'NONE');
INSERT INTO page VALUES (497,4,1080,129,'TD 400110','',0,'IMAGES/02','opr03DXZ36.tif',0,0,'',0,'NONE');
INSERT INTO page VALUES (498,4,1090,129,'TD 400111','',0,'IMAGES/02','opr03DXZ37.tif',0,0,'',0,'NONE');
INSERT INTO page VALUES (499,4,1100,129,'TD 400112','',0,'IMAGES/02','opr03DXZ38.tif',0,0,'',0,'NONE');
INSERT INTO page VALUES (500,4,1110,129,'TD 400113','',0,'IMAGES/02','opr03DXZ39.tif',0,0,'',0,'NONE');
INSERT INTO page VALUES (501,4,1120,129,'TD 400114','',0,'IMAGES/02','opr03DXZ40.tif',0,0,'',0,'NONE');
INSERT INTO page VALUES (502,4,1130,129,'TD 400115','',0,'IMAGES/02','opr03DXZ41.tif',0,0,'',0,'NONE');
INSERT INTO page VALUES (503,4,1140,129,'TD 400116','',0,'IMAGES/02','opr03DXZ42.tif',0,0,'',0,'NONE');
INSERT INTO page VALUES (504,4,1150,129,'TD 400117','',0,'IMAGES/02','opr03DXZ43.tif',0,0,'',0,'NONE');
INSERT INTO page VALUES (505,4,1160,129,'TD 400118','',0,'IMAGES/02','opr03DXZ44.tif',0,0,'',0,'NONE');
INSERT INTO page VALUES (506,4,1170,129,'TD 400119','',0,'IMAGES/02','opr03DXZ45.tif',0,0,'',0,'NONE');
INSERT INTO page VALUES (507,4,1180,130,'TD 400120','F',0,'IMAGES/02','opr03DY001.tif',0,0,'F',0,'RANGE');
INSERT INTO page VALUES (508,4,1190,131,'TD 400121','D',0,'IMAGES/02','opr03DY101.tif',0,0,'D',0,'RANGE');
INSERT INTO page VALUES (509,4,1200,132,'TD 400122','D',0,'IMAGES/02','opr03DY301.tif',0,0,'D',0,'RANGE');
INSERT INTO page VALUES (510,4,1210,133,'TD 400123','D',0,'IMAGES/02','opr03DY401.tif',0,0,'D',0,'RANGE');
INSERT INTO page VALUES (511,4,1220,134,'TD 400124','D',0,'IMAGES/02','opr03DY601.tif',0,0,'D',0,'RANGE');
INSERT INTO page VALUES (512,4,1230,135,'TD 400125','D',0,'IMAGES/02','opr03DY602.tif',0,0,'D',0,'RANGE');
INSERT INTO page VALUES (513,4,1240,136,'TD 400126','D',0,'IMAGES/02','opr03DY701.tif',0,0,'D',0,'RANGE');
INSERT INTO page VALUES (514,4,1250,136,'TD 400127','',0,'IMAGES/02','opr03DY702.tif',0,0,'',0,'NONE');
INSERT INTO page VALUES (515,4,1260,137,'TD 400128','D',0,'IMAGES/02','opr03DYA01.tif',0,0,'D',0,'RANGE');
INSERT INTO page VALUES (516,4,1270,138,'TD 400129','C',0,'IMAGES/02','opr03DYA02.tif',0,0,'C',0,'CHILD');
INSERT INTO page VALUES (517,4,1280,138,'TD 400130','',0,'IMAGES/02','opr03DYA03.tif',0,0,'',0,'NONE');
INSERT INTO page VALUES (518,4,1290,138,'TD 400131','',0,'IMAGES/02','opr03DYA04.tif',0,0,'',0,'NONE');
INSERT INTO page VALUES (519,5,10,139,'TD 500003','D',0,'IMAGES/01','opr03DWW01.tif',0,0,'D',0,'RANGE');
INSERT INTO page VALUES (520,5,20,140,'TD 500004','C',0,'IMAGES/01','opr03DWX01.tif',0,0,'C',0,'CHILD');
INSERT INTO page VALUES (521,5,30,140,'TD 500005','',0,'IMAGES/01','opr03DWX02.tif',0,0,'',0,'NONE');
INSERT INTO page VALUES (522,5,40,140,'TD 500006','',0,'IMAGES/01','opr03DWX03.tif',0,0,'',0,'NONE');
INSERT INTO page VALUES (523,5,50,140,'TD 500007','',0,'IMAGES/01','opr03DWX04.tif',0,0,'',0,'NONE');
INSERT INTO page VALUES (524,5,60,140,'TD 500008','',0,'IMAGES/01','opr03DWX05.tif',0,0,'',0,'NONE');
INSERT INTO page VALUES (525,5,70,141,'TD 500009','C',0,'IMAGES/01','opr03DWY01.tif',0,0,'C',0,'CHILD');
INSERT INTO page VALUES (526,5,80,141,'TD 500010','',0,'IMAGES/01','opr03DWY02.tif',0,0,'',0,'NONE');
INSERT INTO page VALUES (527,5,90,142,'TD 500011','D',0,'IMAGES/01','opr03DX801.tif',0,0,'D',0,'RANGE');
INSERT INTO page VALUES (528,5,100,143,'TD 500012','D',0,'IMAGES/01','opr03DXA01.tif',0,0,'D',0,'RANGE');
INSERT INTO page VALUES (529,5,110,144,'TD 500013','F',0,'IMAGES/01','opr03DXC01.tif',0,0,'F',0,'RANGE');
INSERT INTO page VALUES (530,5,120,145,'TD 500014','D',0,'IMAGES/01','opr03DXD01.tif',0,0,'D',0,'RANGE');
INSERT INTO page VALUES (531,5,130,146,'TD 500015','D',0,'IMAGES/01','opr03DXE01.tif',0,0,'D',0,'RANGE');
INSERT INTO page VALUES (532,5,140,146,'TD 500016','',0,'IMAGES/01','opr03DXE02.tif',0,0,'',0,'NONE');
INSERT INTO page VALUES (533,5,150,146,'TD 500017','',0,'IMAGES/01','opr03DXE03.tif',0,0,'',0,'NONE');
INSERT INTO page VALUES (534,5,160,147,'TD 500018','D',0,'IMAGES/01','opr03DXF01.tif',0,0,'D',0,'RANGE');
INSERT INTO page VALUES (535,5,170,148,'TD 500019','D',0,'IMAGES/01','opr03DXH01.tif',0,0,'D',0,'RANGE');
INSERT INTO page VALUES (536,5,180,148,'TD 500020','',0,'IMAGES/01','opr03DXH02.tif',0,0,'',0,'NONE');
INSERT INTO page VALUES (537,5,190,148,'TD 500021','',0,'IMAGES/01','opr03DXH03.tif',0,0,'',0,'NONE');
INSERT INTO page VALUES (538,5,200,148,'TD 500022','',0,'IMAGES/01','opr03DXH04.tif',0,0,'',0,'NONE');
INSERT INTO page VALUES (539,5,210,148,'TD 500023','',0,'IMAGES/01','opr03DXH05.tif',0,0,'',0,'NONE');
INSERT INTO page VALUES (540,5,220,148,'TD 500024','',0,'IMAGES/01','opr03DXH06.tif',0,0,'',0,'NONE');
INSERT INTO page VALUES (541,5,230,148,'TD 500025','',0,'IMAGES/01','opr03DXH07.tif',0,0,'',0,'NONE');
INSERT INTO page VALUES (542,5,240,148,'TD 500026','',0,'IMAGES/01','opr03DXH08.tif',0,0,'',0,'NONE');
INSERT INTO page VALUES (543,5,250,148,'TD 500027','',0,'IMAGES/01','opr03DXH09.tif',0,0,'',0,'NONE');
INSERT INTO page VALUES (544,5,260,148,'TD 500028','',0,'IMAGES/01','opr03DXH10.tif',0,0,'',0,'NONE');
INSERT INTO page VALUES (545,5,270,148,'TD 500029','',0,'IMAGES/01','opr03DXH11.tif',0,0,'',0,'NONE');
INSERT INTO page VALUES (546,5,280,148,'TD 500030','',0,'IMAGES/01','opr03DXH12.tif',0,0,'',0,'NONE');
INSERT INTO page VALUES (547,5,290,148,'TD 500031','',0,'IMAGES/01','opr03DXH13.tif',0,0,'',0,'NONE');
INSERT INTO page VALUES (548,5,300,148,'TD 500032','',0,'IMAGES/01','opr03DXH14.tif',0,0,'',0,'NONE');
INSERT INTO page VALUES (549,5,310,148,'TD 500033','',0,'IMAGES/01','opr03DXH15.tif',0,0,'',0,'NONE');
INSERT INTO page VALUES (550,5,320,148,'TD 500034','',0,'IMAGES/01','opr03DXh16.tif',0,0,'',0,'NONE');
INSERT INTO page VALUES (551,5,330,148,'TD 500035','',0,'IMAGES/01','opr03DXH17.tif',0,0,'',0,'NONE');
INSERT INTO page VALUES (552,5,340,148,'TD 500036','',0,'IMAGES/01','opr03DXH18.tif',0,0,'',0,'NONE');
INSERT INTO page VALUES (553,5,350,148,'TD 500037','',0,'IMAGES/01','opr03DXH19.tif',0,0,'',0,'NONE');
INSERT INTO page VALUES (554,5,360,148,'TD 500038','',0,'IMAGES/01','opr03DXH20.tif',0,0,'',0,'NONE');
INSERT INTO page VALUES (555,5,370,149,'TD 500039','F',0,'IMAGES/01','opr03DXJ01.tif',0,0,'F',0,'RANGE');
INSERT INTO page VALUES (556,5,380,150,'TD 500040','D',0,'IMAGES/01','opr03DXK01.tif',0,0,'D',0,'RANGE');
INSERT INTO page VALUES (557,5,390,151,'TD 500041','C',0,'IMAGES/01','opr03DXM01.tif',0,0,'C',0,'CHILD');
INSERT INTO page VALUES (558,5,400,151,'TD 500042','',0,'IMAGES/01','opr03DXM02.tif',0,0,'',0,'NONE');
INSERT INTO page VALUES (559,5,410,151,'TD 500043','',0,'IMAGES/01','opr03DXM03.tif',0,0,'',0,'NONE');
INSERT INTO page VALUES (560,5,420,152,'TD 500044','D',0,'IMAGES/01','opr03DXN01.tif',0,0,'D',0,'RANGE');
INSERT INTO page VALUES (561,5,430,152,'TD 500045','',0,'IMAGES/01','opr03DXN02.tif',0,0,'',0,'NONE');
INSERT INTO page VALUES (562,5,440,152,'TD 500046','',0,'IMAGES/01','opr03DXN03.tif',0,0,'',0,'NONE');
INSERT INTO page VALUES (563,5,450,152,'TD 500047','',0,'IMAGES/01','opr03DXN04.tif',0,0,'',0,'NONE');
INSERT INTO page VALUES (564,5,460,152,'TD 500048','',0,'IMAGES/01','opr03DXN05.tif',0,0,'',0,'NONE');
INSERT INTO page VALUES (565,5,470,153,'TD 500049','C',0,'IMAGES/01','opr03DXN06.tif',0,0,'C',0,'CHILD');
INSERT INTO page VALUES (566,5,480,154,'TD 500050','C',0,'IMAGES/01','opr03DXN07.tif',0,0,'C',0,'CHILD');
INSERT INTO page VALUES (567,5,490,155,'TD 500051','F',0,'IMAGES/01','opr03DXO01.tif',0,0,'F',0,'RANGE');
INSERT INTO page VALUES (568,5,500,156,'TD 500052','D',0,'IMAGES/01','opr03DXP01.tif',0,0,'D',0,'RANGE');
INSERT INTO page VALUES (569,5,510,157,'TD 500053','D',0,'IMAGES/01','opr03DXQ01.tif',0,0,'D',0,'RANGE');
INSERT INTO page VALUES (570,5,520,157,'TD 500054','',0,'IMAGES/01','opr03DXQ02.tif',0,0,'',0,'NONE');
INSERT INTO page VALUES (571,5,530,157,'TD 500055','',0,'IMAGES/01','opr03DXQ03.tif',0,0,'',0,'NONE');
INSERT INTO page VALUES (572,5,540,157,'TD 500056','',0,'IMAGES/01','opr03DXQ04.tif',0,0,'',0,'NONE');
INSERT INTO page VALUES (573,5,550,157,'TD 500057','',0,'IMAGES/01','opr03DXQ05.tif',0,0,'',0,'NONE');
INSERT INTO page VALUES (574,5,560,157,'TD 500058','',0,'IMAGES/01','opr03DXQ06.tif',0,0,'',0,'NONE');
INSERT INTO page VALUES (575,5,570,158,'TD 500059','F',0,'IMAGES/02','opr03DXR01.tif',0,0,'F',0,'RANGE');
INSERT INTO page VALUES (576,5,580,159,'TD 500060','D',0,'IMAGES/02','opr03DXS01.tif',0,0,'D',0,'RANGE');
INSERT INTO page VALUES (577,5,590,160,'TD 500061','D',0,'IMAGES/02','opr03DXT01.tif',0,0,'D',0,'RANGE');
INSERT INTO page VALUES (578,5,600,161,'TD 500062','D',0,'IMAGES/02','opr03DXV01.tif',0,0,'D',0,'RANGE');
INSERT INTO page VALUES (579,5,610,161,'TD 500063','',0,'IMAGES/02','opr03DXV02.tif',0,0,'',0,'NONE');
INSERT INTO page VALUES (580,5,620,161,'TD 500064','',0,'IMAGES/02','opr03DXV03.tif',0,0,'',0,'NONE');
INSERT INTO page VALUES (581,5,630,161,'TD 500065','',0,'IMAGES/02','opr03DXV04.tif',0,0,'',0,'NONE');
INSERT INTO page VALUES (582,5,640,161,'TD 500066','',0,'IMAGES/02','opr03DXV05.tif',0,0,'',0,'NONE');
INSERT INTO page VALUES (583,5,650,161,'TD 500067','',0,'IMAGES/02','opr03DXV06.tif',0,0,'',0,'NONE');
INSERT INTO page VALUES (584,5,660,161,'TD 500068','',0,'IMAGES/02','opr03DXV07.tif',0,0,'',0,'NONE');
INSERT INTO page VALUES (585,5,670,161,'TD 500069','',0,'IMAGES/02','opr03DXV08.tif',0,0,'',0,'NONE');
INSERT INTO page VALUES (586,5,680,162,'TD 500070','D',0,'IMAGES/02','opr03DXY01.tif',0,0,'D',0,'RANGE');
INSERT INTO page VALUES (587,5,690,162,'TD 500071','',0,'IMAGES/02','opr03DXY02.tif',0,0,'',0,'NONE');
INSERT INTO page VALUES (588,5,700,162,'TD 500072','',0,'IMAGES/02','opr03DXY03.tif',0,0,'',0,'NONE');
INSERT INTO page VALUES (589,5,710,162,'TD 500073','',0,'IMAGES/02','opr03DXY04.tif',0,0,'',0,'NONE');
INSERT INTO page VALUES (590,5,720,162,'TD 500074','',0,'IMAGES/02','opr03DXY05.tif',0,0,'',0,'NONE');
INSERT INTO page VALUES (591,5,730,163,'TD 500075','D',0,'IMAGES/02','opr03DXZ01.tif',0,0,'D',0,'RANGE');
INSERT INTO page VALUES (592,5,740,163,'TD 500076','',0,'IMAGES/02','opr03DXZ02.tif',0,0,'',0,'NONE');
INSERT INTO page VALUES (593,5,750,163,'TD 500077','',0,'IMAGES/02','opr03DXZ03.tif',0,0,'',0,'NONE');
INSERT INTO page VALUES (594,5,760,163,'TD 500078','',0,'IMAGES/02','opr03DXZ04.tif',0,0,'',0,'NONE');
INSERT INTO page VALUES (595,5,770,163,'TD 500079','',0,'IMAGES/02','opr03DXZ05.tif',0,0,'',0,'NONE');
INSERT INTO page VALUES (596,5,780,163,'TD 500080','',0,'IMAGES/02','opr03DXZ06.tif',0,0,'',0,'NONE');
INSERT INTO page VALUES (597,5,790,163,'TD 500081','',0,'IMAGES/02','opr03DXZ07.tif',0,0,'',0,'NONE');
INSERT INTO page VALUES (598,5,800,163,'TD 500082','',0,'IMAGES/02','opr03DXZ08.tif',0,0,'',0,'NONE');
INSERT INTO page VALUES (599,5,810,163,'TD 500083','',0,'IMAGES/02','opr03DXZ09.tif',0,0,'',0,'NONE');
INSERT INTO page VALUES (600,5,820,163,'TD 500084','',0,'IMAGES/02','opr03DXZ10.tif',0,0,'',0,'NONE');
INSERT INTO page VALUES (601,5,830,163,'TD 500085','',0,'IMAGES/02','opr03DXZ11.tif',0,0,'',0,'NONE');
INSERT INTO page VALUES (602,5,840,163,'TD 500086','',0,'IMAGES/02','opr03DXZ12.tif',0,0,'',0,'NONE');
INSERT INTO page VALUES (603,5,850,163,'TD 500087','',0,'IMAGES/02','opr03DXZ13.tif',0,0,'',0,'NONE');
INSERT INTO page VALUES (604,5,860,163,'TD 500088','',0,'IMAGES/02','opr03DXZ14.tif',0,0,'',0,'NONE');
INSERT INTO page VALUES (605,5,870,163,'TD 500089','',0,'IMAGES/02','opr03DXZ15.tif',0,0,'',0,'NONE');
INSERT INTO page VALUES (606,5,880,163,'TD 500090','',0,'IMAGES/02','opr03DXZ16.tif',0,0,'',0,'NONE');
INSERT INTO page VALUES (607,5,890,163,'TD 500091','',0,'IMAGES/02','opr03DXZ17.tif',0,0,'',0,'NONE');
INSERT INTO page VALUES (608,5,900,163,'TD 500092','',0,'IMAGES/02','opr03DXZ18.tif',0,0,'',0,'NONE');
INSERT INTO page VALUES (609,5,910,163,'TD 500093','',0,'IMAGES/02','opr03DXZ19.tif',0,0,'',0,'NONE');
INSERT INTO page VALUES (610,5,920,163,'TD 500094','',0,'IMAGES/02','opr03DXZ20.tif',0,0,'',0,'NONE');
INSERT INTO page VALUES (611,5,930,163,'TD 500095','',0,'IMAGES/02','opr03DXZ21.tif',0,0,'',0,'NONE');
INSERT INTO page VALUES (612,5,940,163,'TD 500096','',0,'IMAGES/02','opr03DXZ22.tif',0,0,'',0,'NONE');
INSERT INTO page VALUES (613,5,950,163,'TD 500097','',0,'IMAGES/02','opr03DXZ23.tif',0,0,'',0,'NONE');
INSERT INTO page VALUES (614,5,960,163,'TD 500098','',0,'IMAGES/02','opr03DXZ24.tif',0,0,'',0,'NONE');
INSERT INTO page VALUES (615,5,970,163,'TD 500099','',0,'IMAGES/02','opr03DXZ25.tif',0,0,'',0,'NONE');
INSERT INTO page VALUES (616,5,980,163,'TD 500100','',0,'IMAGES/02','opr03DXZ26.tif',0,0,'',0,'NONE');
INSERT INTO page VALUES (617,5,990,163,'TD 500101','',0,'IMAGES/02','opr03DXZ27.tif',0,0,'',0,'NONE');
INSERT INTO page VALUES (618,5,1000,163,'TD 500102','',0,'IMAGES/02','opr03DXZ28.tif',0,0,'',0,'NONE');
INSERT INTO page VALUES (619,5,1010,163,'TD 500103','',0,'IMAGES/02','opr03DXZ29.tif',0,0,'',0,'NONE');
INSERT INTO page VALUES (620,5,1020,163,'TD 500104','',0,'IMAGES/02','opr03DXZ30.tif',0,0,'',0,'NONE');
INSERT INTO page VALUES (621,5,1030,163,'TD 500105','',0,'IMAGES/02','opr03DXZ31.tif',0,0,'',0,'NONE');
INSERT INTO page VALUES (622,5,1040,163,'TD 500106','',0,'IMAGES/02','opr03DXZ32.tif',0,0,'',0,'NONE');
INSERT INTO page VALUES (623,5,1050,163,'TD 500107','',0,'IMAGES/02','opr03DXZ33.tif',0,0,'',0,'NONE');
INSERT INTO page VALUES (624,5,1060,163,'TD 500108','',0,'IMAGES/02','opr03DXZ34.tif',0,0,'',0,'NONE');
INSERT INTO page VALUES (625,5,1070,163,'TD 500109','',0,'IMAGES/02','opr03DXZ35.tif',0,0,'',0,'NONE');
INSERT INTO page VALUES (626,5,1080,163,'TD 500110','',0,'IMAGES/02','opr03DXZ36.tif',0,0,'',0,'NONE');
INSERT INTO page VALUES (627,5,1090,163,'TD 500111','',0,'IMAGES/02','opr03DXZ37.tif',0,0,'',0,'NONE');
INSERT INTO page VALUES (628,5,1100,163,'TD 500112','',0,'IMAGES/02','opr03DXZ38.tif',0,0,'',0,'NONE');
INSERT INTO page VALUES (629,5,1110,163,'TD 500113','',0,'IMAGES/02','opr03DXZ39.tif',0,0,'',0,'NONE');
INSERT INTO page VALUES (630,5,1120,163,'TD 500114','',0,'IMAGES/02','opr03DXZ40.tif',0,0,'',0,'NONE');
INSERT INTO page VALUES (631,5,1130,163,'TD 500115','',0,'IMAGES/02','opr03DXZ41.tif',0,0,'',0,'NONE');
INSERT INTO page VALUES (632,5,1140,163,'TD 500116','',0,'IMAGES/02','opr03DXZ42.tif',0,0,'',0,'NONE');
INSERT INTO page VALUES (633,5,1150,163,'TD 500117','',0,'IMAGES/02','opr03DXZ43.tif',0,0,'',0,'NONE');
INSERT INTO page VALUES (634,5,1160,163,'TD 500118','',0,'IMAGES/02','opr03DXZ44.tif',0,0,'',0,'NONE');
INSERT INTO page VALUES (635,5,1170,163,'TD 500119','',0,'IMAGES/02','opr03DXZ45.tif',0,0,'',0,'NONE');
INSERT INTO page VALUES (636,5,1180,164,'TD 500120','F',0,'IMAGES/02','opr03DY001.tif',0,0,'F',0,'RANGE');
INSERT INTO page VALUES (637,5,1190,165,'TD 500121','D',0,'IMAGES/02','opr03DY101.tif',0,0,'D',0,'RANGE');
INSERT INTO page VALUES (638,5,1200,166,'TD 500122','D',0,'IMAGES/02','opr03DY301.tif',0,0,'D',0,'RANGE');
INSERT INTO page VALUES (639,5,1210,167,'TD 500123','D',0,'IMAGES/02','opr03DY401.tif',0,0,'D',0,'RANGE');
INSERT INTO page VALUES (640,5,1220,168,'TD 500124','D',0,'IMAGES/02','opr03DY601.tif',0,0,'D',0,'RANGE');
INSERT INTO page VALUES (641,5,1230,169,'TD 500125','D',0,'IMAGES/02','opr03DY602.tif',0,0,'D',0,'RANGE');
INSERT INTO page VALUES (642,5,1240,170,'TD 500126','D',0,'IMAGES/02','opr03DY701.tif',0,0,'D',0,'RANGE');
INSERT INTO page VALUES (643,5,1250,170,'TD 500127','',0,'IMAGES/02','opr03DY702.tif',0,0,'',0,'NONE');
INSERT INTO page VALUES (644,5,1260,171,'TD 500128','D',0,'IMAGES/02','opr03DYA01.tif',0,0,'D',0,'RANGE');
INSERT INTO page VALUES (645,5,1270,172,'TD 500129','C',0,'IMAGES/02','opr03DYA02.tif',0,0,'C',0,'CHILD');
INSERT INTO page VALUES (646,5,1280,172,'TD 500130','',0,'IMAGES/02','opr03DYA03.tif',0,0,'',0,'NONE');
INSERT INTO page VALUES (647,5,1290,172,'TD 500131','',0,'IMAGES/02','opr03DYA04.tif',0,0,'',0,'NONE');
INSERT INTO page VALUES (648,6,10,173,'TD 600003','D',0,'IMAGES/01','opr03DWW01.tif',0,0,'D',0,'RANGE');
INSERT INTO page VALUES (649,6,20,174,'TD 600004','C',0,'IMAGES/01','opr03DWX01.tif',0,0,'C',0,'CHILD');
INSERT INTO page VALUES (650,6,30,174,'TD 600005','',0,'IMAGES/01','opr03DWX02.tif',0,0,'',0,'NONE');
INSERT INTO page VALUES (651,6,40,174,'TD 600006','',0,'IMAGES/01','opr03DWX03.tif',0,0,'',0,'NONE');
INSERT INTO page VALUES (652,6,50,174,'TD 600007','',0,'IMAGES/01','opr03DWX04.tif',0,0,'',0,'NONE');
INSERT INTO page VALUES (653,6,60,174,'TD 600008','',0,'IMAGES/01','opr03DWX05.tif',0,0,'',0,'NONE');
INSERT INTO page VALUES (654,6,70,175,'TD 600009','C',0,'IMAGES/01','opr03DWY01.tif',0,0,'C',0,'CHILD');
INSERT INTO page VALUES (655,6,80,175,'TD 600010','',0,'IMAGES/01','opr03DWY02.tif',0,0,'',0,'NONE');
INSERT INTO page VALUES (656,6,90,176,'TD 600011','D',0,'IMAGES/01','opr03DX801.tif',0,0,'D',0,'RANGE');
INSERT INTO page VALUES (657,6,100,177,'TD 600012','D',0,'IMAGES/01','opr03DXA01.tif',0,0,'D',0,'RANGE');
INSERT INTO page VALUES (658,6,110,178,'TD 600013','F',0,'IMAGES/01','opr03DXC01.tif',0,0,'F',0,'RANGE');
INSERT INTO page VALUES (659,6,120,179,'TD 600014','D',0,'IMAGES/01','opr03DXD01.tif',0,0,'D',0,'RANGE');
INSERT INTO page VALUES (660,6,130,180,'TD 600015','D',0,'IMAGES/01','opr03DXE01.tif',0,0,'D',0,'RANGE');
INSERT INTO page VALUES (661,6,140,180,'TD 600016','',0,'IMAGES/01','opr03DXE02.tif',0,0,'',0,'NONE');
INSERT INTO page VALUES (662,6,150,180,'TD 600017','',0,'IMAGES/01','opr03DXE03.tif',0,0,'',0,'NONE');
INSERT INTO page VALUES (663,6,160,181,'TD 600018','D',0,'IMAGES/01','opr03DXF01.tif',0,0,'D',0,'RANGE');
INSERT INTO page VALUES (664,6,170,182,'TD 600019','D',0,'IMAGES/01','opr03DXH01.tif',0,0,'D',0,'RANGE');
INSERT INTO page VALUES (665,6,180,182,'TD 600020','',0,'IMAGES/01','opr03DXH02.tif',0,0,'',0,'NONE');
INSERT INTO page VALUES (666,6,190,182,'TD 600021','',0,'IMAGES/01','opr03DXH03.tif',0,0,'',0,'NONE');
INSERT INTO page VALUES (667,6,200,182,'TD 600022','',0,'IMAGES/01','opr03DXH04.tif',0,0,'',0,'NONE');
INSERT INTO page VALUES (668,6,210,182,'TD 600023','',0,'IMAGES/01','opr03DXH05.tif',0,0,'',0,'NONE');
INSERT INTO page VALUES (669,6,220,182,'TD 600024','',0,'IMAGES/01','opr03DXH06.tif',0,0,'',0,'NONE');
INSERT INTO page VALUES (670,6,230,182,'TD 600025','',0,'IMAGES/01','opr03DXH07.tif',0,0,'',0,'NONE');
INSERT INTO page VALUES (671,6,240,182,'TD 600026','',0,'IMAGES/01','opr03DXH08.tif',0,0,'',0,'NONE');
INSERT INTO page VALUES (672,6,250,182,'TD 600027','',0,'IMAGES/01','opr03DXH09.tif',0,0,'',0,'NONE');
INSERT INTO page VALUES (673,6,260,182,'TD 600028','',0,'IMAGES/01','opr03DXH10.tif',0,0,'',0,'NONE');
INSERT INTO page VALUES (674,6,270,182,'TD 600029','',0,'IMAGES/01','opr03DXH11.tif',0,0,'',0,'NONE');
INSERT INTO page VALUES (675,6,280,182,'TD 600030','',0,'IMAGES/01','opr03DXH12.tif',0,0,'',0,'NONE');
INSERT INTO page VALUES (676,6,290,182,'TD 600031','',0,'IMAGES/01','opr03DXH13.tif',0,0,'',0,'NONE');
INSERT INTO page VALUES (677,6,300,182,'TD 600032','',0,'IMAGES/01','opr03DXH14.tif',0,0,'',0,'NONE');
INSERT INTO page VALUES (678,6,310,182,'TD 600033','',0,'IMAGES/01','opr03DXH15.tif',0,0,'',0,'NONE');
INSERT INTO page VALUES (679,6,320,182,'TD 600034','',0,'IMAGES/01','opr03DXh16.tif',0,0,'',0,'NONE');
INSERT INTO page VALUES (680,6,330,182,'TD 600035','',0,'IMAGES/01','opr03DXH17.tif',0,0,'',0,'NONE');
INSERT INTO page VALUES (681,6,340,182,'TD 600036','',0,'IMAGES/01','opr03DXH18.tif',0,0,'',0,'NONE');
INSERT INTO page VALUES (682,6,350,182,'TD 600037','',0,'IMAGES/01','opr03DXH19.tif',0,0,'',0,'NONE');
INSERT INTO page VALUES (683,6,360,182,'TD 600038','',0,'IMAGES/01','opr03DXH20.tif',0,0,'',0,'NONE');
INSERT INTO page VALUES (684,6,370,183,'TD 600039','F',0,'IMAGES/01','opr03DXJ01.tif',0,0,'F',0,'RANGE');
INSERT INTO page VALUES (685,6,380,184,'TD 600040','D',0,'IMAGES/01','opr03DXK01.tif',0,0,'D',0,'RANGE');
INSERT INTO page VALUES (686,6,390,185,'TD 600041','C',0,'IMAGES/01','opr03DXM01.tif',0,0,'C',0,'CHILD');
INSERT INTO page VALUES (687,6,400,185,'TD 600042','',0,'IMAGES/01','opr03DXM02.tif',0,0,'',0,'NONE');
INSERT INTO page VALUES (688,6,410,185,'TD 600043','',0,'IMAGES/01','opr03DXM03.tif',0,0,'',0,'NONE');
INSERT INTO page VALUES (689,6,420,186,'TD 600044','D',0,'IMAGES/01','opr03DXN01.tif',0,0,'D',0,'RANGE');
INSERT INTO page VALUES (690,6,430,186,'TD 600045','',0,'IMAGES/01','opr03DXN02.tif',0,0,'',0,'NONE');
INSERT INTO page VALUES (691,6,440,186,'TD 600046','',0,'IMAGES/01','opr03DXN03.tif',0,0,'',0,'NONE');
INSERT INTO page VALUES (692,6,450,186,'TD 600047','',0,'IMAGES/01','opr03DXN04.tif',0,0,'',0,'NONE');
INSERT INTO page VALUES (693,6,460,186,'TD 600048','',0,'IMAGES/01','opr03DXN05.tif',0,0,'',0,'NONE');
INSERT INTO page VALUES (694,6,470,187,'TD 600049','C',0,'IMAGES/01','opr03DXN06.tif',0,0,'C',0,'CHILD');
INSERT INTO page VALUES (695,6,480,188,'TD 600050','C',0,'IMAGES/01','opr03DXN07.tif',0,0,'C',0,'CHILD');
INSERT INTO page VALUES (696,6,490,189,'TD 600051','F',0,'IMAGES/01','opr03DXO01.tif',0,0,'F',0,'RANGE');
INSERT INTO page VALUES (697,6,500,190,'TD 600052','D',0,'IMAGES/01','opr03DXP01.tif',0,0,'D',0,'RANGE');
INSERT INTO page VALUES (698,6,510,191,'TD 600053','D',0,'IMAGES/01','opr03DXQ01.tif',0,0,'D',0,'RANGE');
INSERT INTO page VALUES (699,6,520,191,'TD 600054','',0,'IMAGES/01','opr03DXQ02.tif',0,0,'',0,'NONE');
INSERT INTO page VALUES (700,6,530,191,'TD 600055','',0,'IMAGES/01','opr03DXQ03.tif',0,0,'',0,'NONE');
INSERT INTO page VALUES (701,6,540,191,'TD 600056','',0,'IMAGES/01','opr03DXQ04.tif',0,0,'',0,'NONE');
INSERT INTO page VALUES (702,6,550,191,'TD 600057','',0,'IMAGES/01','opr03DXQ05.tif',0,0,'',0,'NONE');
INSERT INTO page VALUES (703,6,560,191,'TD 600058','',0,'IMAGES/01','opr03DXQ06.tif',0,0,'',0,'NONE');
INSERT INTO page VALUES (704,6,570,192,'TD 600059','F',0,'IMAGES/02','opr03DXR01.tif',0,0,'F',0,'RANGE');
INSERT INTO page VALUES (705,6,580,193,'TD 600060','D',0,'IMAGES/02','opr03DXS01.tif',0,0,'D',0,'RANGE');
INSERT INTO page VALUES (706,6,590,194,'TD 600061','D',0,'IMAGES/02','opr03DXT01.tif',0,0,'D',0,'RANGE');
INSERT INTO page VALUES (707,6,600,195,'TD 600062','D',0,'IMAGES/02','opr03DXV01.tif',0,0,'D',0,'RANGE');
INSERT INTO page VALUES (708,6,610,195,'TD 600063','',0,'IMAGES/02','opr03DXV02.tif',0,0,'',0,'NONE');
INSERT INTO page VALUES (709,6,620,195,'TD 600064','',0,'IMAGES/02','opr03DXV03.tif',0,0,'',0,'NONE');
INSERT INTO page VALUES (710,6,630,195,'TD 600065','',0,'IMAGES/02','opr03DXV04.tif',0,0,'',0,'NONE');
INSERT INTO page VALUES (711,6,640,195,'TD 600066','',0,'IMAGES/02','opr03DXV05.tif',0,0,'',0,'NONE');
INSERT INTO page VALUES (712,6,650,195,'TD 600067','',0,'IMAGES/02','opr03DXV06.tif',0,0,'',0,'NONE');
INSERT INTO page VALUES (713,6,660,195,'TD 600068','',0,'IMAGES/02','opr03DXV07.tif',0,0,'',0,'NONE');
INSERT INTO page VALUES (714,6,670,195,'TD 600069','',0,'IMAGES/02','opr03DXV08.tif',0,0,'',0,'NONE');
INSERT INTO page VALUES (715,6,680,196,'TD 600070','D',0,'IMAGES/02','opr03DXY01.tif',0,0,'D',0,'RANGE');
INSERT INTO page VALUES (716,6,690,196,'TD 600071','',0,'IMAGES/02','opr03DXY02.tif',0,0,'',0,'NONE');
INSERT INTO page VALUES (717,6,700,196,'TD 600072','',0,'IMAGES/02','opr03DXY03.tif',0,0,'',0,'NONE');
INSERT INTO page VALUES (718,6,710,196,'TD 600073','',0,'IMAGES/02','opr03DXY04.tif',0,0,'',0,'NONE');
INSERT INTO page VALUES (719,6,720,196,'TD 600074','',0,'IMAGES/02','opr03DXY05.tif',0,0,'',0,'NONE');
INSERT INTO page VALUES (720,6,730,197,'TD 600075','D',0,'IMAGES/02','opr03DXZ01.tif',0,0,'D',0,'RANGE');
INSERT INTO page VALUES (721,6,740,197,'TD 600076','',0,'IMAGES/02','opr03DXZ02.tif',0,0,'',0,'NONE');
INSERT INTO page VALUES (722,6,750,197,'TD 600077','',0,'IMAGES/02','opr03DXZ03.tif',0,0,'',0,'NONE');
INSERT INTO page VALUES (723,6,760,197,'TD 600078','',0,'IMAGES/02','opr03DXZ04.tif',0,0,'',0,'NONE');
INSERT INTO page VALUES (724,6,770,197,'TD 600079','',0,'IMAGES/02','opr03DXZ05.tif',0,0,'',0,'NONE');
INSERT INTO page VALUES (725,6,780,197,'TD 600080','',0,'IMAGES/02','opr03DXZ06.tif',0,0,'',0,'NONE');
INSERT INTO page VALUES (726,6,790,197,'TD 600081','',0,'IMAGES/02','opr03DXZ07.tif',0,0,'',0,'NONE');
INSERT INTO page VALUES (727,6,800,197,'TD 600082','',0,'IMAGES/02','opr03DXZ08.tif',0,0,'',0,'NONE');
INSERT INTO page VALUES (728,6,810,197,'TD 600083','',0,'IMAGES/02','opr03DXZ09.tif',0,0,'',0,'NONE');
INSERT INTO page VALUES (729,6,820,197,'TD 600084','',0,'IMAGES/02','opr03DXZ10.tif',0,0,'',0,'NONE');
INSERT INTO page VALUES (730,6,830,197,'TD 600085','',0,'IMAGES/02','opr03DXZ11.tif',0,0,'',0,'NONE');
INSERT INTO page VALUES (731,6,840,197,'TD 600086','',0,'IMAGES/02','opr03DXZ12.tif',0,0,'',0,'NONE');
INSERT INTO page VALUES (732,6,850,197,'TD 600087','',0,'IMAGES/02','opr03DXZ13.tif',0,0,'',0,'NONE');
INSERT INTO page VALUES (733,6,860,197,'TD 600088','',0,'IMAGES/02','opr03DXZ14.tif',0,0,'',0,'NONE');
INSERT INTO page VALUES (734,6,870,197,'TD 600089','',0,'IMAGES/02','opr03DXZ15.tif',0,0,'',0,'NONE');
INSERT INTO page VALUES (735,6,880,197,'TD 600090','',0,'IMAGES/02','opr03DXZ16.tif',0,0,'',0,'NONE');
INSERT INTO page VALUES (736,6,890,197,'TD 600091','',0,'IMAGES/02','opr03DXZ17.tif',0,0,'',0,'NONE');
INSERT INTO page VALUES (737,6,900,197,'TD 600092','',0,'IMAGES/02','opr03DXZ18.tif',0,0,'',0,'NONE');
INSERT INTO page VALUES (738,6,910,197,'TD 600093','',0,'IMAGES/02','opr03DXZ19.tif',0,0,'',0,'NONE');
INSERT INTO page VALUES (739,6,920,197,'TD 600094','',0,'IMAGES/02','opr03DXZ20.tif',0,0,'',0,'NONE');
INSERT INTO page VALUES (740,6,930,197,'TD 600095','',0,'IMAGES/02','opr03DXZ21.tif',0,0,'',0,'NONE');
INSERT INTO page VALUES (741,6,940,197,'TD 600096','',0,'IMAGES/02','opr03DXZ22.tif',0,0,'',0,'NONE');
INSERT INTO page VALUES (742,6,950,197,'TD 600097','',0,'IMAGES/02','opr03DXZ23.tif',0,0,'',0,'NONE');
INSERT INTO page VALUES (743,6,960,197,'TD 600098','',0,'IMAGES/02','opr03DXZ24.tif',0,0,'',0,'NONE');
INSERT INTO page VALUES (744,6,970,197,'TD 600099','',0,'IMAGES/02','opr03DXZ25.tif',0,0,'',0,'NONE');
INSERT INTO page VALUES (745,6,980,197,'TD 600100','',0,'IMAGES/02','opr03DXZ26.tif',0,0,'',0,'NONE');
INSERT INTO page VALUES (746,6,990,197,'TD 600101','',0,'IMAGES/02','opr03DXZ27.tif',0,0,'',0,'NONE');
INSERT INTO page VALUES (747,6,1000,197,'TD 600102','',0,'IMAGES/02','opr03DXZ28.tif',0,0,'',0,'NONE');
INSERT INTO page VALUES (748,6,1010,197,'TD 600103','',0,'IMAGES/02','opr03DXZ29.tif',0,0,'',0,'NONE');
INSERT INTO page VALUES (749,6,1020,197,'TD 600104','',0,'IMAGES/02','opr03DXZ30.tif',0,0,'',0,'NONE');
INSERT INTO page VALUES (750,6,1030,197,'TD 600105','',0,'IMAGES/02','opr03DXZ31.tif',0,0,'',0,'NONE');
INSERT INTO page VALUES (751,6,1040,197,'TD 600106','',0,'IMAGES/02','opr03DXZ32.tif',0,0,'',0,'NONE');
INSERT INTO page VALUES (752,6,1050,197,'TD 600107','',0,'IMAGES/02','opr03DXZ33.tif',0,0,'',0,'NONE');
INSERT INTO page VALUES (753,6,1060,197,'TD 600108','',0,'IMAGES/02','opr03DXZ34.tif',0,0,'',0,'NONE');
INSERT INTO page VALUES (754,6,1070,197,'TD 600109','',0,'IMAGES/02','opr03DXZ35.tif',0,0,'',0,'NONE');
INSERT INTO page VALUES (755,6,1080,197,'TD 600110','',0,'IMAGES/02','opr03DXZ36.tif',0,0,'',0,'NONE');
INSERT INTO page VALUES (756,6,1090,197,'TD 600111','',0,'IMAGES/02','opr03DXZ37.tif',0,0,'',0,'NONE');
INSERT INTO page VALUES (757,6,1100,197,'TD 600112','',0,'IMAGES/02','opr03DXZ38.tif',0,0,'',0,'NONE');
INSERT INTO page VALUES (758,6,1110,197,'TD 600113','',0,'IMAGES/02','opr03DXZ39.tif',0,0,'',0,'NONE');
INSERT INTO page VALUES (759,6,1120,197,'TD 600114','',0,'IMAGES/02','opr03DXZ40.tif',0,0,'',0,'NONE');
INSERT INTO page VALUES (760,6,1130,197,'TD 600115','',0,'IMAGES/02','opr03DXZ41.tif',0,0,'',0,'NONE');
INSERT INTO page VALUES (761,6,1140,197,'TD 600116','',0,'IMAGES/02','opr03DXZ42.tif',0,0,'',0,'NONE');
INSERT INTO page VALUES (762,6,1150,197,'TD 600117','',0,'IMAGES/02','opr03DXZ43.tif',0,0,'',0,'NONE');
INSERT INTO page VALUES (763,6,1160,197,'TD 600118','',0,'IMAGES/02','opr03DXZ44.tif',0,0,'',0,'NONE');
INSERT INTO page VALUES (764,6,1170,197,'TD 600119','',0,'IMAGES/02','opr03DXZ45.tif',0,0,'',0,'NONE');
INSERT INTO page VALUES (765,6,1180,198,'TD 600120','F',0,'IMAGES/02','opr03DY001.tif',0,0,'F',0,'RANGE');
INSERT INTO page VALUES (766,6,1190,199,'TD 600121','D',0,'IMAGES/02','opr03DY101.tif',0,0,'D',0,'RANGE');
INSERT INTO page VALUES (767,6,1200,200,'TD 600122','D',0,'IMAGES/02','opr03DY301.tif',0,0,'D',0,'RANGE');
INSERT INTO page VALUES (768,6,1210,201,'TD 600123','D',0,'IMAGES/02','opr03DY401.tif',0,0,'D',0,'RANGE');
INSERT INTO page VALUES (769,6,1220,202,'TD 600124','D',0,'IMAGES/02','opr03DY601.tif',0,0,'D',0,'RANGE');
INSERT INTO page VALUES (770,6,1230,203,'TD 600125','D',0,'IMAGES/02','opr03DY602.tif',0,0,'D',0,'RANGE');
INSERT INTO page VALUES (771,6,1240,204,'TD 600126','D',0,'IMAGES/02','opr03DY701.tif',0,0,'D',0,'RANGE');
INSERT INTO page VALUES (772,6,1250,204,'TD 600127','',0,'IMAGES/02','opr03DY702.tif',0,0,'',0,'NONE');
INSERT INTO page VALUES (773,6,1260,205,'TD 600128','D',0,'IMAGES/02','opr03DYA01.tif',0,0,'D',0,'RANGE');
INSERT INTO page VALUES (774,6,1270,206,'TD 600129','C',0,'IMAGES/02','opr03DYA02.tif',0,0,'C',0,'CHILD');
INSERT INTO page VALUES (775,6,1280,206,'TD 600130','',0,'IMAGES/02','opr03DYA03.tif',0,0,'',0,'NONE');
INSERT INTO page VALUES (776,6,1290,206,'TD 600131','',0,'IMAGES/02','opr03DYA04.tif',0,0,'',0,'NONE');
INSERT INTO page VALUES (777,7,10,207,'TD 700003','D',0,'IMAGES/01','opr03DWW01.tif',0,0,'D',0,'RANGE');
INSERT INTO page VALUES (778,7,20,208,'TD 700004','C',0,'IMAGES/01','opr03DWX01.tif',0,0,'C',0,'CHILD');
INSERT INTO page VALUES (779,7,30,208,'TD 700005','',0,'IMAGES/01','opr03DWX02.tif',0,0,'',0,'NONE');
INSERT INTO page VALUES (780,7,40,208,'TD 700006','',0,'IMAGES/01','opr03DWX03.tif',0,0,'',0,'NONE');
INSERT INTO page VALUES (781,7,50,208,'TD 700007','',0,'IMAGES/01','opr03DWX04.tif',0,0,'',0,'NONE');
INSERT INTO page VALUES (782,7,60,208,'TD 700008','',0,'IMAGES/01','opr03DWX05.tif',0,0,'',0,'NONE');
INSERT INTO page VALUES (783,7,70,209,'TD 700009','C',0,'IMAGES/01','opr03DWY01.tif',0,0,'C',0,'CHILD');
INSERT INTO page VALUES (784,7,80,209,'TD 700010','',0,'IMAGES/01','opr03DWY02.tif',0,0,'',0,'NONE');
INSERT INTO page VALUES (785,7,90,210,'TD 700011','D',0,'IMAGES/01','opr03DX801.tif',0,0,'D',0,'RANGE');
INSERT INTO page VALUES (786,7,100,211,'TD 700012','D',0,'IMAGES/01','opr03DXA01.tif',0,0,'D',0,'RANGE');
INSERT INTO page VALUES (787,7,110,212,'TD 700013','F',0,'IMAGES/01','opr03DXC01.tif',0,0,'F',0,'RANGE');
INSERT INTO page VALUES (788,7,120,213,'TD 700014','D',0,'IMAGES/01','opr03DXD01.tif',0,0,'D',0,'RANGE');
INSERT INTO page VALUES (789,7,130,214,'TD 700015','D',0,'IMAGES/01','opr03DXE01.tif',0,0,'D',0,'RANGE');
INSERT INTO page VALUES (790,7,140,214,'TD 700016','',0,'IMAGES/01','opr03DXE02.tif',0,0,'',0,'NONE');
INSERT INTO page VALUES (791,7,150,214,'TD 700017','',0,'IMAGES/01','opr03DXE03.tif',0,0,'',0,'NONE');
INSERT INTO page VALUES (792,7,160,215,'TD 700018','D',0,'IMAGES/01','opr03DXF01.tif',0,0,'D',0,'RANGE');
INSERT INTO page VALUES (793,7,170,216,'TD 700019','D',0,'IMAGES/01','opr03DXH01.tif',0,0,'D',0,'RANGE');
INSERT INTO page VALUES (794,7,180,216,'TD 700020','',0,'IMAGES/01','opr03DXH02.tif',0,0,'',0,'NONE');
INSERT INTO page VALUES (795,7,190,216,'TD 700021','',0,'IMAGES/01','opr03DXH03.tif',0,0,'',0,'NONE');
INSERT INTO page VALUES (796,7,200,216,'TD 700022','',0,'IMAGES/01','opr03DXH04.tif',0,0,'',0,'NONE');
INSERT INTO page VALUES (797,7,210,216,'TD 700023','',0,'IMAGES/01','opr03DXH05.tif',0,0,'',0,'NONE');
INSERT INTO page VALUES (798,7,220,216,'TD 700024','',0,'IMAGES/01','opr03DXH06.tif',0,0,'',0,'NONE');
INSERT INTO page VALUES (799,7,230,216,'TD 700025','',0,'IMAGES/01','opr03DXH07.tif',0,0,'',0,'NONE');
INSERT INTO page VALUES (800,7,240,216,'TD 700026','',0,'IMAGES/01','opr03DXH08.tif',0,0,'',0,'NONE');
INSERT INTO page VALUES (801,7,250,216,'TD 700027','',0,'IMAGES/01','opr03DXH09.tif',0,0,'',0,'NONE');
INSERT INTO page VALUES (802,7,260,216,'TD 700028','',0,'IMAGES/01','opr03DXH10.tif',0,0,'',0,'NONE');
INSERT INTO page VALUES (803,7,270,216,'TD 700029','',0,'IMAGES/01','opr03DXH11.tif',0,0,'',0,'NONE');
INSERT INTO page VALUES (804,7,280,216,'TD 700030','',0,'IMAGES/01','opr03DXH12.tif',0,0,'',0,'NONE');
INSERT INTO page VALUES (805,7,290,216,'TD 700031','',0,'IMAGES/01','opr03DXH13.tif',0,0,'',0,'NONE');
INSERT INTO page VALUES (806,7,300,216,'TD 700032','',0,'IMAGES/01','opr03DXH14.tif',0,0,'',0,'NONE');
INSERT INTO page VALUES (807,7,310,216,'TD 700033','',0,'IMAGES/01','opr03DXH15.tif',0,0,'',0,'NONE');
INSERT INTO page VALUES (808,7,320,216,'TD 700034','',0,'IMAGES/01','opr03DXh16.tif',0,0,'',0,'NONE');
INSERT INTO page VALUES (809,7,330,216,'TD 700035','',0,'IMAGES/01','opr03DXH17.tif',0,0,'',0,'NONE');
INSERT INTO page VALUES (810,7,340,216,'TD 700036','',0,'IMAGES/01','opr03DXH18.tif',0,0,'',0,'NONE');
INSERT INTO page VALUES (811,7,350,216,'TD 700037','',0,'IMAGES/01','opr03DXH19.tif',0,0,'',0,'NONE');
INSERT INTO page VALUES (812,7,360,216,'TD 700038','',0,'IMAGES/01','opr03DXH20.tif',0,0,'',0,'NONE');
INSERT INTO page VALUES (813,7,370,217,'TD 700039','F',0,'IMAGES/01','opr03DXJ01.tif',0,0,'F',0,'RANGE');
INSERT INTO page VALUES (814,7,380,218,'TD 700040','D',0,'IMAGES/01','opr03DXK01.tif',0,0,'D',0,'RANGE');
INSERT INTO page VALUES (815,7,390,219,'TD 700041','C',0,'IMAGES/01','opr03DXM01.tif',0,0,'C',0,'CHILD');
INSERT INTO page VALUES (816,7,400,219,'TD 700042','',0,'IMAGES/01','opr03DXM02.tif',0,0,'',0,'NONE');
INSERT INTO page VALUES (817,7,410,219,'TD 700043','',0,'IMAGES/01','opr03DXM03.tif',0,0,'',0,'NONE');
INSERT INTO page VALUES (818,7,420,220,'TD 700044','D',0,'IMAGES/01','opr03DXN01.tif',0,0,'D',0,'RANGE');
INSERT INTO page VALUES (819,7,430,220,'TD 700045','',0,'IMAGES/01','opr03DXN02.tif',0,0,'',0,'NONE');
INSERT INTO page VALUES (820,7,440,220,'TD 700046','',0,'IMAGES/01','opr03DXN03.tif',0,0,'',0,'NONE');
INSERT INTO page VALUES (821,7,450,220,'TD 700047','',0,'IMAGES/01','opr03DXN04.tif',0,0,'',0,'NONE');
INSERT INTO page VALUES (822,7,460,220,'TD 700048','',0,'IMAGES/01','opr03DXN05.tif',0,0,'',0,'NONE');
INSERT INTO page VALUES (823,7,470,221,'TD 700049','C',0,'IMAGES/01','opr03DXN06.tif',0,0,'C',0,'CHILD');
INSERT INTO page VALUES (824,7,480,222,'TD 700050','C',0,'IMAGES/01','opr03DXN07.tif',0,0,'C',0,'CHILD');
INSERT INTO page VALUES (825,7,490,223,'TD 700051','F',0,'IMAGES/01','opr03DXO01.tif',0,0,'F',0,'RANGE');
INSERT INTO page VALUES (826,7,500,224,'TD 700052','D',0,'IMAGES/01','opr03DXP01.tif',0,0,'D',0,'RANGE');
INSERT INTO page VALUES (827,7,510,225,'TD 700053','D',0,'IMAGES/01','opr03DXQ01.tif',0,0,'D',0,'RANGE');
INSERT INTO page VALUES (828,7,520,225,'TD 700054','',0,'IMAGES/01','opr03DXQ02.tif',0,0,'',0,'NONE');
INSERT INTO page VALUES (829,7,530,225,'TD 700055','',0,'IMAGES/01','opr03DXQ03.tif',0,0,'',0,'NONE');
INSERT INTO page VALUES (830,7,540,225,'TD 700056','',0,'IMAGES/01','opr03DXQ04.tif',0,0,'',0,'NONE');
INSERT INTO page VALUES (831,7,550,225,'TD 700057','',0,'IMAGES/01','opr03DXQ05.tif',0,0,'',0,'NONE');
INSERT INTO page VALUES (832,7,560,225,'TD 700058','',0,'IMAGES/01','opr03DXQ06.tif',0,0,'',0,'NONE');
INSERT INTO page VALUES (833,7,570,226,'TD 700059','F',0,'IMAGES/02','opr03DXR01.tif',0,0,'F',0,'RANGE');
INSERT INTO page VALUES (834,7,580,227,'TD 700060','D',0,'IMAGES/02','opr03DXS01.tif',0,0,'D',0,'RANGE');
INSERT INTO page VALUES (835,7,590,228,'TD 700061','D',0,'IMAGES/02','opr03DXT01.tif',0,0,'D',0,'RANGE');
INSERT INTO page VALUES (836,7,600,229,'TD 700062','D',0,'IMAGES/02','opr03DXV01.tif',0,0,'D',0,'RANGE');
INSERT INTO page VALUES (837,7,610,229,'TD 700063','',0,'IMAGES/02','opr03DXV02.tif',0,0,'',0,'NONE');
INSERT INTO page VALUES (838,7,620,229,'TD 700064','',0,'IMAGES/02','opr03DXV03.tif',0,0,'',0,'NONE');
INSERT INTO page VALUES (839,7,630,229,'TD 700065','',0,'IMAGES/02','opr03DXV04.tif',0,0,'',0,'NONE');
INSERT INTO page VALUES (840,7,640,229,'TD 700066','',0,'IMAGES/02','opr03DXV05.tif',0,0,'',0,'NONE');
INSERT INTO page VALUES (841,7,650,229,'TD 700067','',0,'IMAGES/02','opr03DXV06.tif',0,0,'',0,'NONE');
INSERT INTO page VALUES (842,7,660,229,'TD 700068','',0,'IMAGES/02','opr03DXV07.tif',0,0,'',0,'NONE');
INSERT INTO page VALUES (843,7,670,229,'TD 700069','',0,'IMAGES/02','opr03DXV08.tif',0,0,'',0,'NONE');
INSERT INTO page VALUES (844,7,680,230,'TD 700070','D',0,'IMAGES/02','opr03DXY01.tif',0,0,'D',0,'RANGE');
INSERT INTO page VALUES (845,7,690,230,'TD 700071','',0,'IMAGES/02','opr03DXY02.tif',0,0,'',0,'NONE');
INSERT INTO page VALUES (846,7,700,230,'TD 700072','',0,'IMAGES/02','opr03DXY03.tif',0,0,'',0,'NONE');
INSERT INTO page VALUES (847,7,710,230,'TD 700073','',0,'IMAGES/02','opr03DXY04.tif',0,0,'',0,'NONE');
INSERT INTO page VALUES (848,7,720,230,'TD 700074','',0,'IMAGES/02','opr03DXY05.tif',0,0,'',0,'NONE');
INSERT INTO page VALUES (849,7,730,231,'TD 700075','D',0,'IMAGES/02','opr03DXZ01.tif',0,0,'D',0,'RANGE');
INSERT INTO page VALUES (850,7,740,231,'TD 700076','',0,'IMAGES/02','opr03DXZ02.tif',0,0,'',0,'NONE');
INSERT INTO page VALUES (851,7,750,231,'TD 700077','',0,'IMAGES/02','opr03DXZ03.tif',0,0,'',0,'NONE');
INSERT INTO page VALUES (852,7,760,231,'TD 700078','',0,'IMAGES/02','opr03DXZ04.tif',0,0,'',0,'NONE');
INSERT INTO page VALUES (853,7,770,231,'TD 700079','',0,'IMAGES/02','opr03DXZ05.tif',0,0,'',0,'NONE');
INSERT INTO page VALUES (854,7,780,231,'TD 700080','',0,'IMAGES/02','opr03DXZ06.tif',0,0,'',0,'NONE');
INSERT INTO page VALUES (855,7,790,231,'TD 700081','',0,'IMAGES/02','opr03DXZ07.tif',0,0,'',0,'NONE');
INSERT INTO page VALUES (856,7,800,231,'TD 700082','',0,'IMAGES/02','opr03DXZ08.tif',0,0,'',0,'NONE');
INSERT INTO page VALUES (857,7,810,231,'TD 700083','',0,'IMAGES/02','opr03DXZ09.tif',0,0,'',0,'NONE');
INSERT INTO page VALUES (858,7,820,231,'TD 700084','',0,'IMAGES/02','opr03DXZ10.tif',0,0,'',0,'NONE');
INSERT INTO page VALUES (859,7,830,231,'TD 700085','',0,'IMAGES/02','opr03DXZ11.tif',0,0,'',0,'NONE');
INSERT INTO page VALUES (860,7,840,231,'TD 700086','',0,'IMAGES/02','opr03DXZ12.tif',0,0,'',0,'NONE');
INSERT INTO page VALUES (861,7,850,231,'TD 700087','',0,'IMAGES/02','opr03DXZ13.tif',0,0,'',0,'NONE');
INSERT INTO page VALUES (862,7,860,231,'TD 700088','',0,'IMAGES/02','opr03DXZ14.tif',0,0,'',0,'NONE');
INSERT INTO page VALUES (863,7,870,231,'TD 700089','',0,'IMAGES/02','opr03DXZ15.tif',0,0,'',0,'NONE');
INSERT INTO page VALUES (864,7,880,231,'TD 700090','',0,'IMAGES/02','opr03DXZ16.tif',0,0,'',0,'NONE');
INSERT INTO page VALUES (865,7,890,231,'TD 700091','',0,'IMAGES/02','opr03DXZ17.tif',0,0,'',0,'NONE');
INSERT INTO page VALUES (866,7,900,231,'TD 700092','',0,'IMAGES/02','opr03DXZ18.tif',0,0,'',0,'NONE');
INSERT INTO page VALUES (867,7,910,231,'TD 700093','',0,'IMAGES/02','opr03DXZ19.tif',0,0,'',0,'NONE');
INSERT INTO page VALUES (868,7,920,231,'TD 700094','',0,'IMAGES/02','opr03DXZ20.tif',0,0,'',0,'NONE');
INSERT INTO page VALUES (869,7,930,231,'TD 700095','',0,'IMAGES/02','opr03DXZ21.tif',0,0,'',0,'NONE');
INSERT INTO page VALUES (870,7,940,231,'TD 700096','',0,'IMAGES/02','opr03DXZ22.tif',0,0,'',0,'NONE');
INSERT INTO page VALUES (871,7,950,231,'TD 700097','',0,'IMAGES/02','opr03DXZ23.tif',0,0,'',0,'NONE');
INSERT INTO page VALUES (872,7,960,231,'TD 700098','',0,'IMAGES/02','opr03DXZ24.tif',0,0,'',0,'NONE');
INSERT INTO page VALUES (873,7,970,231,'TD 700099','',0,'IMAGES/02','opr03DXZ25.tif',0,0,'',0,'NONE');
INSERT INTO page VALUES (874,7,980,231,'TD 700100','',0,'IMAGES/02','opr03DXZ26.tif',0,0,'',0,'NONE');
INSERT INTO page VALUES (875,7,990,231,'TD 700101','',0,'IMAGES/02','opr03DXZ27.tif',0,0,'',0,'NONE');
INSERT INTO page VALUES (876,7,1000,231,'TD 700102','',0,'IMAGES/02','opr03DXZ28.tif',0,0,'',0,'NONE');
INSERT INTO page VALUES (877,7,1010,231,'TD 700103','',0,'IMAGES/02','opr03DXZ29.tif',0,0,'',0,'NONE');
INSERT INTO page VALUES (878,7,1020,231,'TD 700104','',0,'IMAGES/02','opr03DXZ30.tif',0,0,'',0,'NONE');
INSERT INTO page VALUES (879,7,1030,231,'TD 700105','',0,'IMAGES/02','opr03DXZ31.tif',0,0,'',0,'NONE');
INSERT INTO page VALUES (880,7,1040,231,'TD 700106','',0,'IMAGES/02','opr03DXZ32.tif',0,0,'',0,'NONE');
INSERT INTO page VALUES (881,7,1050,231,'TD 700107','',0,'IMAGES/02','opr03DXZ33.tif',0,0,'',0,'NONE');
INSERT INTO page VALUES (882,7,1060,231,'TD 700108','',0,'IMAGES/02','opr03DXZ34.tif',0,0,'',0,'NONE');
INSERT INTO page VALUES (883,7,1070,231,'TD 700109','',0,'IMAGES/02','opr03DXZ35.tif',0,0,'',0,'NONE');
INSERT INTO page VALUES (884,7,1080,231,'TD 700110','',0,'IMAGES/02','opr03DXZ36.tif',0,0,'',0,'NONE');
INSERT INTO page VALUES (885,7,1090,231,'TD 700111','',0,'IMAGES/02','opr03DXZ37.tif',0,0,'',0,'NONE');
INSERT INTO page VALUES (886,7,1100,231,'TD 700112','',0,'IMAGES/02','opr03DXZ38.tif',0,0,'',0,'NONE');
INSERT INTO page VALUES (887,7,1110,231,'TD 700113','',0,'IMAGES/02','opr03DXZ39.tif',0,0,'',0,'NONE');
INSERT INTO page VALUES (888,7,1120,231,'TD 700114','',0,'IMAGES/02','opr03DXZ40.tif',0,0,'',0,'NONE');
INSERT INTO page VALUES (889,7,1130,231,'TD 700115','',0,'IMAGES/02','opr03DXZ41.tif',0,0,'',0,'NONE');
INSERT INTO page VALUES (890,7,1140,231,'TD 700116','',0,'IMAGES/02','opr03DXZ42.tif',0,0,'',0,'NONE');
INSERT INTO page VALUES (891,7,1150,231,'TD 700117','',0,'IMAGES/02','opr03DXZ43.tif',0,0,'',0,'NONE');
INSERT INTO page VALUES (892,7,1160,231,'TD 700118','',0,'IMAGES/02','opr03DXZ44.tif',0,0,'',0,'NONE');
INSERT INTO page VALUES (893,7,1170,231,'TD 700119','',0,'IMAGES/02','opr03DXZ45.tif',0,0,'',0,'NONE');
INSERT INTO page VALUES (894,7,1180,232,'TD 700120','F',0,'IMAGES/02','opr03DY001.tif',0,0,'F',0,'RANGE');
INSERT INTO page VALUES (895,7,1190,233,'TD 700121','D',0,'IMAGES/02','opr03DY101.tif',0,0,'D',0,'RANGE');
INSERT INTO page VALUES (896,7,1200,234,'TD 700122','D',0,'IMAGES/02','opr03DY301.tif',0,0,'D',0,'RANGE');
INSERT INTO page VALUES (897,7,1210,235,'TD 700123','D',0,'IMAGES/02','opr03DY401.tif',0,0,'D',0,'RANGE');
INSERT INTO page VALUES (898,7,1220,236,'TD 700124','D',0,'IMAGES/02','opr03DY601.tif',0,0,'D',0,'RANGE');
INSERT INTO page VALUES (899,7,1230,237,'TD 700125','D',0,'IMAGES/02','opr03DY602.tif',0,0,'D',0,'RANGE');
INSERT INTO page VALUES (900,7,1240,238,'TD 700126','D',0,'IMAGES/02','opr03DY701.tif',0,0,'D',0,'RANGE');
INSERT INTO page VALUES (901,7,1250,238,'TD 700127','',0,'IMAGES/02','opr03DY702.tif',0,0,'',0,'NONE');
INSERT INTO page VALUES (902,7,1260,239,'TD 700128','D',0,'IMAGES/02','opr03DYA01.tif',0,0,'D',0,'RANGE');
INSERT INTO page VALUES (903,7,1270,240,'TD 700129','C',0,'IMAGES/02','opr03DYA02.tif',0,0,'C',0,'CHILD');
INSERT INTO page VALUES (904,7,1280,240,'TD 700130','',0,'IMAGES/02','opr03DYA03.tif',0,0,'',0,'NONE');
INSERT INTO page VALUES (905,7,1290,240,'TD 700131','',0,'IMAGES/02','opr03DYA04.tif',0,0,'',0,'NONE');
INSERT INTO page VALUES (906,8,10,241,'TD 800003','D',0,'IMAGES/01','opr03DWW01.tif',0,0,'D',0,'RANGE');
INSERT INTO page VALUES (907,8,20,242,'TD 800004','C',0,'IMAGES/01','opr03DWX01.tif',0,0,'C',0,'CHILD');
INSERT INTO page VALUES (908,8,30,242,'TD 800005','',0,'IMAGES/01','opr03DWX02.tif',0,0,'',0,'NONE');
INSERT INTO page VALUES (909,8,40,242,'TD 800006','',0,'IMAGES/01','opr03DWX03.tif',0,0,'',0,'NONE');
INSERT INTO page VALUES (910,8,50,242,'TD 800007','',0,'IMAGES/01','opr03DWX04.tif',0,0,'',0,'NONE');
INSERT INTO page VALUES (911,8,60,242,'TD 800008','',0,'IMAGES/01','opr03DWX05.tif',0,0,'',0,'NONE');
INSERT INTO page VALUES (912,8,70,243,'TD 800009','C',0,'IMAGES/01','opr03DWY01.tif',0,0,'C',0,'CHILD');
INSERT INTO page VALUES (913,8,80,243,'TD 800010','',0,'IMAGES/01','opr03DWY02.tif',0,0,'',0,'NONE');
INSERT INTO page VALUES (914,8,90,244,'TD 800011','D',0,'IMAGES/01','opr03DX801.tif',0,0,'D',0,'RANGE');
INSERT INTO page VALUES (915,8,100,245,'TD 800012','D',0,'IMAGES/01','opr03DXA01.tif',0,0,'D',0,'RANGE');
INSERT INTO page VALUES (916,8,110,246,'TD 800013','F',0,'IMAGES/01','opr03DXC01.tif',0,0,'F',0,'RANGE');
INSERT INTO page VALUES (917,8,120,247,'TD 800014','D',0,'IMAGES/01','opr03DXD01.tif',0,0,'D',0,'RANGE');
INSERT INTO page VALUES (918,8,130,248,'TD 800015','D',0,'IMAGES/01','opr03DXE01.tif',0,0,'D',0,'RANGE');
INSERT INTO page VALUES (919,8,140,248,'TD 800016','',0,'IMAGES/01','opr03DXE02.tif',0,0,'',0,'NONE');
INSERT INTO page VALUES (920,8,150,248,'TD 800017','',0,'IMAGES/01','opr03DXE03.tif',0,0,'',0,'NONE');
INSERT INTO page VALUES (921,8,160,249,'TD 800018','D',0,'IMAGES/01','opr03DXF01.tif',0,0,'D',0,'RANGE');
INSERT INTO page VALUES (922,8,170,250,'TD 800019','D',0,'IMAGES/01','opr03DXH01.tif',0,0,'D',0,'RANGE');
INSERT INTO page VALUES (923,8,180,250,'TD 800020','',0,'IMAGES/01','opr03DXH02.tif',0,0,'',0,'NONE');
INSERT INTO page VALUES (924,8,190,250,'TD 800021','',0,'IMAGES/01','opr03DXH03.tif',0,0,'',0,'NONE');
INSERT INTO page VALUES (925,8,200,250,'TD 800022','',0,'IMAGES/01','opr03DXH04.tif',0,0,'',0,'NONE');
INSERT INTO page VALUES (926,8,210,250,'TD 800023','',0,'IMAGES/01','opr03DXH05.tif',0,0,'',0,'NONE');
INSERT INTO page VALUES (927,8,220,250,'TD 800024','',0,'IMAGES/01','opr03DXH06.tif',0,0,'',0,'NONE');
INSERT INTO page VALUES (928,8,230,250,'TD 800025','',0,'IMAGES/01','opr03DXH07.tif',0,0,'',0,'NONE');
INSERT INTO page VALUES (929,8,240,250,'TD 800026','',0,'IMAGES/01','opr03DXH08.tif',0,0,'',0,'NONE');
INSERT INTO page VALUES (930,8,250,250,'TD 800027','',0,'IMAGES/01','opr03DXH09.tif',0,0,'',0,'NONE');
INSERT INTO page VALUES (931,8,260,250,'TD 800028','',0,'IMAGES/01','opr03DXH10.tif',0,0,'',0,'NONE');
INSERT INTO page VALUES (932,8,270,250,'TD 800029','',0,'IMAGES/01','opr03DXH11.tif',0,0,'',0,'NONE');
INSERT INTO page VALUES (933,8,280,250,'TD 800030','',0,'IMAGES/01','opr03DXH12.tif',0,0,'',0,'NONE');
INSERT INTO page VALUES (934,8,290,250,'TD 800031','',0,'IMAGES/01','opr03DXH13.tif',0,0,'',0,'NONE');
INSERT INTO page VALUES (935,8,300,250,'TD 800032','',0,'IMAGES/01','opr03DXH14.tif',0,0,'',0,'NONE');
INSERT INTO page VALUES (936,8,310,250,'TD 800033','',0,'IMAGES/01','opr03DXH15.tif',0,0,'',0,'NONE');
INSERT INTO page VALUES (937,8,320,250,'TD 800034','',0,'IMAGES/01','opr03DXh16.tif',0,0,'',0,'NONE');
INSERT INTO page VALUES (938,8,330,250,'TD 800035','',0,'IMAGES/01','opr03DXH17.tif',0,0,'',0,'NONE');
INSERT INTO page VALUES (939,8,340,250,'TD 800036','',0,'IMAGES/01','opr03DXH18.tif',0,0,'',0,'NONE');
INSERT INTO page VALUES (940,8,350,250,'TD 800037','',0,'IMAGES/01','opr03DXH19.tif',0,0,'',0,'NONE');
INSERT INTO page VALUES (941,8,360,250,'TD 800038','',0,'IMAGES/01','opr03DXH20.tif',0,0,'',0,'NONE');
INSERT INTO page VALUES (942,8,370,251,'TD 800039','F',0,'IMAGES/01','opr03DXJ01.tif',0,0,'F',0,'RANGE');
INSERT INTO page VALUES (943,8,380,252,'TD 800040','D',0,'IMAGES/01','opr03DXK01.tif',0,0,'D',0,'RANGE');
INSERT INTO page VALUES (944,8,390,253,'TD 800041','C',0,'IMAGES/01','opr03DXM01.tif',0,0,'C',0,'CHILD');
INSERT INTO page VALUES (945,8,400,253,'TD 800042','',0,'IMAGES/01','opr03DXM02.tif',0,0,'',0,'NONE');
INSERT INTO page VALUES (946,8,410,253,'TD 800043','',0,'IMAGES/01','opr03DXM03.tif',0,0,'',0,'NONE');
INSERT INTO page VALUES (947,8,420,254,'TD 800044','D',0,'IMAGES/01','opr03DXN01.tif',0,0,'D',0,'RANGE');
INSERT INTO page VALUES (948,8,430,254,'TD 800045','',0,'IMAGES/01','opr03DXN02.tif',0,0,'',0,'NONE');
INSERT INTO page VALUES (949,8,440,254,'TD 800046','',0,'IMAGES/01','opr03DXN03.tif',0,0,'',0,'NONE');
INSERT INTO page VALUES (950,8,450,254,'TD 800047','',0,'IMAGES/01','opr03DXN04.tif',0,0,'',0,'NONE');
INSERT INTO page VALUES (951,8,460,254,'TD 800048','',0,'IMAGES/01','opr03DXN05.tif',0,0,'',0,'NONE');
INSERT INTO page VALUES (952,8,470,255,'TD 800049','C',0,'IMAGES/01','opr03DXN06.tif',0,0,'C',0,'CHILD');
INSERT INTO page VALUES (953,8,480,256,'TD 800050','C',0,'IMAGES/01','opr03DXN07.tif',0,0,'C',0,'CHILD');
INSERT INTO page VALUES (954,8,490,257,'TD 800051','F',0,'IMAGES/01','opr03DXO01.tif',0,0,'F',0,'RANGE');
INSERT INTO page VALUES (955,8,500,258,'TD 800052','D',0,'IMAGES/01','opr03DXP01.tif',0,0,'D',0,'RANGE');
INSERT INTO page VALUES (956,8,510,259,'TD 800053','D',0,'IMAGES/01','opr03DXQ01.tif',0,0,'D',0,'RANGE');
INSERT INTO page VALUES (957,8,520,259,'TD 800054','',0,'IMAGES/01','opr03DXQ02.tif',0,0,'',0,'NONE');
INSERT INTO page VALUES (958,8,530,259,'TD 800055','',0,'IMAGES/01','opr03DXQ03.tif',0,0,'',0,'NONE');
INSERT INTO page VALUES (959,8,540,259,'TD 800056','',0,'IMAGES/01','opr03DXQ04.tif',0,0,'',0,'NONE');
INSERT INTO page VALUES (960,8,550,259,'TD 800057','',0,'IMAGES/01','opr03DXQ05.tif',0,0,'',0,'NONE');
INSERT INTO page VALUES (961,8,560,259,'TD 800058','',0,'IMAGES/01','opr03DXQ06.tif',0,0,'',0,'NONE');
INSERT INTO page VALUES (962,8,570,260,'TD 800059','F',0,'IMAGES/02','opr03DXR01.tif',0,0,'F',0,'RANGE');
INSERT INTO page VALUES (963,8,580,261,'TD 800060','D',0,'IMAGES/02','opr03DXS01.tif',0,0,'D',0,'RANGE');
INSERT INTO page VALUES (964,8,590,262,'TD 800061','D',0,'IMAGES/02','opr03DXT01.tif',0,0,'D',0,'RANGE');
INSERT INTO page VALUES (965,8,600,263,'TD 800062','D',0,'IMAGES/02','opr03DXV01.tif',0,0,'D',0,'RANGE');
INSERT INTO page VALUES (966,8,610,263,'TD 800063','',0,'IMAGES/02','opr03DXV02.tif',0,0,'',0,'NONE');
INSERT INTO page VALUES (967,8,620,263,'TD 800064','',0,'IMAGES/02','opr03DXV03.tif',0,0,'',0,'NONE');
INSERT INTO page VALUES (968,8,630,263,'TD 800065','',0,'IMAGES/02','opr03DXV04.tif',0,0,'',0,'NONE');
INSERT INTO page VALUES (969,8,640,263,'TD 800066','',0,'IMAGES/02','opr03DXV05.tif',0,0,'',0,'NONE');
INSERT INTO page VALUES (970,8,650,263,'TD 800067','',0,'IMAGES/02','opr03DXV06.tif',0,0,'',0,'NONE');
INSERT INTO page VALUES (971,8,660,263,'TD 800068','',0,'IMAGES/02','opr03DXV07.tif',0,0,'',0,'NONE');
INSERT INTO page VALUES (972,8,670,263,'TD 800069','',0,'IMAGES/02','opr03DXV08.tif',0,0,'',0,'NONE');
INSERT INTO page VALUES (973,8,680,264,'TD 800070','D',0,'IMAGES/02','opr03DXY01.tif',0,0,'D',0,'RANGE');
INSERT INTO page VALUES (974,8,690,264,'TD 800071','',0,'IMAGES/02','opr03DXY02.tif',0,0,'',0,'NONE');
INSERT INTO page VALUES (975,8,700,264,'TD 800072','',0,'IMAGES/02','opr03DXY03.tif',0,0,'',0,'NONE');
INSERT INTO page VALUES (976,8,710,264,'TD 800073','',0,'IMAGES/02','opr03DXY04.tif',0,0,'',0,'NONE');
INSERT INTO page VALUES (977,8,720,264,'TD 800074','',0,'IMAGES/02','opr03DXY05.tif',0,0,'',0,'NONE');
INSERT INTO page VALUES (978,8,730,265,'TD 800075','D',0,'IMAGES/02','opr03DXZ01.tif',0,0,'D',0,'RANGE');
INSERT INTO page VALUES (979,8,740,265,'TD 800076','',0,'IMAGES/02','opr03DXZ02.tif',0,0,'',0,'NONE');
INSERT INTO page VALUES (980,8,750,265,'TD 800077','',0,'IMAGES/02','opr03DXZ03.tif',0,0,'',0,'NONE');
INSERT INTO page VALUES (981,8,760,265,'TD 800078','',0,'IMAGES/02','opr03DXZ04.tif',0,0,'',0,'NONE');
INSERT INTO page VALUES (982,8,770,265,'TD 800079','',0,'IMAGES/02','opr03DXZ05.tif',0,0,'',0,'NONE');
INSERT INTO page VALUES (983,8,780,265,'TD 800080','',0,'IMAGES/02','opr03DXZ06.tif',0,0,'',0,'NONE');
INSERT INTO page VALUES (984,8,790,265,'TD 800081','',0,'IMAGES/02','opr03DXZ07.tif',0,0,'',0,'NONE');
INSERT INTO page VALUES (985,8,800,265,'TD 800082','',0,'IMAGES/02','opr03DXZ08.tif',0,0,'',0,'NONE');
INSERT INTO page VALUES (986,8,810,265,'TD 800083','',0,'IMAGES/02','opr03DXZ09.tif',0,0,'',0,'NONE');
INSERT INTO page VALUES (987,8,820,265,'TD 800084','',0,'IMAGES/02','opr03DXZ10.tif',0,0,'',0,'NONE');
INSERT INTO page VALUES (988,8,830,265,'TD 800085','',0,'IMAGES/02','opr03DXZ11.tif',0,0,'',0,'NONE');
INSERT INTO page VALUES (989,8,840,265,'TD 800086','',0,'IMAGES/02','opr03DXZ12.tif',0,0,'',0,'NONE');
INSERT INTO page VALUES (990,8,850,265,'TD 800087','',0,'IMAGES/02','opr03DXZ13.tif',0,0,'',0,'NONE');
INSERT INTO page VALUES (991,8,860,265,'TD 800088','',0,'IMAGES/02','opr03DXZ14.tif',0,0,'',0,'NONE');
INSERT INTO page VALUES (992,8,870,265,'TD 800089','',0,'IMAGES/02','opr03DXZ15.tif',0,0,'',0,'NONE');
INSERT INTO page VALUES (993,8,880,265,'TD 800090','',0,'IMAGES/02','opr03DXZ16.tif',0,0,'',0,'NONE');
INSERT INTO page VALUES (994,8,890,265,'TD 800091','',0,'IMAGES/02','opr03DXZ17.tif',0,0,'',0,'NONE');
INSERT INTO page VALUES (995,8,900,265,'TD 800092','',0,'IMAGES/02','opr03DXZ18.tif',0,0,'',0,'NONE');
INSERT INTO page VALUES (996,8,910,265,'TD 800093','',0,'IMAGES/02','opr03DXZ19.tif',0,0,'',0,'NONE');
INSERT INTO page VALUES (997,8,920,265,'TD 800094','',0,'IMAGES/02','opr03DXZ20.tif',0,0,'',0,'NONE');
INSERT INTO page VALUES (998,8,930,265,'TD 800095','',0,'IMAGES/02','opr03DXZ21.tif',0,0,'',0,'NONE');
INSERT INTO page VALUES (999,8,940,265,'TD 800096','',0,'IMAGES/02','opr03DXZ22.tif',0,0,'',0,'NONE');
INSERT INTO page VALUES (1000,8,950,265,'TD 800097','',0,'IMAGES/02','opr03DXZ23.tif',0,0,'',0,'NONE');
INSERT INTO page VALUES (1001,8,960,265,'TD 800098','',0,'IMAGES/02','opr03DXZ24.tif',0,0,'',0,'NONE');
INSERT INTO page VALUES (1002,8,970,265,'TD 800099','',0,'IMAGES/02','opr03DXZ25.tif',0,0,'',0,'NONE');
INSERT INTO page VALUES (1003,8,980,265,'TD 800100','',0,'IMAGES/02','opr03DXZ26.tif',0,0,'',0,'NONE');
INSERT INTO page VALUES (1004,8,990,265,'TD 800101','',0,'IMAGES/02','opr03DXZ27.tif',0,0,'',0,'NONE');
INSERT INTO page VALUES (1005,8,1000,265,'TD 800102','',0,'IMAGES/02','opr03DXZ28.tif',0,0,'',0,'NONE');
INSERT INTO page VALUES (1006,8,1010,265,'TD 800103','',0,'IMAGES/02','opr03DXZ29.tif',0,0,'',0,'NONE');
INSERT INTO page VALUES (1007,8,1020,265,'TD 800104','',0,'IMAGES/02','opr03DXZ30.tif',0,0,'',0,'NONE');
INSERT INTO page VALUES (1008,8,1030,265,'TD 800105','',0,'IMAGES/02','opr03DXZ31.tif',0,0,'',0,'NONE');
INSERT INTO page VALUES (1009,8,1040,265,'TD 800106','',0,'IMAGES/02','opr03DXZ32.tif',0,0,'',0,'NONE');
INSERT INTO page VALUES (1010,8,1050,265,'TD 800107','',0,'IMAGES/02','opr03DXZ33.tif',0,0,'',0,'NONE');
INSERT INTO page VALUES (1011,8,1060,265,'TD 800108','',0,'IMAGES/02','opr03DXZ34.tif',0,0,'',0,'NONE');
INSERT INTO page VALUES (1012,8,1070,265,'TD 800109','',0,'IMAGES/02','opr03DXZ35.tif',0,0,'',0,'NONE');
INSERT INTO page VALUES (1013,8,1080,265,'TD 800110','',0,'IMAGES/02','opr03DXZ36.tif',0,0,'',0,'NONE');
INSERT INTO page VALUES (1014,8,1090,265,'TD 800111','',0,'IMAGES/02','opr03DXZ37.tif',0,0,'',0,'NONE');
INSERT INTO page VALUES (1015,8,1100,265,'TD 800112','',0,'IMAGES/02','opr03DXZ38.tif',0,0,'',0,'NONE');
INSERT INTO page VALUES (1016,8,1110,265,'TD 800113','',0,'IMAGES/02','opr03DXZ39.tif',0,0,'',0,'NONE');
INSERT INTO page VALUES (1017,8,1120,265,'TD 800114','',0,'IMAGES/02','opr03DXZ40.tif',0,0,'',0,'NONE');
INSERT INTO page VALUES (1018,8,1130,265,'TD 800115','',0,'IMAGES/02','opr03DXZ41.tif',0,0,'',0,'NONE');
INSERT INTO page VALUES (1019,8,1140,265,'TD 800116','',0,'IMAGES/02','opr03DXZ42.tif',0,0,'',0,'NONE');
INSERT INTO page VALUES (1020,8,1150,265,'TD 800117','',0,'IMAGES/02','opr03DXZ43.tif',0,0,'',0,'NONE');
INSERT INTO page VALUES (1021,8,1160,265,'TD 800118','',0,'IMAGES/02','opr03DXZ44.tif',0,0,'',0,'NONE');
INSERT INTO page VALUES (1022,8,1170,265,'TD 800119','',0,'IMAGES/02','opr03DXZ45.tif',0,0,'',0,'NONE');
INSERT INTO page VALUES (1023,8,1180,266,'TD 800120','F',0,'IMAGES/02','opr03DY001.tif',0,0,'F',0,'RANGE');
INSERT INTO page VALUES (1024,8,1190,267,'TD 800121','D',0,'IMAGES/02','opr03DY101.tif',0,0,'D',0,'RANGE');
INSERT INTO page VALUES (1025,8,1200,268,'TD 800122','D',0,'IMAGES/02','opr03DY301.tif',0,0,'D',0,'RANGE');
INSERT INTO page VALUES (1026,8,1210,269,'TD 800123','D',0,'IMAGES/02','opr03DY401.tif',0,0,'D',0,'RANGE');
INSERT INTO page VALUES (1027,8,1220,270,'TD 800124','D',0,'IMAGES/02','opr03DY601.tif',0,0,'D',0,'RANGE');
INSERT INTO page VALUES (1028,8,1230,271,'TD 800125','D',0,'IMAGES/02','opr03DY602.tif',0,0,'D',0,'RANGE');
INSERT INTO page VALUES (1029,8,1240,272,'TD 800126','D',0,'IMAGES/02','opr03DY701.tif',0,0,'D',0,'RANGE');
INSERT INTO page VALUES (1030,8,1250,272,'TD 800127','',0,'IMAGES/02','opr03DY702.tif',0,0,'',0,'NONE');
INSERT INTO page VALUES (1031,8,1260,273,'TD 800128','D',0,'IMAGES/02','opr03DYA01.tif',0,0,'D',0,'RANGE');
INSERT INTO page VALUES (1032,8,1270,274,'TD 800129','C',0,'IMAGES/02','opr03DYA02.tif',0,0,'C',0,'CHILD');
INSERT INTO page VALUES (1033,8,1280,274,'TD 800130','',0,'IMAGES/02','opr03DYA03.tif',0,0,'',0,'NONE');
INSERT INTO page VALUES (1034,8,1290,274,'TD 800131','',0,'IMAGES/02','opr03DYA04.tif',0,0,'',0,'NONE');
INSERT INTO page VALUES (1035,9,10,275,'TD 900003','D',0,'IMAGES/01','opr03DWW01.tif',0,0,'D',0,'RANGE');
INSERT INTO page VALUES (1036,9,20,276,'TD 900004','C',0,'IMAGES/01','opr03DWX01.tif',0,0,'C',0,'CHILD');
INSERT INTO page VALUES (1037,9,30,276,'TD 900005','',0,'IMAGES/01','opr03DWX02.tif',0,0,'',0,'NONE');
INSERT INTO page VALUES (1038,9,40,276,'TD 900006','',0,'IMAGES/01','opr03DWX03.tif',0,0,'',0,'NONE');
INSERT INTO page VALUES (1039,9,50,276,'TD 900007','',0,'IMAGES/01','opr03DWX04.tif',0,0,'',0,'NONE');
INSERT INTO page VALUES (1040,9,60,276,'TD 900008','',0,'IMAGES/01','opr03DWX05.tif',0,0,'',0,'NONE');
INSERT INTO page VALUES (1041,9,70,277,'TD 900009','C',0,'IMAGES/01','opr03DWY01.tif',0,0,'C',0,'CHILD');
INSERT INTO page VALUES (1042,9,80,277,'TD 900010','',0,'IMAGES/01','opr03DWY02.tif',0,0,'',0,'NONE');
INSERT INTO page VALUES (1043,9,90,278,'TD 900011','D',0,'IMAGES/01','opr03DX801.tif',0,0,'D',0,'RANGE');
INSERT INTO page VALUES (1044,9,100,279,'TD 900012','D',0,'IMAGES/01','opr03DXA01.tif',0,0,'D',0,'RANGE');
INSERT INTO page VALUES (1045,9,110,280,'TD 900013','F',0,'IMAGES/01','opr03DXC01.tif',0,0,'F',0,'RANGE');
INSERT INTO page VALUES (1046,9,120,281,'TD 900014','D',0,'IMAGES/01','opr03DXD01.tif',0,0,'D',0,'RANGE');
INSERT INTO page VALUES (1047,9,130,282,'TD 900015','D',0,'IMAGES/01','opr03DXE01.tif',0,0,'D',0,'RANGE');
INSERT INTO page VALUES (1048,9,140,282,'TD 900016','',0,'IMAGES/01','opr03DXE02.tif',0,0,'',0,'NONE');
INSERT INTO page VALUES (1049,9,150,282,'TD 900017','',0,'IMAGES/01','opr03DXE03.tif',0,0,'',0,'NONE');
INSERT INTO page VALUES (1050,9,160,283,'TD 900018','D',0,'IMAGES/01','opr03DXF01.tif',0,0,'D',0,'RANGE');
INSERT INTO page VALUES (1051,9,170,284,'TD 900019','D',0,'IMAGES/01','opr03DXH01.tif',0,0,'D',0,'RANGE');
INSERT INTO page VALUES (1052,9,180,284,'TD 900020','',0,'IMAGES/01','opr03DXH02.tif',0,0,'',0,'NONE');
INSERT INTO page VALUES (1053,9,190,284,'TD 900021','',0,'IMAGES/01','opr03DXH03.tif',0,0,'',0,'NONE');
INSERT INTO page VALUES (1054,9,200,284,'TD 900022','',0,'IMAGES/01','opr03DXH04.tif',0,0,'',0,'NONE');
INSERT INTO page VALUES (1055,9,210,284,'TD 900023','',0,'IMAGES/01','opr03DXH05.tif',0,0,'',0,'NONE');
INSERT INTO page VALUES (1056,9,220,284,'TD 900024','',0,'IMAGES/01','opr03DXH06.tif',0,0,'',0,'NONE');
INSERT INTO page VALUES (1057,9,230,284,'TD 900025','',0,'IMAGES/01','opr03DXH07.tif',0,0,'',0,'NONE');
INSERT INTO page VALUES (1058,9,240,284,'TD 900026','',0,'IMAGES/01','opr03DXH08.tif',0,0,'',0,'NONE');
INSERT INTO page VALUES (1059,9,250,284,'TD 900027','',0,'IMAGES/01','opr03DXH09.tif',0,0,'',0,'NONE');
INSERT INTO page VALUES (1060,9,260,284,'TD 900028','',0,'IMAGES/01','opr03DXH10.tif',0,0,'',0,'NONE');
INSERT INTO page VALUES (1061,9,270,284,'TD 900029','',0,'IMAGES/01','opr03DXH11.tif',0,0,'',0,'NONE');
INSERT INTO page VALUES (1062,9,280,284,'TD 900030','',0,'IMAGES/01','opr03DXH12.tif',0,0,'',0,'NONE');
INSERT INTO page VALUES (1063,9,290,284,'TD 900031','',0,'IMAGES/01','opr03DXH13.tif',0,0,'',0,'NONE');
INSERT INTO page VALUES (1064,9,300,284,'TD 900032','',0,'IMAGES/01','opr03DXH14.tif',0,0,'',0,'NONE');
INSERT INTO page VALUES (1065,9,310,284,'TD 900033','',0,'IMAGES/01','opr03DXH15.tif',0,0,'',0,'NONE');
INSERT INTO page VALUES (1066,9,320,284,'TD 900034','',0,'IMAGES/01','opr03DXh16.tif',0,0,'',0,'NONE');
INSERT INTO page VALUES (1067,9,330,284,'TD 900035','',0,'IMAGES/01','opr03DXH17.tif',0,0,'',0,'NONE');
INSERT INTO page VALUES (1068,9,340,284,'TD 900036','',0,'IMAGES/01','opr03DXH18.tif',0,0,'',0,'NONE');
INSERT INTO page VALUES (1069,9,350,284,'TD 900037','',0,'IMAGES/01','opr03DXH19.tif',0,0,'',0,'NONE');
INSERT INTO page VALUES (1070,9,360,284,'TD 900038','',0,'IMAGES/01','opr03DXH20.tif',0,0,'',0,'NONE');
INSERT INTO page VALUES (1071,9,370,285,'TD 900039','F',0,'IMAGES/01','opr03DXJ01.tif',0,0,'F',0,'RANGE');
INSERT INTO page VALUES (1072,9,380,286,'TD 900040','D',0,'IMAGES/01','opr03DXK01.tif',0,0,'D',0,'RANGE');
INSERT INTO page VALUES (1073,9,390,287,'TD 900041','C',0,'IMAGES/01','opr03DXM01.tif',0,0,'C',0,'CHILD');
INSERT INTO page VALUES (1074,9,400,287,'TD 900042','',0,'IMAGES/01','opr03DXM02.tif',0,0,'',0,'NONE');
INSERT INTO page VALUES (1075,9,410,287,'TD 900043','',0,'IMAGES/01','opr03DXM03.tif',0,0,'',0,'NONE');
INSERT INTO page VALUES (1076,9,420,288,'TD 900044','D',0,'IMAGES/01','opr03DXN01.tif',0,0,'D',0,'RANGE');
INSERT INTO page VALUES (1077,9,430,288,'TD 900045','',0,'IMAGES/01','opr03DXN02.tif',0,0,'',0,'NONE');
INSERT INTO page VALUES (1078,9,440,288,'TD 900046','',0,'IMAGES/01','opr03DXN03.tif',0,0,'',0,'NONE');
INSERT INTO page VALUES (1079,9,450,288,'TD 900047','',0,'IMAGES/01','opr03DXN04.tif',0,0,'',0,'NONE');
INSERT INTO page VALUES (1080,9,460,288,'TD 900048','',0,'IMAGES/01','opr03DXN05.tif',0,0,'',0,'NONE');
INSERT INTO page VALUES (1081,9,470,289,'TD 900049','C',0,'IMAGES/01','opr03DXN06.tif',0,0,'C',0,'CHILD');
INSERT INTO page VALUES (1082,9,480,290,'TD 900050','C',0,'IMAGES/01','opr03DXN07.tif',0,0,'C',0,'CHILD');
INSERT INTO page VALUES (1083,9,490,291,'TD 900051','F',0,'IMAGES/01','opr03DXO01.tif',0,0,'F',0,'RANGE');
INSERT INTO page VALUES (1084,9,500,292,'TD 900052','D',0,'IMAGES/01','opr03DXP01.tif',0,0,'D',0,'RANGE');
INSERT INTO page VALUES (1085,9,510,293,'TD 900053','D',0,'IMAGES/01','opr03DXQ01.tif',0,0,'D',0,'RANGE');
INSERT INTO page VALUES (1086,9,520,293,'TD 900054','',0,'IMAGES/01','opr03DXQ02.tif',0,0,'',0,'NONE');
INSERT INTO page VALUES (1087,9,530,293,'TD 900055','',0,'IMAGES/01','opr03DXQ03.tif',0,0,'',0,'NONE');
INSERT INTO page VALUES (1088,9,540,293,'TD 900056','',0,'IMAGES/01','opr03DXQ04.tif',0,0,'',0,'NONE');
INSERT INTO page VALUES (1089,9,550,293,'TD 900057','',0,'IMAGES/01','opr03DXQ05.tif',0,0,'',0,'NONE');
INSERT INTO page VALUES (1090,9,560,293,'TD 900058','',0,'IMAGES/01','opr03DXQ06.tif',0,0,'',0,'NONE');
INSERT INTO page VALUES (1091,9,570,294,'TD 900059','F',0,'IMAGES/02','opr03DXR01.tif',0,0,'F',0,'RANGE');
INSERT INTO page VALUES (1092,9,580,295,'TD 900060','D',0,'IMAGES/02','opr03DXS01.tif',0,0,'D',0,'RANGE');
INSERT INTO page VALUES (1093,9,590,296,'TD 900061','D',0,'IMAGES/02','opr03DXT01.tif',0,0,'D',0,'RANGE');
INSERT INTO page VALUES (1094,9,600,297,'TD 900062','D',0,'IMAGES/02','opr03DXV01.tif',0,0,'D',0,'RANGE');
INSERT INTO page VALUES (1095,9,610,297,'TD 900063','',0,'IMAGES/02','opr03DXV02.tif',0,0,'',0,'NONE');
INSERT INTO page VALUES (1096,9,620,297,'TD 900064','',0,'IMAGES/02','opr03DXV03.tif',0,0,'',0,'NONE');
INSERT INTO page VALUES (1097,9,630,297,'TD 900065','',0,'IMAGES/02','opr03DXV04.tif',0,0,'',0,'NONE');
INSERT INTO page VALUES (1098,9,640,297,'TD 900066','',0,'IMAGES/02','opr03DXV05.tif',0,0,'',0,'NONE');
INSERT INTO page VALUES (1099,9,650,297,'TD 900067','',0,'IMAGES/02','opr03DXV06.tif',0,0,'',0,'NONE');
INSERT INTO page VALUES (1100,9,660,297,'TD 900068','',0,'IMAGES/02','opr03DXV07.tif',0,0,'',0,'NONE');
INSERT INTO page VALUES (1101,9,670,297,'TD 900069','',0,'IMAGES/02','opr03DXV08.tif',0,0,'',0,'NONE');
INSERT INTO page VALUES (1102,9,680,298,'TD 900070','D',0,'IMAGES/02','opr03DXY01.tif',0,0,'D',0,'RANGE');
INSERT INTO page VALUES (1103,9,690,298,'TD 900071','',0,'IMAGES/02','opr03DXY02.tif',0,0,'',0,'NONE');
INSERT INTO page VALUES (1104,9,700,298,'TD 900072','',0,'IMAGES/02','opr03DXY03.tif',0,0,'',0,'NONE');
INSERT INTO page VALUES (1105,9,710,298,'TD 900073','',0,'IMAGES/02','opr03DXY04.tif',0,0,'',0,'NONE');
INSERT INTO page VALUES (1106,9,720,298,'TD 900074','',0,'IMAGES/02','opr03DXY05.tif',0,0,'',0,'NONE');
INSERT INTO page VALUES (1107,9,730,299,'TD 900075','D',0,'IMAGES/02','opr03DXZ01.tif',0,0,'D',0,'RANGE');
INSERT INTO page VALUES (1108,9,740,299,'TD 900076','',0,'IMAGES/02','opr03DXZ02.tif',0,0,'',0,'NONE');
INSERT INTO page VALUES (1109,9,750,299,'TD 900077','',0,'IMAGES/02','opr03DXZ03.tif',0,0,'',0,'NONE');
INSERT INTO page VALUES (1110,9,760,299,'TD 900078','',0,'IMAGES/02','opr03DXZ04.tif',0,0,'',0,'NONE');
INSERT INTO page VALUES (1111,9,770,299,'TD 900079','',0,'IMAGES/02','opr03DXZ05.tif',0,0,'',0,'NONE');
INSERT INTO page VALUES (1112,9,780,299,'TD 900080','',0,'IMAGES/02','opr03DXZ06.tif',0,0,'',0,'NONE');
INSERT INTO page VALUES (1113,9,790,299,'TD 900081','',0,'IMAGES/02','opr03DXZ07.tif',0,0,'',0,'NONE');
INSERT INTO page VALUES (1114,9,800,299,'TD 900082','',0,'IMAGES/02','opr03DXZ08.tif',0,0,'',0,'NONE');
INSERT INTO page VALUES (1115,9,810,299,'TD 900083','',0,'IMAGES/02','opr03DXZ09.tif',0,0,'',0,'NONE');
INSERT INTO page VALUES (1116,9,820,299,'TD 900084','',0,'IMAGES/02','opr03DXZ10.tif',0,0,'',0,'NONE');
INSERT INTO page VALUES (1117,9,830,299,'TD 900085','',0,'IMAGES/02','opr03DXZ11.tif',0,0,'',0,'NONE');
INSERT INTO page VALUES (1118,9,840,299,'TD 900086','',0,'IMAGES/02','opr03DXZ12.tif',0,0,'',0,'NONE');
INSERT INTO page VALUES (1119,9,850,299,'TD 900087','',0,'IMAGES/02','opr03DXZ13.tif',0,0,'',0,'NONE');
INSERT INTO page VALUES (1120,9,860,299,'TD 900088','',0,'IMAGES/02','opr03DXZ14.tif',0,0,'',0,'NONE');
INSERT INTO page VALUES (1121,9,870,299,'TD 900089','',0,'IMAGES/02','opr03DXZ15.tif',0,0,'',0,'NONE');
INSERT INTO page VALUES (1122,9,880,299,'TD 900090','',0,'IMAGES/02','opr03DXZ16.tif',0,0,'',0,'NONE');
INSERT INTO page VALUES (1123,9,890,299,'TD 900091','',0,'IMAGES/02','opr03DXZ17.tif',0,0,'',0,'NONE');
INSERT INTO page VALUES (1124,9,900,299,'TD 900092','',0,'IMAGES/02','opr03DXZ18.tif',0,0,'',0,'NONE');
INSERT INTO page VALUES (1125,9,910,299,'TD 900093','',0,'IMAGES/02','opr03DXZ19.tif',0,0,'',0,'NONE');
INSERT INTO page VALUES (1126,9,920,299,'TD 900094','',0,'IMAGES/02','opr03DXZ20.tif',0,0,'',0,'NONE');
INSERT INTO page VALUES (1127,9,930,299,'TD 900095','',0,'IMAGES/02','opr03DXZ21.tif',0,0,'',0,'NONE');
INSERT INTO page VALUES (1128,9,940,299,'TD 900096','',0,'IMAGES/02','opr03DXZ22.tif',0,0,'',0,'NONE');
INSERT INTO page VALUES (1129,9,950,299,'TD 900097','',0,'IMAGES/02','opr03DXZ23.tif',0,0,'',0,'NONE');
INSERT INTO page VALUES (1130,9,960,299,'TD 900098','',0,'IMAGES/02','opr03DXZ24.tif',0,0,'',0,'NONE');
INSERT INTO page VALUES (1131,9,970,299,'TD 900099','',0,'IMAGES/02','opr03DXZ25.tif',0,0,'',0,'NONE');
INSERT INTO page VALUES (1132,9,980,299,'TD 900100','',0,'IMAGES/02','opr03DXZ26.tif',0,0,'',0,'NONE');
INSERT INTO page VALUES (1133,9,990,299,'TD 900101','',0,'IMAGES/02','opr03DXZ27.tif',0,0,'',0,'NONE');
INSERT INTO page VALUES (1134,9,1000,299,'TD 900102','',0,'IMAGES/02','opr03DXZ28.tif',0,0,'',0,'NONE');
INSERT INTO page VALUES (1135,9,1010,299,'TD 900103','',0,'IMAGES/02','opr03DXZ29.tif',0,0,'',0,'NONE');
INSERT INTO page VALUES (1136,9,1020,299,'TD 900104','',0,'IMAGES/02','opr03DXZ30.tif',0,0,'',0,'NONE');
INSERT INTO page VALUES (1137,9,1030,299,'TD 900105','',0,'IMAGES/02','opr03DXZ31.tif',0,0,'',0,'NONE');
INSERT INTO page VALUES (1138,9,1040,299,'TD 900106','',0,'IMAGES/02','opr03DXZ32.tif',0,0,'',0,'NONE');
INSERT INTO page VALUES (1139,9,1050,299,'TD 900107','',0,'IMAGES/02','opr03DXZ33.tif',0,0,'',0,'NONE');
INSERT INTO page VALUES (1140,9,1060,299,'TD 900108','',0,'IMAGES/02','opr03DXZ34.tif',0,0,'',0,'NONE');
INSERT INTO page VALUES (1141,9,1070,299,'TD 900109','',0,'IMAGES/02','opr03DXZ35.tif',0,0,'',0,'NONE');
INSERT INTO page VALUES (1142,9,1080,299,'TD 900110','',0,'IMAGES/02','opr03DXZ36.tif',0,0,'',0,'NONE');
INSERT INTO page VALUES (1143,9,1090,299,'TD 900111','',0,'IMAGES/02','opr03DXZ37.tif',0,0,'',0,'NONE');
INSERT INTO page VALUES (1144,9,1100,299,'TD 900112','',0,'IMAGES/02','opr03DXZ38.tif',0,0,'',0,'NONE');
INSERT INTO page VALUES (1145,9,1110,299,'TD 900113','',0,'IMAGES/02','opr03DXZ39.tif',0,0,'',0,'NONE');
INSERT INTO page VALUES (1146,9,1120,299,'TD 900114','',0,'IMAGES/02','opr03DXZ40.tif',0,0,'',0,'NONE');
INSERT INTO page VALUES (1147,9,1130,299,'TD 900115','',0,'IMAGES/02','opr03DXZ41.tif',0,0,'',0,'NONE');
INSERT INTO page VALUES (1148,9,1140,299,'TD 900116','',0,'IMAGES/02','opr03DXZ42.tif',0,0,'',0,'NONE');
INSERT INTO page VALUES (1149,9,1150,299,'TD 900117','',0,'IMAGES/02','opr03DXZ43.tif',0,0,'',0,'NONE');
INSERT INTO page VALUES (1150,9,1160,299,'TD 900118','',0,'IMAGES/02','opr03DXZ44.tif',0,0,'',0,'NONE');
INSERT INTO page VALUES (1151,9,1170,299,'TD 900119','',0,'IMAGES/02','opr03DXZ45.tif',0,0,'',0,'NONE');
INSERT INTO page VALUES (1152,9,1180,300,'TD 900120','F',0,'IMAGES/02','opr03DY001.tif',0,0,'F',0,'RANGE');
INSERT INTO page VALUES (1153,9,1190,301,'TD 900121','D',0,'IMAGES/02','opr03DY101.tif',0,0,'D',0,'RANGE');
INSERT INTO page VALUES (1154,9,1200,302,'TD 900122','D',0,'IMAGES/02','opr03DY301.tif',0,0,'D',0,'RANGE');
INSERT INTO page VALUES (1155,9,1210,303,'TD 900123','D',0,'IMAGES/02','opr03DY401.tif',0,0,'D',0,'RANGE');
INSERT INTO page VALUES (1156,9,1220,304,'TD 900124','D',0,'IMAGES/02','opr03DY601.tif',0,0,'D',0,'RANGE');
INSERT INTO page VALUES (1157,9,1230,305,'TD 900125','D',0,'IMAGES/02','opr03DY602.tif',0,0,'D',0,'RANGE');
INSERT INTO page VALUES (1158,9,1240,306,'TD 900126','D',0,'IMAGES/02','opr03DY701.tif',0,0,'D',0,'RANGE');
INSERT INTO page VALUES (1159,9,1250,306,'TD 900127','',0,'IMAGES/02','opr03DY702.tif',0,0,'',0,'NONE');
INSERT INTO page VALUES (1160,9,1260,307,'TD 900128','D',0,'IMAGES/02','opr03DYA01.tif',0,0,'D',0,'RANGE');
INSERT INTO page VALUES (1161,9,1270,308,'TD 900129','C',0,'IMAGES/02','opr03DYA02.tif',0,0,'C',0,'CHILD');
INSERT INTO page VALUES (1162,9,1280,308,'TD 900130','',0,'IMAGES/02','opr03DYA03.tif',0,0,'',0,'NONE');
INSERT INTO page VALUES (1163,9,1290,308,'TD 900131','',0,'IMAGES/02','opr03DYA04.tif',0,0,'',0,'NONE');
INSERT INTO page VALUES (1164,10,10,309,'TD 100003','D',0,'IMAGES/01','opr03DWW01.tif',0,0,'D',0,'RANGE');
INSERT INTO page VALUES (1165,10,20,310,'TD 100004','C',0,'IMAGES/01','opr03DWX01.tif',0,0,'C',0,'CHILD');
INSERT INTO page VALUES (1166,10,30,310,'TD 100005','',0,'IMAGES/01','opr03DWX02.tif',0,0,'',0,'NONE');
INSERT INTO page VALUES (1167,10,40,310,'TD 100006','',0,'IMAGES/01','opr03DWX03.tif',0,0,'',0,'NONE');
INSERT INTO page VALUES (1168,10,50,310,'TD 100007','',0,'IMAGES/01','opr03DWX04.tif',0,0,'',0,'NONE');
INSERT INTO page VALUES (1169,10,60,310,'TD 100008','',0,'IMAGES/01','opr03DWX05.tif',0,0,'',0,'NONE');
INSERT INTO page VALUES (1170,10,70,311,'TD 100009','C',0,'IMAGES/01','opr03DWY01.tif',0,0,'C',0,'CHILD');
INSERT INTO page VALUES (1171,10,80,311,'TD 100010','',0,'IMAGES/01','opr03DWY02.tif',0,0,'',0,'NONE');
INSERT INTO page VALUES (1172,10,90,312,'TD 100011','D',0,'IMAGES/01','opr03DX801.tif',0,0,'D',0,'RANGE');
INSERT INTO page VALUES (1173,10,100,313,'TD 100012','D',0,'IMAGES/01','opr03DXA01.tif',0,0,'D',0,'RANGE');
INSERT INTO page VALUES (1174,10,110,314,'TD 100013','F',0,'IMAGES/01','opr03DXC01.tif',0,0,'F',0,'RANGE');
INSERT INTO page VALUES (1175,10,120,315,'TD 100014','D',0,'IMAGES/01','opr03DXD01.tif',0,0,'D',0,'RANGE');
INSERT INTO page VALUES (1176,10,130,316,'TD 100015','D',0,'IMAGES/01','opr03DXE01.tif',0,0,'D',0,'RANGE');
INSERT INTO page VALUES (1177,10,140,316,'TD 100016','',0,'IMAGES/01','opr03DXE02.tif',0,0,'',0,'NONE');
INSERT INTO page VALUES (1178,10,150,316,'TD 100017','',0,'IMAGES/01','opr03DXE03.tif',0,0,'',0,'NONE');
INSERT INTO page VALUES (1179,10,160,317,'TD 100018','D',0,'IMAGES/01','opr03DXF01.tif',0,0,'D',0,'RANGE');
INSERT INTO page VALUES (1180,10,170,318,'TD 100019','D',0,'IMAGES/01','opr03DXH01.tif',0,0,'D',0,'RANGE');
INSERT INTO page VALUES (1181,10,180,318,'TD 100020','',0,'IMAGES/01','opr03DXH02.tif',0,0,'',0,'NONE');
INSERT INTO page VALUES (1182,10,190,318,'TD 100021','',0,'IMAGES/01','opr03DXH03.tif',0,0,'',0,'NONE');
INSERT INTO page VALUES (1183,10,200,318,'TD 100022','',0,'IMAGES/01','opr03DXH04.tif',0,0,'',0,'NONE');
INSERT INTO page VALUES (1184,10,210,318,'TD 100023','',0,'IMAGES/01','opr03DXH05.tif',0,0,'',0,'NONE');
INSERT INTO page VALUES (1185,10,220,318,'TD 100024','',0,'IMAGES/01','opr03DXH06.tif',0,0,'',0,'NONE');
INSERT INTO page VALUES (1186,10,230,318,'TD 100025','',0,'IMAGES/01','opr03DXH07.tif',0,0,'',0,'NONE');
INSERT INTO page VALUES (1187,10,240,318,'TD 100026','',0,'IMAGES/01','opr03DXH08.tif',0,0,'',0,'NONE');
INSERT INTO page VALUES (1188,10,250,318,'TD 100027','',0,'IMAGES/01','opr03DXH09.tif',0,0,'',0,'NONE');
INSERT INTO page VALUES (1189,10,260,318,'TD 100028','',0,'IMAGES/01','opr03DXH10.tif',0,0,'',0,'NONE');
INSERT INTO page VALUES (1190,10,270,318,'TD 100029','',0,'IMAGES/01','opr03DXH11.tif',0,0,'',0,'NONE');
INSERT INTO page VALUES (1191,10,280,318,'TD 100030','',0,'IMAGES/01','opr03DXH12.tif',0,0,'',0,'NONE');
INSERT INTO page VALUES (1192,10,290,318,'TD 100031','',0,'IMAGES/01','opr03DXH13.tif',0,0,'',0,'NONE');
INSERT INTO page VALUES (1193,10,300,318,'TD 100032','',0,'IMAGES/01','opr03DXH14.tif',0,0,'',0,'NONE');
INSERT INTO page VALUES (1194,10,310,318,'TD 100033','',0,'IMAGES/01','opr03DXH15.tif',0,0,'',0,'NONE');
INSERT INTO page VALUES (1195,10,320,318,'TD 100034','',0,'IMAGES/01','opr03DXh16.tif',0,0,'',0,'NONE');
INSERT INTO page VALUES (1196,10,330,318,'TD 100035','',0,'IMAGES/01','opr03DXH17.tif',0,0,'',0,'NONE');
INSERT INTO page VALUES (1197,10,340,318,'TD 100036','',0,'IMAGES/01','opr03DXH18.tif',0,0,'',0,'NONE');
INSERT INTO page VALUES (1198,10,350,318,'TD 100037','',0,'IMAGES/01','opr03DXH19.tif',0,0,'',0,'NONE');
INSERT INTO page VALUES (1199,10,360,318,'TD 100038','',0,'IMAGES/01','opr03DXH20.tif',0,0,'',0,'NONE');
INSERT INTO page VALUES (1200,10,370,319,'TD 100039','F',0,'IMAGES/01','opr03DXJ01.tif',0,0,'F',0,'RANGE');
INSERT INTO page VALUES (1201,10,380,320,'TD 100040','D',0,'IMAGES/01','opr03DXK01.tif',0,0,'D',0,'RANGE');
INSERT INTO page VALUES (1202,10,390,321,'TD 100041','C',0,'IMAGES/01','opr03DXM01.tif',0,0,'C',0,'CHILD');
INSERT INTO page VALUES (1203,10,400,321,'TD 100042','',0,'IMAGES/01','opr03DXM02.tif',0,0,'',0,'NONE');
INSERT INTO page VALUES (1204,10,410,321,'TD 100043','',0,'IMAGES/01','opr03DXM03.tif',0,0,'',0,'NONE');
INSERT INTO page VALUES (1205,10,420,322,'TD 100044','D',0,'IMAGES/01','opr03DXN01.tif',0,0,'D',0,'RANGE');
INSERT INTO page VALUES (1206,10,430,322,'TD 100045','',0,'IMAGES/01','opr03DXN02.tif',0,0,'',0,'NONE');
INSERT INTO page VALUES (1207,10,440,322,'TD 100046','',0,'IMAGES/01','opr03DXN03.tif',0,0,'',0,'NONE');
INSERT INTO page VALUES (1208,10,450,322,'TD 100047','',0,'IMAGES/01','opr03DXN04.tif',0,0,'',0,'NONE');
INSERT INTO page VALUES (1209,10,460,322,'TD 100048','',0,'IMAGES/01','opr03DXN05.tif',0,0,'',0,'NONE');
INSERT INTO page VALUES (1210,10,470,323,'TD 100049','C',0,'IMAGES/01','opr03DXN06.tif',0,0,'C',0,'CHILD');
INSERT INTO page VALUES (1211,10,480,324,'TD 100050','C',0,'IMAGES/01','opr03DXN07.tif',0,0,'C',0,'CHILD');
INSERT INTO page VALUES (1212,10,490,325,'TD 100051','F',0,'IMAGES/01','opr03DXO01.tif',0,0,'F',0,'RANGE');
INSERT INTO page VALUES (1213,10,500,326,'TD 100052','D',0,'IMAGES/01','opr03DXP01.tif',0,0,'D',0,'RANGE');
INSERT INTO page VALUES (1214,10,510,327,'TD 100053','D',0,'IMAGES/01','opr03DXQ01.tif',0,0,'D',0,'RANGE');
INSERT INTO page VALUES (1215,10,520,327,'TD 100054','',0,'IMAGES/01','opr03DXQ02.tif',0,0,'',0,'NONE');
INSERT INTO page VALUES (1216,10,530,327,'TD 100055','',0,'IMAGES/01','opr03DXQ03.tif',0,0,'',0,'NONE');
INSERT INTO page VALUES (1217,10,540,327,'TD 100056','',0,'IMAGES/01','opr03DXQ04.tif',0,0,'',0,'NONE');
INSERT INTO page VALUES (1218,10,550,327,'TD 100057','',0,'IMAGES/01','opr03DXQ05.tif',0,0,'',0,'NONE');
INSERT INTO page VALUES (1219,10,560,327,'TD 100058','',0,'IMAGES/01','opr03DXQ06.tif',0,0,'',0,'NONE');
INSERT INTO page VALUES (1220,10,570,328,'TD 100059','F',0,'IMAGES/02','opr03DXR01.tif',0,0,'F',0,'RANGE');
INSERT INTO page VALUES (1221,10,580,329,'TD 100060','D',0,'IMAGES/02','opr03DXS01.tif',0,0,'D',0,'RANGE');
INSERT INTO page VALUES (1222,10,590,330,'TD 100061','D',0,'IMAGES/02','opr03DXT01.tif',0,0,'D',0,'RANGE');
INSERT INTO page VALUES (1223,10,600,331,'TD 100062','D',0,'IMAGES/02','opr03DXV01.tif',0,0,'D',0,'RANGE');
INSERT INTO page VALUES (1224,10,610,331,'TD 100063','',0,'IMAGES/02','opr03DXV02.tif',0,0,'',0,'NONE');
INSERT INTO page VALUES (1225,10,620,331,'TD 100064','',0,'IMAGES/02','opr03DXV03.tif',0,0,'',0,'NONE');
INSERT INTO page VALUES (1226,10,630,331,'TD 100065','',0,'IMAGES/02','opr03DXV04.tif',0,0,'',0,'NONE');
INSERT INTO page VALUES (1227,10,640,331,'TD 100066','',0,'IMAGES/02','opr03DXV05.tif',0,0,'',0,'NONE');
INSERT INTO page VALUES (1228,10,650,331,'TD 100067','',0,'IMAGES/02','opr03DXV06.tif',0,0,'',0,'NONE');
INSERT INTO page VALUES (1229,10,660,331,'TD 100068','',0,'IMAGES/02','opr03DXV07.tif',0,0,'',0,'NONE');
INSERT INTO page VALUES (1230,10,670,331,'TD 100069','',0,'IMAGES/02','opr03DXV08.tif',0,0,'',0,'NONE');
INSERT INTO page VALUES (1231,10,680,332,'TD 100070','D',0,'IMAGES/02','opr03DXY01.tif',0,0,'D',0,'RANGE');
INSERT INTO page VALUES (1232,10,690,332,'TD 100071','',0,'IMAGES/02','opr03DXY02.tif',0,0,'',0,'NONE');
INSERT INTO page VALUES (1233,10,700,332,'TD 100072','',0,'IMAGES/02','opr03DXY03.tif',0,0,'',0,'NONE');
INSERT INTO page VALUES (1234,10,710,332,'TD 100073','',0,'IMAGES/02','opr03DXY04.tif',0,0,'',0,'NONE');
INSERT INTO page VALUES (1235,10,720,332,'TD 100074','',0,'IMAGES/02','opr03DXY05.tif',0,0,'',0,'NONE');
INSERT INTO page VALUES (1236,10,730,333,'TD 100075','D',0,'IMAGES/02','opr03DXZ01.tif',0,0,'D',0,'RANGE');
INSERT INTO page VALUES (1237,10,740,333,'TD 100076','',0,'IMAGES/02','opr03DXZ02.tif',0,0,'',0,'NONE');
INSERT INTO page VALUES (1238,10,750,333,'TD 100077','',0,'IMAGES/02','opr03DXZ03.tif',0,0,'',0,'NONE');
INSERT INTO page VALUES (1239,10,760,333,'TD 100078','',0,'IMAGES/02','opr03DXZ04.tif',0,0,'',0,'NONE');
INSERT INTO page VALUES (1240,10,770,333,'TD 100079','',0,'IMAGES/02','opr03DXZ05.tif',0,0,'',0,'NONE');
INSERT INTO page VALUES (1241,10,780,333,'TD 100080','',0,'IMAGES/02','opr03DXZ06.tif',0,0,'',0,'NONE');
INSERT INTO page VALUES (1242,10,790,333,'TD 100081','',0,'IMAGES/02','opr03DXZ07.tif',0,0,'',0,'NONE');
INSERT INTO page VALUES (1243,10,800,333,'TD 100082','',0,'IMAGES/02','opr03DXZ08.tif',0,0,'',0,'NONE');
INSERT INTO page VALUES (1244,10,810,333,'TD 100083','',0,'IMAGES/02','opr03DXZ09.tif',0,0,'',0,'NONE');
INSERT INTO page VALUES (1245,10,820,333,'TD 100084','',0,'IMAGES/02','opr03DXZ10.tif',0,0,'',0,'NONE');
INSERT INTO page VALUES (1246,10,830,333,'TD 100085','',0,'IMAGES/02','opr03DXZ11.tif',0,0,'',0,'NONE');
INSERT INTO page VALUES (1247,10,840,333,'TD 100086','',0,'IMAGES/02','opr03DXZ12.tif',0,0,'',0,'NONE');
INSERT INTO page VALUES (1248,10,850,333,'TD 100087','',0,'IMAGES/02','opr03DXZ13.tif',0,0,'',0,'NONE');
INSERT INTO page VALUES (1249,10,860,333,'TD 100088','',0,'IMAGES/02','opr03DXZ14.tif',0,0,'',0,'NONE');
INSERT INTO page VALUES (1250,10,870,333,'TD 100089','',0,'IMAGES/02','opr03DXZ15.tif',0,0,'',0,'NONE');
INSERT INTO page VALUES (1251,10,880,333,'TD 100090','',0,'IMAGES/02','opr03DXZ16.tif',0,0,'',0,'NONE');
INSERT INTO page VALUES (1252,10,890,333,'TD 100091','',0,'IMAGES/02','opr03DXZ17.tif',0,0,'',0,'NONE');
INSERT INTO page VALUES (1253,10,900,333,'TD 100092','',0,'IMAGES/02','opr03DXZ18.tif',0,0,'',0,'NONE');
INSERT INTO page VALUES (1254,10,910,333,'TD 100093','',0,'IMAGES/02','opr03DXZ19.tif',0,0,'',0,'NONE');
INSERT INTO page VALUES (1255,10,920,333,'TD 100094','',0,'IMAGES/02','opr03DXZ20.tif',0,0,'',0,'NONE');
INSERT INTO page VALUES (1256,10,930,333,'TD 100095','',0,'IMAGES/02','opr03DXZ21.tif',0,0,'',0,'NONE');
INSERT INTO page VALUES (1257,10,940,333,'TD 100096','',0,'IMAGES/02','opr03DXZ22.tif',0,0,'',0,'NONE');
INSERT INTO page VALUES (1258,10,950,333,'TD 100097','',0,'IMAGES/02','opr03DXZ23.tif',0,0,'',0,'NONE');
INSERT INTO page VALUES (1259,10,960,333,'TD 100098','',0,'IMAGES/02','opr03DXZ24.tif',0,0,'',0,'NONE');
INSERT INTO page VALUES (1260,10,970,333,'TD 100099','',0,'IMAGES/02','opr03DXZ25.tif',0,0,'',0,'NONE');
INSERT INTO page VALUES (1261,10,980,333,'TD 100100','',0,'IMAGES/02','opr03DXZ26.tif',0,0,'',0,'NONE');
INSERT INTO page VALUES (1262,10,990,333,'TD 100101','',0,'IMAGES/02','opr03DXZ27.tif',0,0,'',0,'NONE');
INSERT INTO page VALUES (1263,10,1000,333,'TD 100102','',0,'IMAGES/02','opr03DXZ28.tif',0,0,'',0,'NONE');
INSERT INTO page VALUES (1264,10,1010,333,'TD 100103','',0,'IMAGES/02','opr03DXZ29.tif',0,0,'',0,'NONE');
INSERT INTO page VALUES (1265,10,1020,333,'TD 100104','',0,'IMAGES/02','opr03DXZ30.tif',0,0,'',0,'NONE');
INSERT INTO page VALUES (1266,10,1030,333,'TD 100105','',0,'IMAGES/02','opr03DXZ31.tif',0,0,'',0,'NONE');
INSERT INTO page VALUES (1267,10,1040,333,'TD 100106','',0,'IMAGES/02','opr03DXZ32.tif',0,0,'',0,'NONE');
INSERT INTO page VALUES (1268,10,1050,333,'TD 100107','',0,'IMAGES/02','opr03DXZ33.tif',0,0,'',0,'NONE');
INSERT INTO page VALUES (1269,10,1060,333,'TD 100108','',0,'IMAGES/02','opr03DXZ34.tif',0,0,'',0,'NONE');
INSERT INTO page VALUES (1270,10,1070,333,'TD 100109','',0,'IMAGES/02','opr03DXZ35.tif',0,0,'',0,'NONE');
INSERT INTO page VALUES (1271,10,1080,333,'TD 100110','',0,'IMAGES/02','opr03DXZ36.tif',0,0,'',0,'NONE');
INSERT INTO page VALUES (1272,10,1090,333,'TD 100111','',0,'IMAGES/02','opr03DXZ37.tif',0,0,'',0,'NONE');
INSERT INTO page VALUES (1273,10,1100,333,'TD 100112','',0,'IMAGES/02','opr03DXZ38.tif',0,0,'',0,'NONE');
INSERT INTO page VALUES (1274,10,1110,333,'TD 100113','',0,'IMAGES/02','opr03DXZ39.tif',0,0,'',0,'NONE');
INSERT INTO page VALUES (1275,10,1120,333,'TD 100114','',0,'IMAGES/02','opr03DXZ40.tif',0,0,'',0,'NONE');
INSERT INTO page VALUES (1276,10,1130,333,'TD 100115','',0,'IMAGES/02','opr03DXZ41.tif',0,0,'',0,'NONE');
INSERT INTO page VALUES (1277,10,1140,333,'TD 100116','',0,'IMAGES/02','opr03DXZ42.tif',0,0,'',0,'NONE');
INSERT INTO page VALUES (1278,10,1150,333,'TD 100117','',0,'IMAGES/02','opr03DXZ43.tif',0,0,'',0,'NONE');
INSERT INTO page VALUES (1279,10,1160,333,'TD 100118','',0,'IMAGES/02','opr03DXZ44.tif',0,0,'',0,'NONE');
INSERT INTO page VALUES (1280,10,1170,333,'TD 100119','',0,'IMAGES/02','opr03DXZ45.tif',0,0,'',0,'NONE');
INSERT INTO page VALUES (1281,10,1180,334,'TD 100120','F',0,'IMAGES/02','opr03DY001.tif',0,0,'F',0,'RANGE');
INSERT INTO page VALUES (1282,10,1190,335,'TD 100121','D',0,'IMAGES/02','opr03DY101.tif',0,0,'D',0,'RANGE');
INSERT INTO page VALUES (1283,10,1200,336,'TD 100122','D',0,'IMAGES/02','opr03DY301.tif',0,0,'D',0,'RANGE');
INSERT INTO page VALUES (1284,10,1210,337,'TD 100123','D',0,'IMAGES/02','opr03DY401.tif',0,0,'D',0,'RANGE');
INSERT INTO page VALUES (1285,10,1220,338,'TD 100124','D',0,'IMAGES/02','opr03DY601.tif',0,0,'D',0,'RANGE');
INSERT INTO page VALUES (1286,10,1230,339,'TD 100125','D',0,'IMAGES/02','opr03DY602.tif',0,0,'D',0,'RANGE');
INSERT INTO page VALUES (1287,10,1240,340,'TD 100126','D',0,'IMAGES/02','opr03DY701.tif',0,0,'D',0,'RANGE');
INSERT INTO page VALUES (1288,10,1250,340,'TD 100127','',0,'IMAGES/02','opr03DY702.tif',0,0,'',0,'NONE');
INSERT INTO page VALUES (1289,10,1260,341,'TD 100128','D',0,'IMAGES/02','opr03DYA01.tif',0,0,'D',0,'RANGE');
INSERT INTO page VALUES (1290,10,1270,342,'TD 100129','C',0,'IMAGES/02','opr03DYA02.tif',0,0,'C',0,'CHILD');
INSERT INTO page VALUES (1291,10,1280,342,'TD 100130','',0,'IMAGES/02','opr03DYA03.tif',0,0,'',0,'NONE');
INSERT INTO page VALUES (1292,10,1290,342,'TD 100131','',0,'IMAGES/02','opr03DYA04.tif',0,0,'',0,'NONE');

--
-- Table structure for table `pageissue`
--

CREATE TABLE pageissue (
  page_id int(10) NOT NULL default '0',
  volume_id int(10) NOT NULL default '0',
  sequence int(11) NOT NULL default '0',
  issue_name varchar(40) NOT NULL default '',
  PRIMARY KEY  (page_id,sequence)
) TYPE=InnoDB;

--
-- Dumping data for table `pageissue`
--


--
-- Table structure for table `project`
--

CREATE TABLE project (
  project_id int(11) NOT NULL auto_increment,
  active tinyint(1) NOT NULL default '1',
  project_name varchar(40) NOT NULL default '',
  level_field_name varchar(40) default NULL,
  high_coding_batch int(11) NOT NULL default '0',
  high_unitize_batch int(11) NOT NULL default '0',
  high_volume int(11) NOT NULL default '0',
  lft int(11) NOT NULL default '0',
  rgt int(11) NOT NULL default '0',
  split_documents tinyint(1) NOT NULL default '0',
  PRIMARY KEY  (project_id),
  KEY project_name (project_name)
) TYPE=InnoDB;

--
-- Dumping data for table `project`
--

INSERT INTO project VALUES (1,1,'Tobacco Demo',NULL,0,3,1,10,1310,0);
INSERT INTO project VALUES (2,1,'Project 2',NULL,3,0,1,10,1290,0);
INSERT INTO project VALUES (3,1,'Project 3',NULL,3,0,1,10,1290,0);
INSERT INTO project VALUES (4,1,'Project 4',NULL,3,0,1,10,1290,0);
INSERT INTO project VALUES (5,1,'Project 5',NULL,4,3,1,10,1290,0);
INSERT INTO project VALUES (6,1,'Tobacco Demo 6',NULL,0,1,1,10,1290,0);
INSERT INTO project VALUES (7,1,'Tobacco Demo 7',NULL,0,1,1,10,1290,0);
INSERT INTO project VALUES (8,1,'Tobacco Demo 8',NULL,0,1,1,10,1290,0);
INSERT INTO project VALUES (9,1,'Tobacco Demo 9',NULL,0,1,1,10,1290,0);
INSERT INTO project VALUES (10,1,'Tobacco Demo 10',NULL,0,1,1,10,1290,0);

--
-- Table structure for table `projectfields`
--

CREATE TABLE projectfields (
  projectfields_id int(11) NOT NULL auto_increment,
  project_id int(10) NOT NULL default '0',
  sequence smallint(5) NOT NULL default '0',
  field_name varchar(40) NOT NULL default '',
  field_type enum('text','unsigned','signed','name','date') NOT NULL default 'text',
  field_size smallint(5) NOT NULL default '0',
  field_level tinyint(4) NOT NULL default '0',
  repeated enum('No','Yes') NOT NULL default 'No',
  required enum('No','Yes') NOT NULL default 'No',
  default_value varchar(40) NOT NULL default '',
  min_value varchar(40) NOT NULL default '',
  max_value varchar(40) NOT NULL default '',
  tablespec_id int(11) NOT NULL default '0',
  table_mandatory enum('No','Yes') NOT NULL default 'No',
  mask varchar(40) NOT NULL default '',
  charset varchar(40) NOT NULL default '',
  type_field varchar(40) NOT NULL default '',
  type_value varchar(40) NOT NULL default '',
  unitize enum('No','Yes') NOT NULL default 'No',
  spell_check enum('No','Yes') NOT NULL default 'No',
  PRIMARY KEY  (projectfields_id),
  UNIQUE KEY proj_field (project_id,field_name),
  KEY proj_seq (project_id,sequence)
) TYPE=InnoDB;

--
-- Dumping data for table `projectfields`
--

INSERT INTO projectfields VALUES (1,1,1,'Text Field 1','text',40,0,'No','Yes','This is the default.','Tg','Ti',0,'','','','','','No','Yes');
INSERT INTO projectfields VALUES (2,1,3,'Type 1','text',0,0,'Yes','Yes','','','',1,'No','','','','','No','No');
INSERT INTO projectfields VALUES (3,1,4,'Author 1','name',0,0,'Yes','Yes','','','',2,'Yes','','','','','No','No');
INSERT INTO projectfields VALUES (4,1,5,'Recip 1','name',0,0,'Yes','Yes','','','',2,'No','','','','','No','No');
INSERT INTO projectfields VALUES (5,1,6,'Copyee 1','name',0,0,'Yes','Yes','','','',2,'No','','','','','No','No');
INSERT INTO projectfields VALUES (6,1,2,'Date 1','date',0,0,'No','Yes','','','',0,'','','','','','No','No');
INSERT INTO projectfields VALUES (7,1,7,'Number 1','unsigned',5,0,'No','Yes','','3','7',0,'','','','','','No','No');
INSERT INTO projectfields VALUES (8,2,3,'Type 2','text',0,0,'Yes','Yes','','','',1,'No','','','','','No','No');
INSERT INTO projectfields VALUES (9,2,4,'Author 2','name',0,0,'Yes','Yes','','','',2,'Yes','','','','','No','No');
INSERT INTO projectfields VALUES (10,2,5,'Recip 2','name',0,0,'Yes','Yes','','','',2,'No','','','','','No','No');
INSERT INTO projectfields VALUES (11,2,6,'Copyee 2','name',0,0,'Yes','Yes','','','',2,'No','','','','','No','No');
INSERT INTO projectfields VALUES (12,2,2,'Date 2','date',0,0,'No','Yes','','','',0,'','','','','','No','No');
INSERT INTO projectfields VALUES (13,3,3,'Type 3','text',0,0,'Yes','Yes','','','',1,'No','','','','','No','No');
INSERT INTO projectfields VALUES (14,3,4,'Author 3','name',0,0,'Yes','Yes','','','',2,'Yes','','','','','No','No');
INSERT INTO projectfields VALUES (15,3,5,'Recip 3','name',0,0,'Yes','Yes','','','',2,'No','','','','','No','No');
INSERT INTO projectfields VALUES (16,3,6,'Copyee 3','name',0,0,'Yes','Yes','','','',2,'No','','','','','No','No');
INSERT INTO projectfields VALUES (17,3,2,'Date 3','date',0,0,'No','Yes','','','',0,'','','','','','No','No');
INSERT INTO projectfields VALUES (18,4,3,'Type 4','text',0,0,'Yes','Yes','','','',1,'No','','','','','No','No');
INSERT INTO projectfields VALUES (19,4,4,'Author 4','name',0,0,'Yes','Yes','','','',2,'Yes','','','','','No','No');
INSERT INTO projectfields VALUES (20,4,5,'Recip 4','name',0,0,'Yes','Yes','','','',2,'No','','','','','No','No');
INSERT INTO projectfields VALUES (21,4,6,'Copyee 4','name',0,0,'Yes','Yes','','','',2,'No','','','','','No','No');
INSERT INTO projectfields VALUES (22,4,2,'Date 4','date',0,0,'No','Yes','','','',0,'','','','','','No','No');
INSERT INTO projectfields VALUES (23,5,3,'Type 5','text',0,0,'Yes','Yes','','','',1,'No','','','','','No','No');
INSERT INTO projectfields VALUES (24,5,4,'Author 5','name',0,0,'Yes','Yes','','','',2,'Yes','','','','','No','No');
INSERT INTO projectfields VALUES (25,5,5,'Recip 5','name',0,0,'Yes','Yes','','','',2,'No','','','','','No','No');
INSERT INTO projectfields VALUES (26,5,6,'Copyee 5','name',0,0,'Yes','Yes','','','',2,'No','','','','','No','No');
INSERT INTO projectfields VALUES (27,5,2,'Date 5','date',0,0,'No','Yes','','','',0,'','','','','','No','No');

--
-- Table structure for table `range`
--

CREATE TABLE range (
  range_id int(11) NOT NULL auto_increment,
  volume_id int(11) NOT NULL default '0',
  lft int(11) NOT NULL default '0',
  rgt int(11) NOT NULL default '0',
  PRIMARY KEY  (range_id)
) TYPE=InnoDB;

--
-- Dumping data for table `range`
--

INSERT INTO range VALUES (1,1,10,10);
INSERT INTO range VALUES (2,1,20,20);
INSERT INTO range VALUES (3,1,30,100);
INSERT INTO range VALUES (4,1,110,110);
INSERT INTO range VALUES (5,1,120,120);
INSERT INTO range VALUES (6,1,130,130);
INSERT INTO range VALUES (7,1,140,140);
INSERT INTO range VALUES (8,1,150,170);
INSERT INTO range VALUES (9,1,180,180);
INSERT INTO range VALUES (10,1,190,380);
INSERT INTO range VALUES (11,1,390,390);
INSERT INTO range VALUES (12,1,400,430);
INSERT INTO range VALUES (13,1,440,500);
INSERT INTO range VALUES (14,1,510,510);
INSERT INTO range VALUES (15,1,520,520);
INSERT INTO range VALUES (16,1,530,580);
INSERT INTO range VALUES (17,1,590,590);
INSERT INTO range VALUES (18,1,600,600);
INSERT INTO range VALUES (19,1,610,610);
INSERT INTO range VALUES (20,1,620,690);
INSERT INTO range VALUES (21,1,700,740);
INSERT INTO range VALUES (22,1,750,1190);
INSERT INTO range VALUES (23,1,1200,1200);
INSERT INTO range VALUES (24,1,1210,1210);
INSERT INTO range VALUES (25,1,1220,1220);
INSERT INTO range VALUES (26,1,1230,1230);
INSERT INTO range VALUES (27,1,1240,1240);
INSERT INTO range VALUES (28,1,1250,1250);
INSERT INTO range VALUES (29,1,1260,1270);
INSERT INTO range VALUES (30,1,1280,1310);
INSERT INTO range VALUES (31,2,10,80);
INSERT INTO range VALUES (32,2,90,90);
INSERT INTO range VALUES (33,2,100,100);
INSERT INTO range VALUES (34,2,110,110);
INSERT INTO range VALUES (35,2,120,120);
INSERT INTO range VALUES (36,2,130,150);
INSERT INTO range VALUES (37,2,160,160);
INSERT INTO range VALUES (38,2,170,360);
INSERT INTO range VALUES (39,2,370,370);
INSERT INTO range VALUES (40,2,380,410);
INSERT INTO range VALUES (41,2,420,480);
INSERT INTO range VALUES (42,2,490,490);
INSERT INTO range VALUES (43,2,500,500);
INSERT INTO range VALUES (44,2,510,560);
INSERT INTO range VALUES (45,2,570,570);
INSERT INTO range VALUES (46,2,580,580);
INSERT INTO range VALUES (47,2,590,590);
INSERT INTO range VALUES (48,2,600,670);
INSERT INTO range VALUES (49,2,680,720);
INSERT INTO range VALUES (50,2,730,1170);
INSERT INTO range VALUES (51,2,1180,1180);
INSERT INTO range VALUES (52,2,1190,1190);
INSERT INTO range VALUES (53,2,1200,1200);
INSERT INTO range VALUES (54,2,1210,1210);
INSERT INTO range VALUES (55,2,1220,1220);
INSERT INTO range VALUES (56,2,1230,1230);
INSERT INTO range VALUES (57,2,1240,1250);
INSERT INTO range VALUES (58,2,1260,1290);
INSERT INTO range VALUES (59,3,10,80);
INSERT INTO range VALUES (60,3,90,90);
INSERT INTO range VALUES (61,3,100,100);
INSERT INTO range VALUES (62,3,110,110);
INSERT INTO range VALUES (63,3,120,120);
INSERT INTO range VALUES (64,3,130,150);
INSERT INTO range VALUES (65,3,160,160);
INSERT INTO range VALUES (66,3,170,360);
INSERT INTO range VALUES (67,3,370,370);
INSERT INTO range VALUES (68,3,380,410);
INSERT INTO range VALUES (69,3,420,480);
INSERT INTO range VALUES (70,3,490,490);
INSERT INTO range VALUES (71,3,500,500);
INSERT INTO range VALUES (72,3,510,560);
INSERT INTO range VALUES (73,3,570,570);
INSERT INTO range VALUES (74,3,580,580);
INSERT INTO range VALUES (75,3,590,590);
INSERT INTO range VALUES (76,3,600,670);
INSERT INTO range VALUES (77,3,680,720);
INSERT INTO range VALUES (78,3,730,1170);
INSERT INTO range VALUES (79,3,1180,1180);
INSERT INTO range VALUES (80,3,1190,1190);
INSERT INTO range VALUES (81,3,1200,1200);
INSERT INTO range VALUES (82,3,1210,1210);
INSERT INTO range VALUES (83,3,1220,1220);
INSERT INTO range VALUES (84,3,1230,1230);
INSERT INTO range VALUES (85,3,1240,1250);
INSERT INTO range VALUES (86,3,1260,1290);
INSERT INTO range VALUES (87,4,10,80);
INSERT INTO range VALUES (88,4,90,90);
INSERT INTO range VALUES (89,4,100,100);
INSERT INTO range VALUES (90,4,110,110);
INSERT INTO range VALUES (91,4,120,120);
INSERT INTO range VALUES (92,4,130,150);
INSERT INTO range VALUES (93,4,160,160);
INSERT INTO range VALUES (94,4,170,360);
INSERT INTO range VALUES (95,4,370,370);
INSERT INTO range VALUES (96,4,380,410);
INSERT INTO range VALUES (97,4,420,480);
INSERT INTO range VALUES (98,4,490,490);
INSERT INTO range VALUES (99,4,500,500);
INSERT INTO range VALUES (100,4,510,560);
INSERT INTO range VALUES (101,4,570,570);
INSERT INTO range VALUES (102,4,580,580);
INSERT INTO range VALUES (103,4,590,590);
INSERT INTO range VALUES (104,4,600,670);
INSERT INTO range VALUES (105,4,680,720);
INSERT INTO range VALUES (106,4,730,1170);
INSERT INTO range VALUES (107,4,1180,1180);
INSERT INTO range VALUES (108,4,1190,1190);
INSERT INTO range VALUES (109,4,1200,1200);
INSERT INTO range VALUES (110,4,1210,1210);
INSERT INTO range VALUES (111,4,1220,1220);
INSERT INTO range VALUES (112,4,1230,1230);
INSERT INTO range VALUES (113,4,1240,1250);
INSERT INTO range VALUES (114,4,1260,1290);
INSERT INTO range VALUES (115,5,10,80);
INSERT INTO range VALUES (116,5,90,90);
INSERT INTO range VALUES (117,5,100,100);
INSERT INTO range VALUES (118,5,110,110);
INSERT INTO range VALUES (119,5,120,120);
INSERT INTO range VALUES (120,5,130,150);
INSERT INTO range VALUES (121,5,160,160);
INSERT INTO range VALUES (122,5,170,360);
INSERT INTO range VALUES (123,5,370,370);
INSERT INTO range VALUES (124,5,380,410);
INSERT INTO range VALUES (125,5,420,480);
INSERT INTO range VALUES (126,5,490,490);
INSERT INTO range VALUES (127,5,500,500);
INSERT INTO range VALUES (128,5,510,560);
INSERT INTO range VALUES (129,5,570,570);
INSERT INTO range VALUES (130,5,580,580);
INSERT INTO range VALUES (131,5,590,590);
INSERT INTO range VALUES (132,5,600,670);
INSERT INTO range VALUES (133,5,680,720);
INSERT INTO range VALUES (134,5,730,1170);
INSERT INTO range VALUES (135,5,1180,1180);
INSERT INTO range VALUES (136,5,1190,1190);
INSERT INTO range VALUES (137,5,1200,1200);
INSERT INTO range VALUES (138,5,1210,1210);
INSERT INTO range VALUES (139,5,1220,1220);
INSERT INTO range VALUES (140,5,1230,1230);
INSERT INTO range VALUES (141,5,1240,1250);
INSERT INTO range VALUES (142,5,1260,1290);
INSERT INTO range VALUES (143,6,10,80);
INSERT INTO range VALUES (144,6,90,90);
INSERT INTO range VALUES (145,6,100,100);
INSERT INTO range VALUES (146,6,110,110);
INSERT INTO range VALUES (147,6,120,120);
INSERT INTO range VALUES (148,6,130,150);
INSERT INTO range VALUES (149,6,160,160);
INSERT INTO range VALUES (150,6,170,360);
INSERT INTO range VALUES (151,6,370,370);
INSERT INTO range VALUES (152,6,380,410);
INSERT INTO range VALUES (153,6,420,480);
INSERT INTO range VALUES (154,6,490,490);
INSERT INTO range VALUES (155,6,500,500);
INSERT INTO range VALUES (156,6,510,560);
INSERT INTO range VALUES (157,6,570,570);
INSERT INTO range VALUES (158,6,580,580);
INSERT INTO range VALUES (159,6,590,590);
INSERT INTO range VALUES (160,6,600,670);
INSERT INTO range VALUES (161,6,680,720);
INSERT INTO range VALUES (162,6,730,1170);
INSERT INTO range VALUES (163,6,1180,1180);
INSERT INTO range VALUES (164,6,1190,1190);
INSERT INTO range VALUES (165,6,1200,1200);
INSERT INTO range VALUES (166,6,1210,1210);
INSERT INTO range VALUES (167,6,1220,1220);
INSERT INTO range VALUES (168,6,1230,1230);
INSERT INTO range VALUES (169,6,1240,1250);
INSERT INTO range VALUES (170,6,1260,1290);
INSERT INTO range VALUES (171,7,10,80);
INSERT INTO range VALUES (172,7,90,90);
INSERT INTO range VALUES (173,7,100,100);
INSERT INTO range VALUES (174,7,110,110);
INSERT INTO range VALUES (175,7,120,120);
INSERT INTO range VALUES (176,7,130,150);
INSERT INTO range VALUES (177,7,160,160);
INSERT INTO range VALUES (178,7,170,360);
INSERT INTO range VALUES (179,7,370,370);
INSERT INTO range VALUES (180,7,380,410);
INSERT INTO range VALUES (181,7,420,480);
INSERT INTO range VALUES (182,7,490,490);
INSERT INTO range VALUES (183,7,500,500);
INSERT INTO range VALUES (184,7,510,560);
INSERT INTO range VALUES (185,7,570,570);
INSERT INTO range VALUES (186,7,580,580);
INSERT INTO range VALUES (187,7,590,590);
INSERT INTO range VALUES (188,7,600,670);
INSERT INTO range VALUES (189,7,680,720);
INSERT INTO range VALUES (190,7,730,1170);
INSERT INTO range VALUES (191,7,1180,1180);
INSERT INTO range VALUES (192,7,1190,1190);
INSERT INTO range VALUES (193,7,1200,1200);
INSERT INTO range VALUES (194,7,1210,1210);
INSERT INTO range VALUES (195,7,1220,1220);
INSERT INTO range VALUES (196,7,1230,1230);
INSERT INTO range VALUES (197,7,1240,1250);
INSERT INTO range VALUES (198,7,1260,1290);
INSERT INTO range VALUES (199,8,10,80);
INSERT INTO range VALUES (200,8,90,90);
INSERT INTO range VALUES (201,8,100,100);
INSERT INTO range VALUES (202,8,110,110);
INSERT INTO range VALUES (203,8,120,120);
INSERT INTO range VALUES (204,8,130,150);
INSERT INTO range VALUES (205,8,160,160);
INSERT INTO range VALUES (206,8,170,360);
INSERT INTO range VALUES (207,8,370,370);
INSERT INTO range VALUES (208,8,380,410);
INSERT INTO range VALUES (209,8,420,480);
INSERT INTO range VALUES (210,8,490,490);
INSERT INTO range VALUES (211,8,500,500);
INSERT INTO range VALUES (212,8,510,560);
INSERT INTO range VALUES (213,8,570,570);
INSERT INTO range VALUES (214,8,580,580);
INSERT INTO range VALUES (215,8,590,590);
INSERT INTO range VALUES (216,8,600,670);
INSERT INTO range VALUES (217,8,680,720);
INSERT INTO range VALUES (218,8,730,1170);
INSERT INTO range VALUES (219,8,1180,1180);
INSERT INTO range VALUES (220,8,1190,1190);
INSERT INTO range VALUES (221,8,1200,1200);
INSERT INTO range VALUES (222,8,1210,1210);
INSERT INTO range VALUES (223,8,1220,1220);
INSERT INTO range VALUES (224,8,1230,1230);
INSERT INTO range VALUES (225,8,1240,1250);
INSERT INTO range VALUES (226,8,1260,1290);
INSERT INTO range VALUES (227,9,10,80);
INSERT INTO range VALUES (228,9,90,90);
INSERT INTO range VALUES (229,9,100,100);
INSERT INTO range VALUES (230,9,110,110);
INSERT INTO range VALUES (231,9,120,120);
INSERT INTO range VALUES (232,9,130,150);
INSERT INTO range VALUES (233,9,160,160);
INSERT INTO range VALUES (234,9,170,360);
INSERT INTO range VALUES (235,9,370,370);
INSERT INTO range VALUES (236,9,380,410);
INSERT INTO range VALUES (237,9,420,480);
INSERT INTO range VALUES (238,9,490,490);
INSERT INTO range VALUES (239,9,500,500);
INSERT INTO range VALUES (240,9,510,560);
INSERT INTO range VALUES (241,9,570,570);
INSERT INTO range VALUES (242,9,580,580);
INSERT INTO range VALUES (243,9,590,590);
INSERT INTO range VALUES (244,9,600,670);
INSERT INTO range VALUES (245,9,680,720);
INSERT INTO range VALUES (246,9,730,1170);
INSERT INTO range VALUES (247,9,1180,1180);
INSERT INTO range VALUES (248,9,1190,1190);
INSERT INTO range VALUES (249,9,1200,1200);
INSERT INTO range VALUES (250,9,1210,1210);
INSERT INTO range VALUES (251,9,1220,1220);
INSERT INTO range VALUES (252,9,1230,1230);
INSERT INTO range VALUES (253,9,1240,1250);
INSERT INTO range VALUES (254,9,1260,1290);
INSERT INTO range VALUES (255,10,10,80);
INSERT INTO range VALUES (256,10,90,90);
INSERT INTO range VALUES (257,10,100,100);
INSERT INTO range VALUES (258,10,110,110);
INSERT INTO range VALUES (259,10,120,120);
INSERT INTO range VALUES (260,10,130,150);
INSERT INTO range VALUES (261,10,160,160);
INSERT INTO range VALUES (262,10,170,360);
INSERT INTO range VALUES (263,10,370,370);
INSERT INTO range VALUES (264,10,380,410);
INSERT INTO range VALUES (265,10,420,480);
INSERT INTO range VALUES (266,10,490,490);
INSERT INTO range VALUES (267,10,500,500);
INSERT INTO range VALUES (268,10,510,560);
INSERT INTO range VALUES (269,10,570,570);
INSERT INTO range VALUES (270,10,580,580);
INSERT INTO range VALUES (271,10,590,590);
INSERT INTO range VALUES (272,10,600,670);
INSERT INTO range VALUES (273,10,680,720);
INSERT INTO range VALUES (274,10,730,1170);
INSERT INTO range VALUES (275,10,1180,1180);
INSERT INTO range VALUES (276,10,1190,1190);
INSERT INTO range VALUES (277,10,1200,1200);
INSERT INTO range VALUES (278,10,1210,1210);
INSERT INTO range VALUES (279,10,1220,1220);
INSERT INTO range VALUES (280,10,1230,1230);
INSERT INTO range VALUES (281,10,1240,1250);
INSERT INTO range VALUES (282,10,1260,1290);

--
-- Table structure for table `session`
--

CREATE TABLE session (
  session_id int(11) NOT NULL auto_increment,
  server_nbr int(11) NOT NULL default '0',
  live tinyint(4) NOT NULL default '1',
  is_admin tinyint(4) NOT NULL default '0',
  users_id int(11) NOT NULL default '0',
  session_key char(24) NOT NULL default '',
  start_time bigint(20) NOT NULL default '0',
  interaction_time bigint(20) NOT NULL default '0',
  volume_id int(11) NOT NULL default '0',
  batch_id int(11) NOT NULL default '0',
  lock_time bigint(20) NOT NULL default '0',
  age int(11) NOT NULL default '0',
  PRIMARY KEY  (session_id),
  KEY volume_id (volume_id,batch_id),
  KEY users_id (users_id)
) TYPE=InnoDB;

--
-- Dumping data for table `session`
--


--
-- Table structure for table `sql_text`
--

CREATE TABLE sql_text (
  name varchar(40) NOT NULL default '',
  role tinyint(4) NOT NULL default '0',
  sequence tinyint(4) NOT NULL default '0',
  text text NOT NULL,
  PRIMARY KEY  (name,sequence)
) TYPE=InnoDB;

--
-- Dumping data for table `sql_text`
--

INSERT INTO sql_text VALUES ('assignment delete',0,0,'delete from assignment where batch_id = ? and users_id = ?');
INSERT INTO sql_text VALUES ('batch comments select',0,0,'select comments from batch_comments where batch_id = [batch]');
INSERT INTO sql_text VALUES ('batch comments update',0,0,'replace into batch_comments set comments = ?, batch_id = [batch]');
INSERT INTO sql_text VALUES ('batch priority decrease',0,0,'update batch set priority = priority-1 where batch_id = ?');
INSERT INTO sql_text VALUES ('batch priority increase',0,0,'update batch set priority = priority+1 where batch_id = ?');
INSERT INTO sql_text VALUES ('batch status select',0,0,'select status from batch where batch_id = ?');
INSERT INTO sql_text VALUES ('Batching.batches',0,0,'select B.batch_id, B.status, B.batch_number, U.user_name\n   , min(UQ.batch_id is null and TQ.batch_id is null), B.lft\n   , S.batch_id is null\nfrom batch B\n    left join assignment A using (batch_id)                          \n    left join users U using (users_id)      \n    left join usersqueue UQ on B.batch_id = UQ.batch_id\n    left join teamsqueue TQ on B.batch_id = TQ.batch_id\n    left join session S on S.batch_id = B.batch_id\nwhere B.volume_id=?   \n    and B.status <> \"UBatched\"    \ngroup by batch_id');
INSERT INTO sql_text VALUES ('Batching.children',0,0,'select C.child_id, P1. bates_number, P2.bates_number, P1.boundary_flag, C.lft\nfrom child C\n   inner join page P1 on P1.volume_id=C.volume_id and P1.seq=C.lft\n   inner join page P2 on P2.volume_id=C.volume_id and P2.seq=C.rgt\nwhere C.batch_id = ?');
INSERT INTO sql_text VALUES ('Batching.projects',0,0,'select project_id, project_name, split_documents from project\nwhere active');
INSERT INTO sql_text VALUES ('Batching.projectsTL',0,0,'select P.project_id, project_name, split_documents\nfrom project P\n  inner join volume V using (project_id)\n  inner join teamsvolume TV using (volume_id)\n  inner join users U using (teams_id)\nwhere U.users_id=[user]\ngroup by P.project_id');
INSERT INTO sql_text VALUES ('Batching.teamsbatchqueue',0,0,'select TQ.teamsqueue_id, P.project_name, B.batch_number\n  , B.status, - B.priority, TQ.teams_id, TQ.batch_id     \nfrom teamsqueue TQ                                     \n  inner join teams T using (teams_id)                  \n  inner join batch B on TQ.batch_id=B.batch_id         \n  inner join volume V on V.volume_id=B.volume_id       \n  inner join project P on P.project_id = V.project_id  \nwhere TQ.teams_id=?                                    ');
INSERT INTO sql_text VALUES ('Batching.teamsqueue',0,0,'select TQ.teamsqueue_id, T.team_name, B.status\nfrom teamsqueue TQ\n  inner join teams T using (teams_id)\n  inner join batch B on TQ.batch_id=B.batch_id\nwhere TQ.batch_id=?');
INSERT INTO sql_text VALUES ('Batching.teamsvolume',0,0,'select TV.teamsvolume_id, T.team_name, T.teams_id\nfrom teamsvolume TV\n  inner join teams T using (teams_id) \nwhere TV.volume_id = ?');
INSERT INTO sql_text VALUES ('Batching.teamsvolumequeue',0,0,'select TV.teamsvolume_id, V.volume_name, V.volume_id \n  from teamsvolume TV \n inner join volume V using (volume_id) where TV.teams_id = ?');
INSERT INTO sql_text VALUES ('Batching.usersqueue',0,0,'select UQ.usersqueue_id, user_name, B.status\nfrom usersqueue UQ\n  inner join users U using (users_id)\n  inner join batch B on UQ.batch_id=B.batch_id\nwhere UQ.batch_id=?');
INSERT INTO sql_text VALUES ('Batching.volumes',0,0,'select volume_id, volume_name, sequence from volume\nwhere project_id=? and volume.sequence > 0');
INSERT INTO sql_text VALUES ('check_unsaved_coding',0,0,'select P.page_id\nfrom batchuser BU\n  inner join child C using (batch_id)\n  inner join page P\n     on P.volume_id = C.volume_id and P.seq = C.lft\n  left join childcoded CC\n     on CC.child_id = C.child_id and  CC.round = 0\nwhere not BU.rework\n   and BU.batch_id=[batch]\n   and CC.child_id is null\norder by C.lft\nlimit 1');
INSERT INTO sql_text VALUES ('check_unsaved_QA',0,0,'select P.page_id\n from page P\n   inner join child C on P.volume_id=C.volume_id and P.seq=C.lft\n   inner join childcoded CC using (child_id)\n where C.volume_id = 5\n   and CC.round = 0\n   and CC.status=\'QA\'\n   and CC.users_id = 0\n order by C.lft\n limit 1');
INSERT INTO sql_text VALUES ('ExportPage.get all batches',0,0,'select distinct B.batch_id, B.batch_number, max(B.status -0)\n  from volume V, batch B\n  where V.volume_id = ?\n    AND V.volume_id = B.volume_id\n    and B.status - 0 >= 5\n  group by B.batch_number\n  order by B.batch_number');
INSERT INTO sql_text VALUES ('ExportPage.get all volumes',0,0,'select distinct V.volume_id, V.volume_name, max(B.status -0)\n  from volume V, batch B\n  where V.project_id = ?\n    AND V.sequence > 0\n    AND V.volume_id = B.volume_id\n  group by V.volume_id\n  order by V.volume_name');
INSERT INTO sql_text VALUES ('ExportPage.get export data',0,0,'select export_name from export\n  order by export_name');
INSERT INTO sql_text VALUES ('ExportPage.get export delimiters',0,0,'select force_export, uppercase, uppercase_names, name_delimiter,\n  org_delimiter, field_delimiter, text_qualifier, value_separator,\n  date_format, missing_date, missing_year, missing_month,\n  missing_day, missing_date_character\n  from export\n  where export_name = ?');
INSERT INTO sql_text VALUES ('ExportPage.get qced batches',0,0,'select distinct B.batch_id, B.batch_number, max(B.status -0)\n  from volume V, batch B\n  where V.volume_id = ?\n    AND V.volume_id = B.volume_id\n    and B.status - 0 >= 7\n  group by B.batch_number\n  order by B.batch_number');
INSERT INTO sql_text VALUES ('ExportPage.get qced volumes',0,0,'select distinct V.volume_id, V.volume_name, max(B.status -0)\n  from volume V, batch B\n  where V.project_id = ?\n    AND V.sequence > 0\n    AND V.volume_id = B.volume_id\n    and B.status - 0 >= 7\n  group by V.volume_id\n  order by V.volume_name');
INSERT INTO sql_text VALUES ('ExportPage.projectCombo',0,0,'select distinct P.project_id, P.project_name, IF(max(B.status -0) > 5, 1, 0)\n  from project P, batch B\n  inner join volume V on (V.project_id = P.project_id)\n  where V.volume_id = B.volume_id\n  group by P.project_id');
INSERT INTO sql_text VALUES ('ExportPage.readOffset',0,0,'select page_id\nfrom page\nwhere volume_id = ?\n    and offset > 0\nlimit 1;');
INSERT INTO sql_text VALUES ('ExportPage.readPages',0,0,'select P.seq, P.bates_number, P.path, P.filename, P.boundary_flag, P.offset, P.rotate,\n  C.lft, C.rgt, P.file_type, V.volume_name, B.status - 0, R.lft, R.rgt,\n  PI.sequence, PI.issue_name, B.status, B.batch_number,\n  beginP.bates_number, endP.bates_number\nfrom page P\n  inner join child C using (child_id)\n  inner join range R on (C.range_id = R.range_id)\n  inner join batch B on (C.batch_id = B.batch_id)\n  inner join volume V using (volume_id)\n  inner join page beginP on (beginP.seq = R.lft and beginP.volume_id = V.volume_id)\n  inner join page endP on (endP.seq = R.rgt and endP.volume_id = V.volume_id)\n  left join pageissue PI on (P.page_id = PI.page_id)\nwhere  B.volume_id = ?\n    and B.batch_number between ? and ?\n    and B.status - 0 >= ?\nORDER by seq , PI.sequence');
INSERT INTO sql_text VALUES ('ExportPage.readProjectfields',0,0,'select projectfields_id, P.project_id, sequence,\n  field_name, field_type, field_size, repeated,\n  required, default_value, min_value, max_value,\n  tablespec_id, table_mandatory, mask, charset,\n  type_field, type_value, unitize, spell_check, field_level\n  from projectfields\n  inner join project P using (project_id)\n  where P.project_id = ?\n  order by sequence');
INSERT INTO sql_text VALUES ('ExportPage.readValues',0,0,'(select PF.field_name, C.lft, PF.sequence, LV.sequence AS sequ, LV.value, B.status - 0\n  from child C, project P, batch B, volume V\n  join longvalue LV ON (C.child_id = LV.child_id AND LV.field_name = PF.field_name)\n  inner join projectfields PF on (P.project_id = PF.project_id\n   AND PF.field_level in (0, TV.field_level))\n        left join value DLVA ON (C.child_id = DLVA.child_id\n          AND DLVA.field_name = P.level_field_name)\n        left join projectfields DLPF on (P.project_id = DLPF.project_id\n                    and P.level_field_name = DLPF.field_name)\n        left join tablevalue TV on (TV.tablespec_id = DLPF.tablespec_id\n                   and TV.value = DLVA.value)\nwhere P.project_id = ?\n    and V.volume_id = ?\n    and V.project_id = P.project_id\n    and B.volume_id = V.volume_id\n    and B.batch_number >= ?\n    and B.batch_number <= ?\n    and B.status - 0 >= ?\n    and C.volume_id = V.volume_id\n    and C.batch_id = B.batch_id\n  GROUP by C.lft, PF.sequence, sequ)\nUNION\n(select PF.field_name, C.lft, PF.sequence, VA.sequence AS sequ, VA.value, B.status - 0\n  from child C, project P, batch B, volume V\n  join value VA ON (C.child_id = VA.child_id AND VA.field_name = PF.field_name)\n  inner join projectfields PF on (P.project_id = PF.project_id\n   AND PF.field_level in (0, TV.field_level))\n        left join value DLVA ON (C.child_id = DLVA.child_id\n          AND DLVA.field_name = P.level_field_name)\n        left join projectfields DLPF on (P.project_id = DLPF.project_id\n                    and P.level_field_name = DLPF.field_name)\n        left join tablevalue TV on (TV.tablespec_id = DLPF.tablespec_id\n                   and TV.value = DLVA.value)\n  where P.project_id = ?\n    and V.volume_id = ?\n    and V.project_id = P.project_id\n    and B.volume_id = V.volume_id\n    and B.batch_number >= ?\n    and B.batch_number <= ?\n    and B.status - 0 >= ?\n    and C.volume_id = V.volume_id\n    and C.batch_id = B.batch_id\n  GROUP by C.lft, PF.sequence, sequ)\nUNION\n(select PF.field_name, C.lft, PF.sequence, NV.sequence AS sequ,\n  if(last_name=\'\',\'\',concat(last_name,\n               if(first_name=\'\',\'\',concat(\', \',first_name,\' \',middle_name)),\n               if(organization=\'\',\'\',concat(\' / \',organization)))), B.status - 0\n  from child C, project P, batch B, volume V\n  join namevalue NV ON (C.child_id = NV.child_id AND NV.field_name = PF.field_name)\n  inner join projectfields PF on (P.project_id = PF.project_id\n   AND PF.field_level in (0, TV.field_level))\n        left join value DLVA ON (C.child_id = DLVA.child_id\n          AND DLVA.field_name = P.level_field_name)\n        left join projectfields DLPF on (P.project_id = DLPF.project_id\n                    and P.level_field_name = DLPF.field_name)\n        left join tablevalue TV on (TV.tablespec_id = DLPF.tablespec_id\n                   and TV.value = DLVA.value)\n  where P.project_id = ?\n    and V.volume_id = ?\n    and V.project_id = P.project_id\n    and B.volume_id = V.volume_id\n    and B.batch_number >= ?\n    and B.batch_number <= ?\n    and B.status - 0 >= ?\n    and C.volume_id = V.volume_id\n    and C.batch_id = B.batch_id\n  GROUP by C.lft, PF.sequence, sequ)\n  ORDER by 2, 3, 4');
INSERT INTO sql_text VALUES ('get assigned batch',0,0,'select A.batch_id, B.batch_number, P.project_name\n from assignment A\n   inner join batch B using (batch_id)\n   inner join volume V on (B.volume_id = V.volume_id)\n   inner join project P on (V.project_id = P.project_id)\n where users_id = [user]\n   and status=?');
INSERT INTO sql_text VALUES ('get project names',0,0,'select project_id, project_name from project\nwhere active\norder by project_name');
INSERT INTO sql_text VALUES ('get tablespec names',0,0,'select tablespec_id, table_name, table_type from tablespec\n where (project_id = ? or project_id = 0) and table_type = ? order by table_name');
INSERT INTO sql_text VALUES ('get teams names',0,0,'select T.teams_id, T.team_name, U.user_name\nfrom teams T left join users U on (T.users_id = U.users_id)\norder by T.team_name');
INSERT INTO sql_text VALUES ('get unassigned users names',0,0,'select U.users_id, U.user_name\nfrom users U\nwhere U.teams_id = 0 and U.active\norder by U.user_name');
INSERT INTO sql_text VALUES ('get users names by team',0,0,'select U.users_id, U.user_name\nfrom users U left join teams T on (U.teams_id = T.teams_id)\nwhere (T.teams_id = ? or U.teams_id = 0)\n  and U.active\norder by U.user_name');
INSERT INTO sql_text VALUES ('Import Export.get all volumes',0,0,'select distinct V.volume_id, V.volume_name, max(B.status -0)\n  from volume V, batch B\n  where V.project_id = ?\n    AND V.sequence > 0\n    AND V.volume_id = B.volume_id\n    AND B.lft >= V.lft and B.rgt <= V.rgt\n  group by V.volume_id\n  order by V.volume_name');
INSERT INTO sql_text VALUES ('MailPanel.mailreceivedTable',0,0,'select MR.mailreceived_id, MR.status, U.user_name, MS.subject, (-MS.time_sent)\n from mailreceived MR\n    left join mailsent MS on (MR.mailsent_id = MS.mailsent_id)\n    left join users U on (U.users_id = MS.sender_users_id)\n where MR.recipient_users_id = [user] and MR.status <> \'Deleted\'');
INSERT INTO sql_text VALUES ('MailPanel.mailsentTable',0,0,'select MS.mailsent_id, MS.recipient_list, MS.subject, (-MS.time_sent)\n from mailsent MS\n where MS.sender_users_id = [user] and MS.status <> \'Deleted\'');
INSERT INTO sql_text VALUES ('Mailreceived get text',0,0,'select U.user_name, MS.recipient_list, MS.text, U2.user_name, MR.status from mailreceived MR, users U\n inner join mailsent MS on (MR.mailsent_id = MS.mailsent_id)\n inner join users U2 on (MR.recipient_users_id = U2.users_id)\n where MR.mailreceived_id = ? and U.users_id = MS.sender_users_id');
INSERT INTO sql_text VALUES ('Mailsent get text',0,0,'select U.user_name, recipient_list, text, U.user_name from mailsent, users U\n where mailsent_id = ? and U.users_id = sender_users_id');
INSERT INTO sql_text VALUES ('open binder check',0,0,'select P.project_name, V.volume_id, B.batch_id\n from volume V0\n   inner join project P using(project_id)\n   inner join volume V using(project_id)\n   inner join batch B using (volume_id)\n where V0.volume_id=[volume]\n   and V.sequence=-1');
INSERT INTO sql_text VALUES ('pageissue select',0,0,'select issue_name, sequence from pageissue where page_id = ? order by sequence');
INSERT INTO sql_text VALUES ('pageissue select one',0,0,'select issue_name from pageissue where page_id = ? and sequence = ?');
INSERT INTO sql_text VALUES ('PricePage.get levels',0,0,'select distinct 0, TV.field_level\n from tablevalue TV\n inner join tablespec TS on (TS.tablespec_id = TV.tablespec_id)\n inner join projectfields PF on (PF.tablespec_id = TS.tablespec_id)\n inner join project P on (P.level_field_name = PF.field_name)\n where P.project_id = ?\n order by TV.field_level');
INSERT INTO sql_text VALUES ('PricePage.get volumes',0,0,'select distinct volume_id, volume_name\n from volume\n where project_id = ? and sequence > 0\n order by sequence');
INSERT INTO sql_text VALUES ('PricePage.projectCombo',0,0,'select distinct project_id, project_name\n  from project\n  where active');
INSERT INTO sql_text VALUES ('PricePage.unitpriceTable',0,0,'select unitprice_id, coalesce(V.volume_name, \"<Volume Default>\"),\n  UP.field_level,\n  UP.unitize_page_price*.1, UP.unitize_doc_price*.1, UP.uqc_page_price*.1, UP.uqc_doc_price*.1,\n  UP.coding_page_price*.1, UP.coding_doc_price*.1, UP.codingqc_page_price*.1, UP.codingqc_doc_price*.1,\n  coalesce(V.volume_id, 0), coalesce(V.sequence, 0)\n from unitprice UP\n left join volume V on (V.volume_id = UP.volume_id)\n where UP.project_id = ?');
INSERT INTO sql_text VALUES ('project and volume names',0,0,'select P.project_name, V.volume_name\nfrom project P inner join volume V using (project_id)\nwhere V.volume_id=[volume]');
INSERT INTO sql_text VALUES ('ProjectAdminPage.delete_field',0,0,'delete projectfields.*\nfrom projectfields inner join project using (project_id)\nwhere projectfields_id = ?\n  and (level_field_name is null or level_field_name <> field_name);');
INSERT INTO sql_text VALUES ('ProjectAdminPage.get_split_documents',0,0,'select split_documents from project\nwhere project_id = ?;');
INSERT INTO sql_text VALUES ('ProjectAdminPage.projectfieldsTable',0,0,'select projectfields_id, field_name, field_type, field_size, required\n     , repeated, spell_check, unitize, TS.table_name, table_mandatory\n     , if(PF.field_name = P.level_field_name, \"*\", PF.field_level), default_value, min_value, max_value, mask\n     , charset, type_field, type_value, PF.project_id, sequence\nfrom projectfields PF left join project P on (PF.project_id = P.project_id)\n        left join tablespec TS on (TS.tablespec_id = PF.tablespec_id)\nwhere PF.project_id = ?');
INSERT INTO sql_text VALUES ('ProjectAdminPage.split_documents',0,0,'update project\nset split_documents = ?\nwhere project_id = ?;');
INSERT INTO sql_text VALUES ('projectfields by id select',0,0,'select PF.project_id, sequence, field_name, field_type, field_size, repeated\n     , required, default_value, min_value, max_value, TS.table_name, table_mandatory\n     , mask, charset, type_field, type_value, unitize, spell_check\n     , if(field_name = P.level_field_name, \"*\", field_level)\nfrom projectfields PF\ninner join project P using (project_id)\n        left join tablespec TS on (TS.tablespec_id = PF.tablespec_id)\nwhere projectfields_id = ?');
INSERT INTO sql_text VALUES ('qaClose.first_remaining_page',0,0,'select P.page_id\nfrom page P\n   inner join child C using (child_id)\n   inner join childcoded CC using (child_id)\nwhere C.volume_id=[volume]\n  and CC.round = 0\n  and CC.status=\'QA\'\norder by C.lft\nlimit 1');
INSERT INTO sql_text VALUES ('QACloseDialog.coder',0,0,'select U.user_name, U.users_id\n     , max(B.status = \'QCComplete\'), max(B.status = \'QA\') \nfrom users U\n   inner join batchuser BU on BU.coder_id = U.users_id\n   inner join batch B using (batch_id)\nwhere B.volume_id=[volume]\n   and B.status = \'QA\'\ngroup by U.user_name, U.users_id\norder by U.user_name');
INSERT INTO sql_text VALUES ('QACloseDialog.team',0,0,'select distinct T.team_name, T.teams_id\nfrom teams T\n   inner join users U using (teams_id)\n   inner join batchuser BU on BU.coder_id = U.users_id\n   inner join batch B using (batch_id)\nwhere B.volume_id=[volume]\n   and B.status = \'QA\'\norder by T.team_name');
INSERT INTO sql_text VALUES ('QASampleDialog.coder',0,0,'select U.user_name, U.users_id\n     , max(B.status = \'QCComplete\'), max(B.status = \'QA\') \nfrom users U\n   inner join batchuser BU on BU.coder_id = U.users_id\n   inner join batch B using (batch_id)\nwhere B.volume_id=[volume]\n   and B.status in (\'QCComplete\', \'QA\')\ngroup by U.user_name, U.users_id\norder by U.user_name');
INSERT INTO sql_text VALUES ('QASampleDialog.team',0,0,'select distinct T.team_name, T.teams_id\nfrom teams T\n   inner join users U using (teams_id)\n   inner join batchuser BU on BU.coder_id = U.users_id\n   inner join batch B using (batch_id)\nwhere B.volume_id=[volume]\n   and B.status in (\'QCComplete\', \'QA\')\norder by T.team_name');
INSERT INTO sql_text VALUES ('QAVolumeSelectionDialog.volumes',0,0,'select project_name, volume_name\n          , sum(status in (\'Coding\', \'CodingQC\'))\n          , sum(status=\'QCComplete\') as qc_count\n          , sum(status=\'QA\') as qa_count\n          , sum(status=\'QAComplete\') \n          , V.volume_id, P.project_id\n from batch B\n   inner join volume V using(volume_id)\n   inner join project P using(project_id)\n   left join session S on (S.volume_id = V.volume_id and S.batch_id = 0)\n where S.volume_id is null\n   and V.sequence > 0\n group by volume_id\n having qc_count > 0 or qa_count > 0\n order by project_name, volume_name');
INSERT INTO sql_text VALUES ('qa_report_error',0,0,'select coalesce(team_name,\'\') as \'@Team\'\n  , coalesce(user_name,\'\') as \'Coder\'\n  , sum(field_count) as \"+Nbr Fields\"\n  , sum(change_count) as \"%Pct Changed\"\n  , sum(error_count) as \"%Pct Errors\"\nfrom childerror E\n  inner join child C using (child_id)\n  inner join childcoded CC0 using (child_id)\n  inner join childcoded CC using (child_id)\n  left join users U using (users_id)\n  left join teams T using (teams_id)\nwhere CC0.round=0\n  and CC.round=1\n  and CC0.status=\'QA\'\n  and C.volume_id=[volume]\ngroup by team_name, user_name, CC.users_id\norder by team_name, user_name, CC.users_id');
INSERT INTO sql_text VALUES ('qc_report_batch_project',0,0,'select if(B.status like \'U%\', concat(\'U-\',B.batch_number), B.batch_number)\n        as `Batch`   \n    , V.volume_name as Volume    \n    , B.status as `Status` \n    , case \n        when S.batch_id is not null then \'In Use\' \n        when A.batch_id is not null then \'Assigned\' \n        else \'\' end as `Asg/Use`\n    , if(X.rework,\'YES\',\'\') as Rework\n    , count(distinct C.child_id) as `+Docs`\n    , count(*) as `+Pages`\n    , coalesce(U.user_name,\'\')  as `Coder Id`  \n    , coalesce(Q.user_name,\'\')  as `QCer Id`  \n    , coalesce(date_format(from_unixtime(mod_time/1000),\'%Y-%m-%d %H:%i\'),\'\') as `Mod Time` \nfrom volume V0\n   inner join volume V using (project_id)           \n   inner join batch B using (volume_id)\n   inner join child C using (batch_id)\n   inner join page P using (child_id)        \n   left join session S on S.volume_id=B.volume_id and S.batch_id=B.batch_id\n   left join assignment A on A.batch_id=B.batch_id\n   left join batchuser X on X.batch_id=B.batch_id\n   left join users U on X.coder_id=U.users_id\n   left join users Q on X.qc_id=Q.users_id\nwhere V0.volume_id = [volume]\n   and V.sequence > 0\n   and B.status<>\'UBatched\'\ngroup by B.batch_id\norder by B.status not like \'U%\', B.batch_number');
INSERT INTO sql_text VALUES ('qc_report_batch_project_by_status',0,0,'select B.status as `@Status` \n    , V.volume_name as `Volume`\n    , if(B.status like \'U%\', concat(\'U-\',B.batch_number), B.batch_number)\n        as `Batch`   \n    , case \n        when S.batch_id is not null then \'In Use\' \n        when A.batch_id is not null then \'Assigned\' \n        else \'\' end as `Asg/Use`\n    , if(X.rework,\'YES\',\'\') as Rework\n    , count(distinct C.child_id) as `+Docs`\n    , count(*) as `+Pages`\n    , coalesce(U.user_name,\'\')  as `Coder Id`  \n    , coalesce(Q.user_name,\'\')  as `QCer Id`  \n    , coalesce(date_format(from_unixtime(mod_time/1000),\'%Y-%m-%d %H:%i\'),\'\') as `Mod Time` \nfrom volume V0\n   inner join volume V using (project_id)           \n   inner join batch B using (volume_id)\n   inner join child C using (batch_id)\n   inner join page P using (child_id)        \n   left join session S on S.volume_id=B.volume_id and S.batch_id=B.batch_id\n   left join assignment A on A.batch_id=B.batch_id\n   left join batchuser X on X.batch_id=B.batch_id\n   left join users U on X.coder_id=U.users_id\n   left join users Q on X.qc_id=Q.users_id\nwhere V0.volume_id = [volume]\n   and V.sequence > 0\n   and B.status<>\'UBatched\'\ngroup by B.batch_id\norder by B.status not like \'U%\', B.status, B.batch_number');
INSERT INTO sql_text VALUES ('qc_report_batch_project_by_volume',0,0,'select V.volume_name as `@Volume`\n    , if(B.status like \'U%\', concat(\'U-\',B.batch_number), B.batch_number)\n        as `Batch`   \n    , B.status as `Status` \n    , case \n        when S.batch_id is not null then \'In Use\' \n        when A.batch_id is not null then \'Assigned\' \n        else \'\' end as `Asg/Use`\n    , if(X.rework,\'YES\',\'\') as Rework\n    , count(distinct C.child_id) as `+Docs`\n    , count(*) as `+Pages`\n    , coalesce(U.user_name,\'\')  as `Coder Id`  \n    , coalesce(Q.user_name,\'\')  as `QCer Id`  \n    , coalesce(date_format(from_unixtime(mod_time/1000),\'%Y-%m-%d %H:%i\'),\'\') as `Mod Time` \nfrom volume V0\n   inner join volume V using (project_id)           \n   inner join batch B using (volume_id)\n   inner join child C using (batch_id)\n   inner join page P using (child_id)        \n   left join session S on S.volume_id=B.volume_id and S.batch_id=B.batch_id\n   left join assignment A on A.batch_id=B.batch_id\n   left join batchuser X on X.batch_id=B.batch_id\n   left join users U on X.coder_id=U.users_id\n   left join users Q on X.qc_id=Q.users_id\nwhere V0.volume_id = [volume]\n   and V.sequence > 0\n   and B.status<>\'UBatched\'\ngroup by B.batch_id\norder by V.volume_name, B.status not like \'U%\', B.batch_number');
INSERT INTO sql_text VALUES ('qc_report_batch_project_by_volume_status',0,0,'select V.volume_name as `@Volume`\n    , B.status as `@Status` \n    , if(B.status like \'U%\', concat(\'U-\',B.batch_number), B.batch_number)\n        as `Batch`   \n    , case \n        when S.batch_id is not null then \'In Use\' \n        when A.batch_id is not null then \'Assigned\' \n        else \'\' end as `Asg/Use`\n    , if(X.rework,\'YES\',\'\') as Rework\n    , count(distinct C.child_id) as `+Docs`\n    , count(*) as `+Pages`\n    , coalesce(U.user_name,\'\')  as `Coder Id`  \n    , coalesce(Q.user_name,\'\')  as `QCer Id`  \n    , coalesce(date_format(from_unixtime(mod_time/1000),\'%Y-%m-%d %H:%i\'),\'\') as `Mod Time` \nfrom volume V0\n   inner join volume V using (project_id)           \n   inner join batch B using (volume_id)\n   inner join child C using (batch_id)\n   inner join page P using (child_id)        \n   left join session S on S.volume_id=B.volume_id and S.batch_id=B.batch_id\n   left join assignment A on A.batch_id=B.batch_id\n   left join batchuser X on X.batch_id=B.batch_id\n   left join users U on X.coder_id=U.users_id\n   left join users Q on X.qc_id=Q.users_id\nwhere V0.volume_id = [volume]\n   and V.sequence > 0\n   and B.status<>\'UBatched\'\ngroup by B.batch_id\norder by V.volume_name, B.status not like \'U%\', B.status, B.batch_number');
INSERT INTO sql_text VALUES ('qc_report_error',0,0,'select coalesce(team_name,\'\') as \'@Team\'\n  , coalesce(user_name,\'\') as \'Coder\'\n  , sum(field_count) as \"+Nbr Fields\"\n  , sum(change_count) as \"%Pct Changed\"\n  , sum(error_count) as \"%Pct Errors\"\nfrom childerror E\n  inner join child C using (child_id)\n  inner join childcoded CC using (child_id)\n  left join users U using (users_id)\n  left join teams T using (teams_id)\nwhere CC.round=1\n  and C.batch_id=[batch]\ngroup by team_name, user_name, CC.users_id\norder by team_name, user_name, CC.users_id');
INSERT INTO sql_text VALUES ('qc_report_open_batch_team',0,0,'select PR.project_name as `@Project`\n    , if(substring(B.status,1,1)=\'U\', concat(\'U-\',B.batch_number), B.batch_number)\n        as `Batch`       \n    , B.status as `Status` \n    , case \n        when S.batch_id is not null then \'In Use\' \n        when A.batch_id is not null then \'Assigned\' \n        else \'\' end as `Asg/Use`\n    , if(X.rework,\'YES\',\'\') as Rework\n    , count(distinct C.child_id) as `+Docs`\n    , count(*) as `+Pages`\n    , U.user_name as `Coder Id`  \n    , coalesce(date_format(from_unixtime(mod_time/1000),\'%Y-%m-%d %H:%i\'),\'\')\n        as `Mod Time` \nfrom batch B           \n   inner join child C using (batch_id)\n   inner join page P using (child_id)        \n   inner join volume V using(volume_id)\n   inner join project PR using (project_id)\n   inner join batchuser X on X.batch_id=B.batch_id\n   inner join users U on X.coder_id=U.users_id\n   inner join users U0 using (teams_id)\n   left join session S on S.batch_id=B.batch_id\n   left join assignment A on A.batch_id=B.batch_id\nwhere U0.users_id=[user]\n  and B.status in (\'Unitize\', \'UQC\', \'Coding\', \'CodingQC\')\ngroup by B.batch_id\norder by project_name, substring(B.status,1,1)<>\'U\', B.batch_number');
INSERT INTO sql_text VALUES ('qc_report_open_batch_team_by_coder',0,0,'select coalesce(U.user_name,\'\')  as `@Coder Id`  \n    , PR.project_name as `Project`\n    , if(substring(B.status,1,1)=\'U\', concat(\'U-\',B.batch_number), B.batch_number)\n        as `Batch`       \n    , B.status as `Status` \n    , case \n        when S.batch_id is not null then \'In Use\' \n        when A.batch_id is not null then \'Assigned\' \n        else \'\' end as `Asg/Use`\n    , if(X.rework,\'YES\',\'\') as Rework\n    , count(distinct C.child_id) as `+Docs`\n    , count(*) as `+Pages`\n    , coalesce(date_format(from_unixtime(mod_time/1000),\'%Y-%m-%d %H:%i\'),\'\') as\n        `Mod Time` \nfrom batch B           \n   inner join child C using (batch_id)\n   inner join page P using (child_id)        \n   inner join volume V using(volume_id)\n   inner join project PR using (project_id)\n   inner join batchuser X on X.batch_id=B.batch_id\n   inner join users U on X.coder_id=U.users_id\n   inner join users U0 using (teams_id)\n   left join session S on S.batch_id=B.batch_id\n   left join assignment A on A.batch_id=B.batch_id\nwhere U0.users_id=[user]\n  and B.status in (\'Unitize\', \'UQC\', \'Coding\', \'CodingQC\')\ngroup by B.batch_id\norder by U.user_name\n   , project_name\n   , substring(B.status,1,1)<>\'U\', B.batch_number');
INSERT INTO sql_text VALUES ('qc_report_qc_batch_team',0,0,'select PR.project_name as `@Project`\n    , if(substring(B.status,1,1)=\'U\', concat(\'U-\',B.batch_number), B.batch_number)\n        as `Batch`       \n    , B.status as `Status` \n    , case \n        when S.batch_id is not null then \'In Use\' \n        when A.batch_id is not null then \'Assigned\' \n        else \'\' end as `Asg/Use`\n    , if(X.rework,\'YES\',\'\') as Rework\n    , count(distinct C.child_id) as `+Docs`\n    , count(*) as `+Pages`\n    , U.user_name as `Coder Id`  \n    , coalesce(date_format(from_unixtime(mod_time/1000),\'%Y-%m-%d %H:%i\'),\'\')\n        as `Mod Time` \nfrom batch B           \n   inner join child C using (batch_id)\n   inner join page P using (child_id)        \n   inner join volume V using(volume_id)\n   inner join project PR using (project_id)\n   inner join batchuser X on X.batch_id=B.batch_id\n   inner join users U on X.coder_id=U.users_id\n   inner join users U0 using (teams_id)\n   left join session S on S.batch_id=B.batch_id\n   left join assignment A on A.batch_id=B.batch_id\nwhere U0.users_id=[user]\n   and B.status = \'CodingQC\'\ngroup by B.batch_id\norder by project_name, substring(B.status,1,1)<>\'U\', B.batch_number');
INSERT INTO sql_text VALUES ('qc_report_qc_batch_team_by_coder',0,0,'select coalesce(U.user_name,\'\')  as `@Coder Id`  \n    , PR.project_name as `Project`\n    , if(substring(B.status,1,1)=\'U\', concat(\'U-\',B.batch_number), B.batch_number)\n        as `Batch`       \n    , B.status as `Status` \n    , case \n        when S.batch_id is not null then \'In Use\' \n        when A.batch_id is not null then \'Assigned\' \n        else \'\' end as `Asg/Use`\n    , if(X.rework,\'YES\',\'\') as Rework\n    , count(distinct C.child_id) as `+Docs`\n    , count(*) as `+Pages`\n    , coalesce(date_format(from_unixtime(mod_time/1000),\'%Y-%m-%d %H:%i\'),\'\')\n        as `Mod Time` \nfrom batch B           \n   inner join child C using (batch_id)\n   inner join page P using (child_id)        \n   inner join volume V using(volume_id)\n   inner join project PR using (project_id)\n   inner join batchuser X on X.batch_id=B.batch_id\n   inner join users U on X.coder_id=U.users_id\n   inner join users U0 using (teams_id)\n   left join session S on S.batch_id=B.batch_id\n   left join assignment A on A.batch_id=B.batch_id\nwhere U0.users_id=[user]\n   and B.status = \'CodingQC\'\ngroup by B.batch_id\norder by U.user_name\n   , project_name\n   , substring(B.status,1,1)<>\'U\', B.batch_number');
INSERT INTO sql_text VALUES ('qc_report_summary_project',0,0,'select V.volume_name as `@Volume`\n    , if(B.status=\'QCComplete\', \'QA\', B.status) as Status\n    , count(distinct C.child_id) as `+Documents`\n    , count(*) as `+Pages`\n    , V.image_path as `Image Path`\nfrom volume V0\n    inner join volume V using (project_id)\n    inner join batch B using (volume_id)\n    inner join child C using (batch_id)\n    inner join page P using (child_id)\nwhere V0.volume_id = [volume]\n    and V.sequence > 0\n    and B.status <> \'UBatched\'\ngroup by V.volume_name, B.Status\norder by V.volume_name, B.status');
INSERT INTO sql_text VALUES ('ReportPage.projectCombo',0,0,'select project_id, project_name from project\nwhere active');
INSERT INTO sql_text VALUES ('ReportPage.projectComboTL',0,0,'select P.project_id, project_name\nfrom project P\n  inner join volume V using (project_id)\n  inner join teamsvolume TV using (volume_id)\n  inner join users U using (teams_id)\nwhere U.users_id=[user]\ngroup by P.project_id');
INSERT INTO sql_text VALUES ('ReportPage.teamCombo',0,0,'select T.teams_id, team_name\nfrom teams T');
INSERT INTO sql_text VALUES ('ReportPage.teamComboTL',0,0,'select T.teams_id, team_name\nfrom teams T\n  inner join users U0 using (teams_id)\nwhere U0.users_id=[user]\ngroup by T.teams_id');
INSERT INTO sql_text VALUES ('report_batch_credit',0,0,'select P.project_name as `@Project`\n  , coalesce(V.volume_name, \'\') as `@Volume`\n  , if (BC.status like \'U%\', concat(\'U-\',BC.batch_number), BC.batch_number)\n      as `Batch`\n  , BC.status as Status\n  , BC.field_level as Level\n  , if(BC.rework, \'YES\', \'\') as Rework\n  , coalesce(U.user_name, \'?\') as `User ID`\n  , BC.child_count as `+Documents`\n  , BC.page_count as `+Pages`\nfrom batchcredit BC\n   inner join project P on P.project_id=BC.project_id\n   left join volume V on V.volume_id = BC.volume_id\n   left join users U on U.users_id = BC.users_id\nwhere BC.credit_time between ? and ?\norder by P.project_name, V.volume_name, BC.status like \'U%\', BC.batch_number\n  , BC.status, BC.credit_time');
INSERT INTO sql_text VALUES ('report_batch_project',0,0,'select if(B.status like \'U%\', concat(\'U-\',B.batch_number), B.batch_number)\n        as `Batch`   \n    , volume_name as Volume    \n    , B.status as `Status` \n    , case \n        when S.batch_id is not null then \'In Use\' \n        when A.batch_id is not null then \'Assigned\' \n        else \'\' end as `Asg/Use`\n    , if(X.rework,\'YES\',\'\') as Rework\n    , count(distinct C.child_id) as `+Docs`\n    , count(*) as `+Pages`\n    , coalesce(U.user_name,\'\')  as `Coder Id`  \n    , coalesce(Q.user_name,\'\')  as `QCer Id`  \n    , coalesce(date_format(from_unixtime(mod_time/1000),\'%Y-%m-%d %H:%i\'),\'\') as `Mod Time` \nfrom volume V           \n   inner join batch B using (volume_id)\n   inner join child C using (batch_id)\n   inner join page P using (child_id)        \n   left join session S on S.volume_id=B.volume_id and S.batch_id=B.batch_id\n   left join assignment A on A.batch_id=B.batch_id\n   left join batchuser X on X.batch_id=B.batch_id\n   left join users U on X.coder_id=U.users_id\n   left join users Q on X.qc_id=Q.users_id\nwhere V.project_id=?\n   and V.sequence > 0\n   and B.status<>\'UBatched\'\ngroup by B.batch_id\norder by B.status not like \'U%\', B.batch_number');
INSERT INTO sql_text VALUES ('report_batch_project_by_status',0,0,'select B.status as `@Status` \n    , volume_name as `Volume`\n    , if(B.status like \'U%\', concat(\'U-\',B.batch_number), B.batch_number)\n        as `Batch`   \n    , case \n        when S.batch_id is not null then \'In Use\' \n        when A.batch_id is not null then \'Assigned\' \n        else \'\' end as `Asg/Use`\n    , if(X.rework,\'YES\',\'\') as Rework\n    , count(distinct C.child_id) as `+Docs`\n    , count(*) as `+Pages`\n    , coalesce(U.user_name,\'\')  as `Coder Id`  \n    , coalesce(Q.user_name,\'\')  as `QCer Id`  \n    , coalesce(date_format(from_unixtime(mod_time/1000),\'%Y-%m-%d %H:%i\'),\'\') as `Mod Time` \nfrom volume V           \n   inner join batch B using (volume_id)\n   inner join child C using (batch_id)\n   inner join page P using (child_id)        \n   left join session S on S.volume_id=B.volume_id and S.batch_id=B.batch_id\n   left join assignment A on A.batch_id=B.batch_id\n   left join batchuser X on X.batch_id=B.batch_id\n   left join users U on X.coder_id=U.users_id\n   left join users Q on X.qc_id=Q.users_id\nwhere V.project_id=?\n   and V.sequence > 0\n   and B.status<>\'UBatched\'\ngroup by B.batch_id\norder by B.status not like \'U%\', B.status, B.batch_number');
INSERT INTO sql_text VALUES ('report_batch_project_by_volume',0,0,'select volume_name as `@Volume`\n    , if(B.status like \'U%\', concat(\'U-\',B.batch_number), B.batch_number)\n        as `Batch`   \n    , B.status as `Status` \n    , case \n        when S.batch_id is not null then \'In Use\' \n        when A.batch_id is not null then \'Assigned\' \n        else \'\' end as `Asg/Use`\n    , if(X.rework,\'YES\',\'\') as Rework\n    , count(distinct C.child_id) as `+Docs`\n    , count(*) as `+Pages`\n    , coalesce(U.user_name,\'\')  as `Coder Id`  \n    , coalesce(Q.user_name,\'\')  as `QCer Id`  \n    , coalesce(date_format(from_unixtime(mod_time/1000),\'%Y-%m-%d %H:%i\'),\'\') as `Mod Time` \nfrom volume V           \n   inner join batch B using (volume_id)\n   inner join child C using (batch_id)\n   inner join page P using (child_id)        \n   left join session S on S.volume_id=B.volume_id and S.batch_id=B.batch_id\n   left join assignment A on A.batch_id=B.batch_id\n   left join batchuser X on X.batch_id=B.batch_id\n   left join users U on X.coder_id=U.users_id\n   left join users Q on X.qc_id=Q.users_id\nwhere V.project_id=?\n   and V.sequence > 0\n   and B.status<>\'UBatched\'\ngroup by B.batch_id\norder by V.volume_name, B.status not like \'U%\', B.batch_number');
INSERT INTO sql_text VALUES ('report_batch_project_by_volume_status',0,0,'select volume_name as `@Volume`\n    , B.status as `@Status` \n    , if(B.status like \'U%\', concat(\'U-\',B.batch_number), B.batch_number)\n        as `Batch`   \n    , case \n        when S.batch_id is not null then \'In Use\' \n        when A.batch_id is not null then \'Assigned\' \n        else \'\' end as `Asg/Use`\n    , if(X.rework,\'YES\',\'\') as Rework\n    , count(distinct C.child_id) as `+Docs`\n    , count(*) as `+Pages`\n    , coalesce(U.user_name,\'\')  as `Coder Id`  \n    , coalesce(Q.user_name,\'\')  as `QCer Id`  \n    , coalesce(date_format(from_unixtime(mod_time/1000),\'%Y-%m-%d %H:%i\'),\'\') as `Mod Time` \nfrom volume V           \n   inner join batch B using (volume_id)\n   inner join child C using (batch_id)\n   inner join page P using (child_id)        \n   left join session S on S.volume_id=B.volume_id and S.batch_id=B.batch_id\n   left join assignment A on A.batch_id=B.batch_id\n   left join batchuser X on X.batch_id=B.batch_id\n   left join users U on X.coder_id=U.users_id\n   left join users Q on X.qc_id=Q.users_id\nwhere V.project_id=?\n   and V.sequence > 0\n   and B.status<>\'UBatched\'\ngroup by B.batch_id\norder by V.volume_name, B.status not like \'U%\', B.status, B.batch_number');
INSERT INTO sql_text VALUES ('report_open_batch',0,0,'select PR.project_name as `@Project`\n    , if(substring(B.status,1,1)=\'U\', concat(\'U-\',B.batch_number), B.batch_number)\n        as `Batch`       \n    , B.status as `Status` \n    , case \n        when S.batch_id is not null then \'In Use\' \n        when A.batch_id is not null then \'Assigned\' \n        else \'\' end as `Asg/Use`\n    , if(X.rework,\'YES\',\'\') as Rework\n    , count(distinct C.child_id) as `+Docs`\n    , count(*) as `+Pages`\n    , coalesce(U.user_name,\'\')  as `Coder Id`  \n    , coalesce(T.team_name,\'\')  as `Team`  \n    , coalesce(date_format(from_unixtime(mod_time/1000),\'%Y-%m-%d %H:%i\'),\'\')\n        as `Mod Time` \nfrom batch B           \n   inner join child C using (batch_id)\n   inner join page P using (child_id)        \n   inner join volume V using(volume_id)\n   inner join project PR using (project_id)\n   inner join batchuser X on X.batch_id=B.batch_id\n   inner join users U on X.coder_id=U.users_id\n   inner join teams T using (teams_id)\n   left join session S on S.batch_id=B.batch_id\n   left join assignment A on A.batch_id=B.batch_id\nwhere B.status in (\'Unitize\', \'UQC\', \'Coding\', \'CodingQC\')\ngroup by B.batch_id\norder by project_name, substring(B.status,1,1)<>\'U\', B.batch_number');
INSERT INTO sql_text VALUES ('report_open_batch_team',0,0,'select PR.project_name as `@Project`\n    , if(substring(B.status,1,1)=\'U\', concat(\'U-\',B.batch_number), B.batch_number)\n        as `Batch`       \n    , B.status as `Status` \n    , case \n        when S.batch_id is not null then \'In Use\' \n        when A.batch_id is not null then \'Assigned\' \n        else \'\' end as `Asg/Use`\n    , if(X.rework,\'YES\',\'\') as Rework\n    , count(distinct C.child_id) as `+Docs`\n    , count(*) as `+Pages`\n    , U.user_name as `Coder Id`  \n    , coalesce(date_format(from_unixtime(mod_time/1000),\'%Y-%m-%d %H:%i\'),\'\')\n        as `Mod Time` \nfrom batch B           \n   inner join child C using (batch_id)\n   inner join page P using (child_id)        \n   inner join volume V using(volume_id)\n   inner join project PR using (project_id)\n   inner join batchuser X on X.batch_id=B.batch_id\n   inner join users U on X.coder_id=U.users_id\n   left join session S on S.batch_id=B.batch_id\n   left join assignment A on A.batch_id=B.batch_id\nwhere U.teams_id=?\n  and B.status in (\'Unitize\', \'UQC\', \'Coding\', \'CodingQC\')\ngroup by B.batch_id\norder by project_name, substring(B.status,1,1)<>\'U\', B.batch_number');
INSERT INTO sql_text VALUES ('report_open_batch_team_by_coder',0,0,'select coalesce(U.user_name,\'\')  as `@Coder Id`  \n    , PR.project_name as `Project`\n    , if(substring(B.status,1,1)=\'U\', concat(\'U-\',B.batch_number), B.batch_number)\n        as `Batch`       \n    , B.status as `Status` \n    , case \n        when S.batch_id is not null then \'In Use\' \n        when A.batch_id is not null then \'Assigned\' \n        else \'\' end as `Asg/Use`\n    , if(X.rework,\'YES\',\'\') as Rework\n    , count(distinct C.child_id) as `+Docs`\n    , count(*) as `+Pages`\n    , coalesce(date_format(from_unixtime(mod_time/1000),\'%Y-%m-%d %H:%i\'),\'\') as\n        `Mod Time` \nfrom batch B           \n   inner join child C using (batch_id)\n   inner join page P using (child_id)        \n   inner join volume V using(volume_id)\n   inner join project PR using (project_id)\n   inner join batchuser X on X.batch_id=B.batch_id\n   inner join users U on X.coder_id=U.users_id\n   left join session S on S.batch_id=B.batch_id\n   left join assignment A on A.batch_id=B.batch_id\nwhere U.teams_id=?\n  and B.status in (\'Unitize\', \'UQC\', \'Coding\', \'CodingQC\')\ngroup by B.batch_id\norder by U.user_name\n   , project_name\n   , substring(B.status,1,1)<>\'U\', B.batch_number');
INSERT INTO sql_text VALUES ('report_payroll_detail',0,0,'SELECT coalesce(U.user_name, \'?\') as `@User ID`\n  , coalesce(V.volume_name, \'\') as `@Volume`\n  , P.project_name as `Project`\n  , BC.status as Status\n  , BC.field_level as Level\n  , if (BC.status like \'U%\', concat(\'U-\',BC.batch_number), BC.batch_number)\n      as `Batch`\n  , BC.child_count as `+Docs`\n  , coalesce(CASE BC.status WHEN \'Unitize\' THEN coalesce(UP.unitize_doc_price*.1, 0)\n                   WHEN \'UQC\' THEN coalesce(UP.uqc_doc_price*.1, 0)\n                   WHEN \'Coding\' THEN coalesce(UP.coding_doc_price*.1, 0)\n                   WHEN \'CodingQC\' THEN coalesce(UP.codingqc_doc_price*.1, 0) END\n             , 0) as \'#Doc Price\'\n  , BC.page_count as `+Pages`\n  , coalesce(CASE BC.status WHEN \'Unitize\' THEN coalesce(UP.unitize_page_price*.1, 0)\n                   WHEN \'UQC\' THEN coalesce(UP.uqc_page_price*.1, 0)\n                   WHEN \'Coding\' THEN coalesce(UP.coding_page_price*.1, 0)\n                   WHEN \'CodingQC\' THEN coalesce(UP.codingqc_page_price*.1, 0) END\n             , 0) as \'#Page Price\'\n  , round( ((CASE BC.status WHEN \'Unitize\' THEN coalesce(UP.unitize_page_price*.1, 0)\n                   WHEN \'UQC\' THEN coalesce(UP.uqc_page_price*.1, 0)\n                   WHEN \'Coding\' THEN coalesce(UP.coding_page_price*.1, 0)\n                   WHEN \'CodingQC\' THEN coalesce(UP.codingqc_page_price*.1, 0) END\n          * BC.page_count)\n          +\n          (CASE BC.status WHEN \'Unitize\' THEN coalesce(UP.unitize_doc_price*.1, 0)\n                   WHEN \'UQC\' THEN coalesce(UP.uqc_doc_price*.1, 0)\n                   WHEN \'Coding\' THEN coalesce(UP.coding_doc_price*.1, 0)\n                   WHEN \'CodingQC\' THEN coalesce(UP.codingqc_doc_price*.1, 0) END\n          * BC.child_count))\n          * .01, 2) as \'$Amount\'\nfrom batchcredit BC\n   inner join project P on P.project_id=BC.project_id\n   left join volume V on V.volume_id = BC.volume_id\n   left join users U on U.users_id = BC.users_id\n   left join unitprice UP ON (UP.project_id  = BC.project_id\n                         and  UP.volume_id   = BC.volume_id\n                         AND  UP.field_level = BC.field_level )\nwhere BC.credit_time between ? and ?\norder by U.user_name, P.project_name, V.sequence, BC.field_level, BC.status like \'U%\'\n  , BC.status, BC.batch_number, BC.credit_time');
INSERT INTO sql_text VALUES ('report_payroll_detail_team',0,0,'SELECT coalesce(U.user_name, \'?\') as `@User ID`\n  , coalesce(V.volume_name, \'\') as `@Volume`\n  , P.project_name as `Project`\n  , BC.status as Status\n  , BC.field_level as Level\n  , if (BC.status like \'U%\', concat(\'U-\',BC.batch_number), BC.batch_number)\n      as `Batch`\n  , BC.child_count as `+Docs`\n  , coalesce(CASE BC.status WHEN \'Unitize\' THEN coalesce(UP.unitize_doc_price*.1, 0)\n                   WHEN \'UQC\' THEN coalesce(UP.uqc_doc_price*.1, 0)\n                   WHEN \'Coding\' THEN coalesce(UP.coding_doc_price*.1, 0)\n                   WHEN \'CodingQC\' THEN coalesce(UP.codingqc_doc_price*.1, 0) END\n             , 0) as \'#Doc Price\'\n  , BC.page_count as `+Pages`\n  , coalesce(CASE BC.status WHEN \'Unitize\' THEN coalesce(UP.unitize_page_price*.1, 0)\n                   WHEN \'UQC\' THEN coalesce(UP.uqc_page_price*.1, 0)\n                   WHEN \'Coding\' THEN coalesce(UP.coding_page_price*.1, 0)\n                   WHEN \'CodingQC\' THEN coalesce(UP.codingqc_page_price*.1, 0) END\n             , 0) as \'#Page Price\'\n  , round( ((CASE BC.status WHEN \'Unitize\' THEN coalesce(UP.unitize_page_price*.1, 0)\n                   WHEN \'UQC\' THEN coalesce(UP.uqc_page_price*.1, 0)\n                   WHEN \'Coding\' THEN coalesce(UP.coding_page_price*.1, 0)\n                   WHEN \'CodingQC\' THEN coalesce(UP.codingqc_page_price*.1, 0) END\n          * BC.page_count)\n          +\n          (CASE BC.status WHEN \'Unitize\' THEN coalesce(UP.unitize_doc_price*.1, 0)\n                   WHEN \'UQC\' THEN coalesce(UP.uqc_doc_price*.1, 0)\n                   WHEN \'Coding\' THEN coalesce(UP.coding_doc_price*.1, 0)\n                   WHEN \'CodingQC\' THEN coalesce(UP.codingqc_doc_price*.1, 0) END\n          * BC.child_count))\n          * .01, 2) as \'$Amount\'\nfrom batchcredit BC\n   inner join project P on P.project_id=BC.project_id\n   inner join users UT ON UT.users_id = [user]\n   inner join users U ON  U.users_id = BC.users_id AND U.teams_id = UT.teams_id\n   left join unitprice UP ON (UP.project_id  = BC.project_id\n                         and  UP.volume_id   = BC.volume_id\n                         AND  UP.field_level = BC.field_level )\n   left join volume V on V.volume_id = BC.volume_id\nwhere BC.credit_time between ? and ?\norder by U.user_name, P.project_name, V.sequence, BC.field_level, BC.status like \'U%\'\n  , BC.status, BC.batch_number, BC.credit_time');
INSERT INTO sql_text VALUES ('report_payroll_detail_user',0,0,'SELECT coalesce(V.volume_name, \'\') as `@Volume`\n  , P.project_name as `Project`\n  , BC.status as Status\n  , BC.field_level as Level\n  , if (BC.status like \'U%\', concat(\'U-\',BC.batch_number), BC.batch_number)\n      as `Batch`\n  , BC.child_count as `+Docs`\n  , coalesce(CASE BC.status WHEN \'Unitize\' THEN coalesce(UP.unitize_doc_price*.1, 0)\n                   WHEN \'UQC\' THEN coalesce(UP.uqc_doc_price*.1, 0)\n                   WHEN \'Coding\' THEN coalesce(UP.coding_doc_price*.1, 0)\n                   WHEN \'CodingQC\' THEN coalesce(UP.codingqc_doc_price*.1, 0) END\n             , 0) as \'#Doc Price\'\n  , BC.page_count as `+Pages`\n  , coalesce(CASE BC.status WHEN \'Unitize\' THEN coalesce(UP.unitize_page_price*.1, 0)\n                   WHEN \'UQC\' THEN coalesce(UP.uqc_page_price*.1, 0)\n                   WHEN \'Coding\' THEN coalesce(UP.coding_page_price*.1, 0)\n                   WHEN \'CodingQC\' THEN coalesce(UP.codingqc_page_price*.1, 0) END\n             , 0) as \'#Page Price\'\n  , round( ((CASE BC.status WHEN \'Unitize\' THEN coalesce(UP.unitize_page_price*.1, 0)\n                   WHEN \'UQC\' THEN coalesce(UP.uqc_page_price*.1, 0)\n                   WHEN \'Coding\' THEN coalesce(UP.coding_page_price*.1, 0)\n                   WHEN \'CodingQC\' THEN coalesce(UP.codingqc_page_price*.1, 0) END\n          * BC.page_count)\n          +\n          (CASE BC.status WHEN \'Unitize\' THEN coalesce(UP.unitize_doc_price*.1, 0)\n                   WHEN \'UQC\' THEN coalesce(UP.uqc_doc_price*.1, 0)\n                   WHEN \'Coding\' THEN coalesce(UP.coding_doc_price*.1, 0)\n                   WHEN \'CodingQC\' THEN coalesce(UP.codingqc_doc_price*.1, 0) END\n          * BC.child_count))\n          * .01, 2) as \'$Amount\'\nfrom batchcredit BC\n   inner join project P on P.project_id=BC.project_id\n   left join users U on U.users_id = BC.users_id\n   left join unitprice UP ON (UP.project_id  = BC.project_id\n                         and  UP.volume_id   = BC.volume_id\n                         AND  UP.field_level = BC.field_level )\n   left join volume V on V.volume_id = BC.volume_id\nwhere (BC.credit_time between ? and ?) and BC.users_id = [user]\norder by U.user_name, P.project_name, V.sequence, BC.field_level, BC.status like \'U%\'\n  , BC.status, BC.batch_number, BC.credit_time');
INSERT INTO sql_text VALUES ('report_payroll_summary',0,0,'SELECT coalesce(U.user_name, \'?\') as `@User ID`\n  , coalesce(V.volume_name, \'\') as `@Volume`\n  , P.project_name as `Project`\n  , BC.status as Status\n  , BC.field_level as Level\n  , sum(BC.child_count) as `+Docs`\n  , coalesce(CASE BC.status WHEN \'Unitize\' THEN coalesce(UP.unitize_doc_price*.1, 0)\n                   WHEN \'UQC\' THEN coalesce(UP.uqc_doc_price*.1, 0)\n                   WHEN \'Coding\' THEN coalesce(UP.coding_doc_price*.1, 0)\n                   WHEN \'CodingQC\' THEN coalesce(UP.codingqc_doc_price*.1, 0) END\n             , 0) as \'#Doc Price\'\n  , sum(BC.page_count) as `+Pages`\n  , coalesce(CASE BC.status WHEN \'Unitize\' THEN coalesce(UP.unitize_page_price*.1, 0)\n                   WHEN \'UQC\' THEN coalesce(UP.uqc_page_price*.1, 0)\n                   WHEN \'Coding\' THEN coalesce(UP.coding_page_price*.1, 0)\n                   WHEN \'CodingQC\' THEN coalesce(UP.codingqc_page_price*.1, 0) END\n             , 0) as \'#Page Price\'\n  , sum(round( ((CASE BC.status WHEN \'Unitize\' THEN coalesce(UP.unitize_page_price*.1, 0)\n                   WHEN \'UQC\' THEN coalesce(UP.uqc_page_price*.1, 0)\n                   WHEN \'Coding\' THEN coalesce(UP.coding_page_price*.1, 0)\n                   WHEN \'CodingQC\' THEN coalesce(UP.codingqc_page_price*.1, 0) END\n          * BC.page_count)\n          +\n          (CASE BC.status WHEN \'Unitize\' THEN coalesce(UP.unitize_doc_price*.1, 0)\n                   WHEN \'UQC\' THEN coalesce(UP.uqc_doc_price*.1, 0)\n                   WHEN \'Coding\' THEN coalesce(UP.coding_doc_price*.1, 0)\n                   WHEN \'CodingQC\' THEN coalesce(UP.codingqc_doc_price*.1, 0) END\n          * BC.child_count))\n          * .01, 2)) as \'$Amount\'\nfrom batchcredit BC\n   inner join project P on P.project_id=BC.project_id\n   left join volume V on V.volume_id = BC.volume_id\n   left join users U on U.users_id = BC.users_id\n   left join unitprice UP ON (UP.project_id  = BC.project_id\n                         and  UP.volume_id   = BC.volume_id\n                         AND  UP.field_level = BC.field_level )\nwhere BC.credit_time between ? and ?\ngroup by U.user_name, V.sequence, P.project_name, BC.field_level, BC.status like \'U%\'\n  , BC.status\norder by U.user_name, P.project_name, V.sequence, BC.field_level, BC.status like \'U%\'\n  , BC.status, BC.batch_number, BC.credit_time');
INSERT INTO sql_text VALUES ('report_payroll_summary_team',0,0,'SELECT coalesce(U.user_name, \'?\') as `@User ID`\n  , coalesce(V.volume_name, \'\') as `@Volume`\n  , P.project_name as `Project`\n  , BC.status as Status\n  , BC.field_level as Level\n  , sum(BC.child_count) as `+Docs`\n  , coalesce(CASE BC.status WHEN \'Unitize\' THEN coalesce(UP.unitize_doc_price*.1, 0)\n                   WHEN \'UQC\' THEN coalesce(UP.uqc_doc_price*.1, 0)\n                   WHEN \'Coding\' THEN coalesce(UP.coding_doc_price*.1, 0)\n                   WHEN \'CodingQC\' THEN coalesce(UP.codingqc_doc_price*.1, 0) END\n             , 0) as \'#Doc Price\'\n  , sum(BC.page_count) as `+Pages`\n  , coalesce(CASE BC.status WHEN \'Unitize\' THEN coalesce(UP.unitize_page_price*.1, 0)\n                   WHEN \'UQC\' THEN coalesce(UP.uqc_page_price*.1, 0)\n                   WHEN \'Coding\' THEN coalesce(UP.coding_page_price*.1, 0)\n                   WHEN \'CodingQC\' THEN coalesce(UP.codingqc_page_price*.1, 0) END\n             , 0) as \'#Page Price\'\n  , sum(round( ((CASE BC.status WHEN \'Unitize\' THEN coalesce(UP.unitize_page_price*.1, 0)\n                   WHEN \'UQC\' THEN coalesce(UP.uqc_page_price*.1, 0)\n                   WHEN \'Coding\' THEN coalesce(UP.coding_page_price*.1, 0)\n                   WHEN \'CodingQC\' THEN coalesce(UP.codingqc_page_price*.1, 0) END\n          * BC.page_count)\n          +\n          (CASE BC.status WHEN \'Unitize\' THEN coalesce(UP.unitize_doc_price*.1, 0)\n                   WHEN \'UQC\' THEN coalesce(UP.uqc_doc_price*.1, 0)\n                   WHEN \'Coding\' THEN coalesce(UP.coding_doc_price*.1, 0)\n                   WHEN \'CodingQC\' THEN coalesce(UP.codingqc_doc_price*.1, 0) END\n          * BC.child_count))\n          * .01, 2)) as \'$Amount\'\nfrom batchcredit BC\n   inner join project P on P.project_id=BC.project_id\n   inner join users UT ON UT.users_id = [user]\n   inner join users U ON  U.users_id = BC.users_id AND U.teams_id = UT.teams_id\n   left join volume V on V.volume_id = BC.volume_id\n   left join unitprice UP ON (UP.project_id  = BC.project_id\n                         and  UP.volume_id   = BC.volume_id\n                         AND  UP.field_level = BC.field_level )\nwhere BC.credit_time between ? and ?\ngroup by U.user_name, V.sequence, P.project_name, BC.field_level, BC.status like \'U%\'\n  , BC.status\norder by U.user_name, P.project_name, V.sequence, BC.field_level, BC.status like \'U%\'\n  , BC.status, BC.batch_number, BC.credit_time');
INSERT INTO sql_text VALUES ('report_payroll_summary_user',0,0,'SELECT coalesce(V.volume_name, \'\') as `@Volume`\n  , P.project_name as `Project`\n  , BC.status as Status\n  , BC.field_level as Level\n  , sum(BC.child_count) as `+Docs`\n  , coalesce(CASE BC.status WHEN \'Unitize\' THEN coalesce(UP.unitize_doc_price*.1, 0)\n                   WHEN \'UQC\' THEN coalesce(UP.uqc_doc_price*.1, 0)\n                   WHEN \'Coding\' THEN coalesce(UP.coding_doc_price*.1, 0)\n                   WHEN \'CodingQC\' THEN coalesce(UP.codingqc_doc_price*.1, 0) END\n             , 0) as \'#Doc Price\'\n  , sum(BC.page_count) as `+Pages`\n  , coalesce(CASE BC.status WHEN \'Unitize\' THEN coalesce(UP.unitize_page_price*.1, 0)\n                   WHEN \'UQC\' THEN coalesce(UP.uqc_page_price*.1, 0)\n                   WHEN \'Coding\' THEN coalesce(UP.coding_page_price*.1, 0)\n                   WHEN \'CodingQC\' THEN coalesce(UP.codingqc_page_price*.1, 0) END\n             , 0) as \'#Page Price\'\n  , sum(round( ((CASE BC.status WHEN \'Unitize\' THEN coalesce(UP.unitize_page_price*.1, 0)\n                   WHEN \'UQC\' THEN coalesce(UP.uqc_page_price*.1, 0)\n                   WHEN \'Coding\' THEN coalesce(UP.coding_page_price*.1, 0)\n                   WHEN \'CodingQC\' THEN coalesce(UP.codingqc_page_price*.1, 0) END\n          * BC.page_count)\n          +\n          (CASE BC.status WHEN \'Unitize\' THEN coalesce(UP.unitize_doc_price*.1, 0)\n                   WHEN \'UQC\' THEN coalesce(UP.uqc_doc_price*.1, 0)\n                   WHEN \'Coding\' THEN coalesce(UP.coding_doc_price*.1, 0)\n                   WHEN \'CodingQC\' THEN coalesce(UP.codingqc_doc_price*.1, 0) END\n          * BC.child_count))\n          * .01, 2)) as \'$Amount\'\nfrom batchcredit BC\n   inner join project P on P.project_id=BC.project_id\n   left join volume V on V.volume_id = BC.volume_id\n   left join users U on U.users_id = BC.users_id\n   left join unitprice UP ON (UP.project_id  = BC.project_id\n                         and  UP.volume_id   = BC.volume_id\n                         AND  UP.field_level = BC.field_level )\nwhere (BC.credit_time between ? and ?) and BC.users_id = [user]\ngroup by U.user_name, V.sequence, P.project_name, BC.field_level, BC.status like \'U%\'\n  , BC.status\norder by U.user_name, P.project_name, V.sequence, BC.field_level, BC.status like \'U%\'\n  , BC.status, BC.batch_number, BC.credit_time');
INSERT INTO sql_text VALUES ('report_qc_batch_team',0,0,'select PR.project_name as `@Project`\n    , if(substring(B.status,1,1)=\'U\', concat(\'U-\',B.batch_number), B.batch_number)\n        as `Batch`       \n    , B.status as `Status` \n    , case \n        when S.batch_id is not null then \'In Use\' \n        when A.batch_id is not null then \'Assigned\' \n        else \'\' end as `Asg/Use`\n    , if(X.rework,\'YES\',\'\') as Rework\n    , count(distinct C.child_id) as `+Docs`\n    , count(*) as `+Pages`\n    , U.user_name as `Coder Id`  \n    , coalesce(date_format(from_unixtime(mod_time/1000),\'%Y-%m-%d %H:%i\'),\'\')\n        as `Mod Time` \nfrom batch B           \n   inner join child C using (batch_id)\n   inner join page P using (child_id)        \n   inner join volume V using(volume_id)\n   inner join project PR using (project_id)\n   inner join batchuser X on X.batch_id=B.batch_id\n   inner join users U on X.coder_id=U.users_id\n   left join session S on S.batch_id=B.batch_id\n   left join assignment A on A.batch_id=B.batch_id\nwhere U.teams_id=?\n   and B.status = \'CodingQC\'\ngroup by B.batch_id\norder by project_name, substring(B.status,1,1)<>\'U\', B.batch_number');
INSERT INTO sql_text VALUES ('report_qc_batch_team_by_coder',0,0,'select coalesce(U.user_name,\'\')  as `@Coder Id`  \n    , PR.project_name as `Project`\n    , if(substring(B.status,1,1)=\'U\', concat(\'U-\',B.batch_number), B.batch_number)\n        as `Batch`       \n    , B.status as `Status` \n    , case \n        when S.batch_id is not null then \'In Use\' \n        when A.batch_id is not null then \'Assigned\' \n        else \'\' end as `Asg/Use`\n    , if(X.rework,\'YES\',\'\') as Rework\n    , count(distinct C.child_id) as `+Docs`\n    , count(*) as `+Pages`\n    , coalesce(date_format(from_unixtime(mod_time/1000),\'%Y-%m-%d %H:%i\'),\'\')\n        as `Mod Time` \nfrom batch B           \n   inner join child C using (batch_id)\n   inner join page P using (child_id)        \n   inner join volume V using(volume_id)\n   inner join project PR using (project_id)\n   inner join batchuser X on X.batch_id=B.batch_id\n   inner join users U on X.coder_id=U.users_id\n   left join session S on S.batch_id=B.batch_id\n   left join assignment A on A.batch_id=B.batch_id\nwhere U.teams_id=?\n   and B.status = \'CodingQC\'\ngroup by B.batch_id\norder by U.user_name\n   , project_name\n   , substring(B.status,1,1)<>\'U\', B.batch_number');
INSERT INTO sql_text VALUES ('report_stale_batch',0,0,'select PR.project_name as `@Project`\n    , if(substring(B.status,1,1)=\'U\', concat(\'U-\',B.batch_number), B.batch_number)\n        as `Batch`       \n    , B.status as `Status` \n    , case \n        when S.batch_id is not null then \'In Use\' \n        when A.batch_id is not null then \'Assigned\' \n        else \'\' end as `Asg/Use`\n    , if(X.rework,\'YES\',\'\') as Rework\n    , count(distinct C.child_id) as `+Docs`\n    , count(*) as `+Pages`\n    , coalesce(U.user_name,\'\')  as `Coder Id`  \n    , coalesce(T.team_name,\'\')  as `Team`  \n    , coalesce(date_format(from_unixtime(mod_time/1000),\'%Y-%m-%d %H:%i\'),\'\')\n        as `Mod Time` \nfrom batch B           \n   inner join child C using (batch_id)\n   inner join page P using (child_id)        \n   inner join volume V using(volume_id)\n   inner join project PR using (project_id)\n   inner join batchuser X on X.batch_id=B.batch_id\n   inner join users U on X.coder_id=U.users_id\n   inner join teams T using (teams_id)\n   left join session S on S.batch_id=B.batch_id\n   left join assignment A on A.batch_id=B.batch_id\nwhere B.status in (\'Unitize\', \'UQC\', \'Coding\', \'CodingQC\')\n   and X.mod_time < 1000*unix_timestamp(date_sub(current_date, interval (? - 1) day))\ngroup by B.batch_id\norder by project_name, substring(B.status,1,1)<>\'U\', B.batch_number');
INSERT INTO sql_text VALUES ('report_summary_project',0,0,'select V.volume_name as `@Volume`\n    , if(B.status=\'QCComplete\', \'QA\', B.status) as Status\n    , count(distinct C.child_id) as `+Documents`\n    , count(*) as `+Pages`\n    , V.image_path as `Image Path`\nfrom volume V\n    inner join batch B using (volume_id)\n    inner join child C using (batch_id)\n    inner join page P using (child_id)\nwhere V.project_id = ?\n    and V.sequence > 0\n    and B.status <> \'UBatched\'\ngroup by V.volume_name, B.Status\norder by V.volume_name, B.status');
INSERT INTO sql_text VALUES ('server_date_millis',0,0,'select 1000*unix_timestamp(current_date())');
INSERT INTO sql_text VALUES ('SessionAdminPage.sessionTable',0,0,'select session_id, session_id, server_nbr, U.user_name,\n  concat(U.first_name,\' \',U.last_name) as User,\n  T.team_name, concat(L.first_name,\' \',L.last_name) as Leader,\n  trim(concat(case\n        when S.is_admin then \'Admin\'\n        when S.batch_id > 0 then concat(P.project_name,if(substring(B.status,1,1)=\'U\',\' U-\',\' \'),B.batch_number,\' \',B.status)\n        when S.volume_id > 0 then concat(P.project_name,\' \',V.volume_name,\' QA\')\n        else \'\' end\n    , \' \',if(S.live,\'\',\'Disconnected\'))) as Remarks\nfrom session S\n  inner join users U on S.users_id=U.users_id\n  left join teams T on U.teams_id=T.teams_id\n  left join users L on T.users_id=L.users_id\n  left join batch B on S.batch_id > 0 and B.batch_id = S.batch_id\n  left join volume V on S.volume_id > 0 and V.volume_id = S.volume_id\n  left join project P using (project_id)');
INSERT INTO sql_text VALUES ('SessionAdminPage.sessionTableTL',0,0,'select session_id, session_id, server_nbr, U.user_name,\n  concat(U.first_name,\' \',U.last_name) as User,\n  T.team_name, concat(L.first_name,\' \',L.last_name) as Leader,\n  trim(concat(case\n        when S.is_admin then \'Admin\'\n        when S.batch_id > 0 then concat(P.project_name,if(substring(B.status,1,1)=\'U\',\' U-\',\' \'),B.batch_number,\' \',B.status)\n        when S.volume_id > 0 then concat(P.project_name,\' \',V.volume_name,\' QA\')\n        else \'\' end\n    , \' \',if(S.live,\'\',\'Disconnected\'))) as Remarks\nfrom session S\n  inner join users U on S.users_id=U.users_id\n  inner join teams T on U.teams_id=T.teams_id\n  inner join users L on T.users_id=L.users_id\n  left join batch B on S.batch_id > 0 and B.batch_id = S.batch_id\n  left join volume V on S.volume_id > 0 and V.volume_id = S.volume_id\n  left join project P using (project_id)\nwhere T.users_id=[user]');
INSERT INTO sql_text VALUES ('session_coder_name',0,0,'select U.user_name\nfrom users U\n  inner join batchuser BU\n    on BU.coder_id = U.users_id\nwhere BU.batch_id = ?');
INSERT INTO sql_text VALUES ('session_error_rates',0,0,'select substring(from_unixtime(BE.credit_time/1000),1,16) as `Time Closed`,\n   user_name as User,\n   if(rework, \'Yes\', \'No\') as `Rework`,\n   field_count as `Fields Coded`,\n   if(field_count = 0, 0, floor((change_count*100+.5)/field_count)) as `Pct Changed`,\n   if(field_count = 0, 0, floor((error_count*100+.5)/field_count)) as `Pct Errors`\nfrom batcherror BE\n   inner join users U using (users_id)\nwhere BE.batch_id=?\norder by BE.credit_time, U.user_name');
INSERT INTO sql_text VALUES ('session_qa_error_rates',0,0,'select substring(from_unixtime(VE.credit_time/1000),1,16) as `Time Closed`,\n   user_name as User,\n   coalesce(T.team_name, \'\') as Team,\n   if(rework, \'Yes\', \'No\') as `Rework`,\n   field_count,\n   change_count,\n   error_count\nfrom volumeerror VE\n   inner join users U using (users_id)\n   left join teams T using (teams_id)\nwhere VE.volume_id=[volume]\norder by Team, VE.rework, VE.credit_time, U.user_name');
INSERT INTO sql_text VALUES ('session_statistics',0,0,'select substring(from_unixtime(BC.credit_time/1000),1,16) as Time\n  , U.user_name as User\n  , if(BC.rework,\'YES\',\'\') as `Rework`\n  , BC.field_level as Level\n  , BC.child_count as Docs\n  , BC.page_count as Pages\nfrom batchcredit BC\n  inner join users U using (users_id)\nwhere batch_id=?\n  and status=?\norder by BC.credit_time, U.user_name');
INSERT INTO sql_text VALUES ('SplitPaneViewer.closeMenuItem',0,0,'update session set volume_id=0, batch_id=0, lock_time=0\n where session_id=[task]');
INSERT INTO sql_text VALUES ('SplitPaneViewer.get users status',0,0,'select user_name, team_name, if(uqc = \'Yes\' or codingqc = \'Yes\' or team_leader = \'Yes\', 1, 0)\nfrom users U\nleft join teams using (teams_id)\nwhere U.users_id=[user]');
INSERT INTO sql_text VALUES ('SplitPaneViewer.tablespec',0,0,'select TS.tablespec_id, TS.table_name, TS.table_type, TS.updateable, TS.project_id\n from tablespec TS\n where TS.project_id in (?, 0)');
INSERT INTO sql_text VALUES ('SplitPaneViewer.tablevalue',0,0,'select TV.tablevalue_id, TV.value, TV.tablespec_id, TV.field_level                                       \n from tablevalue TV\n   left join tablespec TS using (tablespec_id)\n where TS.project_id = ?');
INSERT INTO sql_text VALUES ('SplitPaneViewer.tablevalueGlobal',0,0,'select TV.tablevalue_id, TV.value, TV.tablespec_id, TV.field_level                                       \n from tablevalue TV, tablespec TS\n where TS.tablespec_id = ? and TS.tablespec_id = TV.tablespec_id');
INSERT INTO sql_text VALUES ('TableAdminPage.tablespecTable',0,0,'select TS.tablespec_id, TS.table_name, TS.table_type\n  , IFNULL(P.project_name,\'<All Projects>\'), TS.requirement, TS.updateable\n  , TS.project_id\nfrom tablespec TS left join project P using (project_id)');
INSERT INTO sql_text VALUES ('TableAdminPage.tablespecTableTL',0,0,'select TS.tablespec_id, TS.table_name, TS.table_type\n  , P.project_name, TS.requirement, TS.updateable\n  , TS.project_id\nfrom tablespec TS\n  inner join project P using (project_id)\n  inner join volume V using (project_id)\n  inner join teamsvolume TV using (volume_id)\n  inner join users U using (teams_id)\nwhere users_id=[user]\ngroup by TS.tablespec_id');
INSERT INTO sql_text VALUES ('tablespec select',0,0,'select table_name, table_type, P.project_name, requirement, updateable\nfrom tablespec left join project P using (project_id) where tablespec_id = ?');
INSERT INTO sql_text VALUES ('tablevalue select',0,0,'select TV.tablevalue_id, TV.value, TV.field_level\n  from tablevalue TV, tablespec TS\nWHERE TS.tablespec_id = ?\n    AND TS.tablespec_id = TV.tablespec_id');
INSERT INTO sql_text VALUES ('TeamAdminPage.teams',1,0,'select T.teams_id,T.team_name, U.user_name\nfrom teams T\n  left join users U on T.users_id = U.users_id');
INSERT INTO sql_text VALUES ('TeamAdminPage.unassignedUsers',0,0,'select users_id, user_name from users\nwhere teams_id=0 and active');
INSERT INTO sql_text VALUES ('TeamAdminPage.users',0,0,'select users_id, user_name from users\nwhere teams_id=? and active');
INSERT INTO sql_text VALUES ('teams by id select',0,0,'select team_name, users_id from teams\nwhere teams_id = ?');
INSERT INTO sql_text VALUES ('teamsqueue delete',0,0,'delete from teamsqueue where batch_id = ? and teams_id = ?');
INSERT INTO sql_text VALUES ('teamsvolume delete',0,0,'delete from teamsvolume where volume_id = ? and teams_id = ?');
INSERT INTO sql_text VALUES ('unitprice defaults',0,0,'select unitize_page_price*.1, unitize_doc_price*.1, uqc_page_price*.1, uqc_doc_price*.1\n  , coding_page_price*.1, coding_doc_price*.1, codingqc_page_price*.1, codingqc_doc_price*.1\nfrom unitprice\nwhere project_id = ? and volume_id = 0 and field_level = ?');
INSERT INTO sql_text VALUES ('unitprice level defaults',0,0,'select unitize_page_price*.1, unitize_doc_price*.1, uqc_page_price*.1, uqc_doc_price*.1\n  , coding_page_price*.1, coding_doc_price*.1, codingqc_page_price*.1, codingqc_doc_price*.1\nfrom unitprice\nwhere project_id = ? and volume_id = 0 and field_level = 0');
INSERT INTO sql_text VALUES ('UserAdminPage.usersTable',0,0,'select U.users_id, user_name, concat(first_name,\' \',last_name), unitize, uqc\n  , coding, codingqc, qa, team_leader, admin, T.team_name \nfrom users U\n left join teams T on (U.teams_id=T.teams_id)\nwhere U.active');
INSERT INTO sql_text VALUES ('UserBatching.assignments',0,0,'select A.assignment_id, P.project_name, B.batch_number\n     , B.status, B.status + 0, B.batch_id                                  \nfrom assignment A                                    \n  inner join batch B using (batch_id)                \n  inner join volume V on V.volume_id = B.volume_id   \n  inner join project P on P.project_id = V.project_id\nwhere A.users_id = ?                               ');
INSERT INTO sql_text VALUES ('UserBatching.teamsTL',0,0,'select T.teams_id,T.team_name, U.user_name\nfrom teams T\n  inner join users U0 using(teams_id)\n  left join users U on T.users_id = U.users_id and U.active\nwhere U0.users_id=[user]\ngroup by T.teams_id');
INSERT INTO sql_text VALUES ('UserBatching.users',0,0,'select U.users_id,U.user_name, T.team_name                 \nfrom users U\n  left join teams T on U.teams_id = T.teams_id\nwhere U.active');
INSERT INTO sql_text VALUES ('UserBatching.usersbatchqueue',0,0,'select UQ.usersqueue_id, P.project_name, B.batch_number\n  , B.status, - B.priority, UQ.users_id, UQ.batch_id   \nfrom usersqueue UQ                                     \n  inner join users U using (users_id)                  \n  inner join batch B on UQ.batch_id=B.batch_id         \n  inner join volume V on V.volume_id=B.volume_id       \n  inner join project P on P.project_id = V.project_id  \nwhere UQ.users_id=?');
INSERT INTO sql_text VALUES ('UserBatching.usersTL',0,0,'select U.users_id,U.user_name, T.team_name                 \nfrom users U\n  inner join users U0 using (teams_id)\n  inner join teams T using (teams_id)\nwhere U.active\n  and U0.users_id=[user]\ngroup by U.users_id');
INSERT INTO sql_text VALUES ('users by id select',0,0,'select teams_id, user_name, last_name, first_name,\n    unitize, uqc, coding, codingqc, qa, team_leader, admin,\n    admin_users, admin_project, admin_batch, admin_edit, admin_import, admin_export\nfrom users\nwhere users_id = ?');
INSERT INTO sql_text VALUES ('users select',0,0,'select last_name, first_name from users\nwhere last_name = ? order by last_name, first_name');
INSERT INTO sql_text VALUES ('usersqueue delete',0,0,'delete from usersqueue where batch_id = ? and users_id = ?');

--
-- Table structure for table `svradmin`
--

CREATE TABLE svradmin (
  dummy_key int(11) NOT NULL default '0',
  min_client_version varchar(10) NOT NULL default '',
  max_client_version varchar(10) NOT NULL default '',
  min_supported_version varchar(10) NOT NULL default '',
  server_instance_count int(11) NOT NULL default '0',
  PRIMARY KEY  (dummy_key)
) TYPE=InnoDB;

--
-- Dumping data for table `svradmin`
--

INSERT INTO svradmin VALUES (0,'1.00.007','1.00.099','0.01.024',11);

--
-- Table structure for table `svrage`
--

CREATE TABLE svrage (
  dummy_key int(11) NOT NULL default '0',
  age int(11) NOT NULL default '1',
  PRIMARY KEY  (dummy_key)
) TYPE=InnoDB;

--
-- Dumping data for table `svrage`
--

INSERT INTO svrage VALUES (0,104);

--
-- Table structure for table `tablespec`
--

CREATE TABLE tablespec (
  tablespec_id int(11) NOT NULL auto_increment,
  table_name varchar(40) NOT NULL default '',
  table_type enum('text','name') NOT NULL default 'text',
  project_id int(11) NOT NULL default '0',
  requirement enum('Optional','Required') NOT NULL default 'Optional',
  updateable enum('CoderAdd','SuperMod') NOT NULL default 'SuperMod',
  PRIMARY KEY  (tablespec_id),
  UNIQUE KEY table_name (table_name),
  KEY project_id (project_id)
) TYPE=InnoDB;

--
-- Dumping data for table `tablespec`
--

INSERT INTO tablespec VALUES (1,'Type','text',0,'Required','CoderAdd');
INSERT INTO tablespec VALUES (2,'Name','name',0,'Optional','CoderAdd');
INSERT INTO tablespec VALUES (3,'YesNo','text',0,'Required','SuperMod');
INSERT INTO tablespec VALUES (4,'Test Table','text',0,'Required','SuperMod');

--
-- Table structure for table `tablevalue`
--

CREATE TABLE tablevalue (
  tablevalue_id int(11) NOT NULL auto_increment,
  tablespec_id int(11) NOT NULL default '0',
  value varchar(255) NOT NULL default '',
  field_level tinyint(4) NOT NULL default '0',
  PRIMARY KEY  (tablevalue_id),
  UNIQUE KEY value (tablespec_id,value)
) TYPE=InnoDB;

--
-- Dumping data for table `tablevalue`
--

INSERT INTO tablevalue VALUES (1,2,'/PH/Novartis@PH',0);
INSERT INTO tablevalue VALUES (2,2,'100368@msn.com',0);
INSERT INTO tablevalue VALUES (3,2,'253',0);
INSERT INTO tablevalue VALUES (4,2,'A',0);
INSERT INTO tablevalue VALUES (5,2,'Abbas, Maher',0);
INSERT INTO tablevalue VALUES (6,2,'Abbott',0);
INSERT INTO tablevalue VALUES (7,2,'Abbott Laboratories',0);
INSERT INTO tablevalue VALUES (8,2,'AbdulHacq, Reche',0);
INSERT INTO tablevalue VALUES (9,2,'Abella, Imma',0);
INSERT INTO tablevalue VALUES (10,2,'Abhay Talwade/PH/Novartis',0);
INSERT INTO tablevalue VALUES (11,2,'ABJ',0);
INSERT INTO tablevalue VALUES (12,2,'Achenbach, Chad',0);
INSERT INTO tablevalue VALUES (13,2,'Ackerman',0);
INSERT INTO tablevalue VALUES (14,2,'Acree, Jeffrey',0);
INSERT INTO tablevalue VALUES (15,2,'Acree, Jeffrey S',0);
INSERT INTO tablevalue VALUES (16,2,'Adam, Richard',0);
INSERT INTO tablevalue VALUES (17,2,'Adamczyk, C',0);
INSERT INTO tablevalue VALUES (18,2,'Adamczyk, S',0);
INSERT INTO tablevalue VALUES (19,2,'Adamczyk, Susan',0);
INSERT INTO tablevalue VALUES (20,2,'Adams, Lisa',0);
INSERT INTO tablevalue VALUES (21,2,'Adams, Lisa C',0);
INSERT INTO tablevalue VALUES (22,2,'Adams, Marsha',0);
INSERT INTO tablevalue VALUES (23,2,'Adres, Ines',0);
INSERT INTO tablevalue VALUES (24,2,'Adrian Birch/PH/Novartis@PH',0);
INSERT INTO tablevalue VALUES (25,2,'Advanced Biomedical Research Inc',0);
INSERT INTO tablevalue VALUES (26,2,'Advanced Clinical Epidemlolgical Research Inc',0);
INSERT INTO tablevalue VALUES (27,2,'AE',0);
INSERT INTO tablevalue VALUES (28,2,'Aebi, Beat; Beat Aebi/PH/Novartis@PH',0);
INSERT INTO tablevalue VALUES (29,2,'Agarwal, K',0);
INSERT INTO tablevalue VALUES (30,2,'Agatep, Lurdes; Lurdes Agatep/PH/Novartis@PH; Bedford, Bart; Bart Bedford/PH/Novartis@PH',0);
INSERT INTO tablevalue VALUES (31,2,'Agyare, Albert',0);
INSERT INTO tablevalue VALUES (32,2,'Ahoyt@arclightsystems.com',0);
INSERT INTO tablevalue VALUES (33,2,'Al Bess/PH/Novartis@PH',0);
INSERT INTO tablevalue VALUES (34,2,'Alameda, David',0);
INSERT INTO tablevalue VALUES (35,2,'Alan Bookstaber/PH/Novartis@PH',0);
INSERT INTO tablevalue VALUES (36,2,'AlanBookstaber/PH/Novartis@PH',0);
INSERT INTO tablevalue VALUES (37,2,'Albany Medical College',0);
INSERT INTO tablevalue VALUES (38,2,'Albea, Kimberly',0);
INSERT INTO tablevalue VALUES (39,2,'Albertsons',0);
INSERT INTO tablevalue VALUES (40,2,'AlBess/PH/Novartis',0);
INSERT INTO tablevalue VALUES (41,2,'AlBess/PH/Novartis@PH',0);
INSERT INTO tablevalue VALUES (42,2,'Albrechtgeorg Schmidt/PH/Novartis@PH',0);
INSERT INTO tablevalue VALUES (43,2,'Alcott, Debora J',0);
INSERT INTO tablevalue VALUES (44,2,'Aldridge, P',0);
INSERT INTO tablevalue VALUES (45,2,'Aldridge, Pat',0);
INSERT INTO tablevalue VALUES (46,2,'Alejandro Arana/PH/Novartis@PH',0);
INSERT INTO tablevalue VALUES (47,2,'Alesia Goginsky/PH/Novartis@PH',0);
INSERT INTO tablevalue VALUES (48,2,'Alessandro Probst/PH/Novartis@PH',0);
INSERT INTO tablevalue VALUES (49,2,'Alev, J',0);
INSERT INTO tablevalue VALUES (50,4,'1st Test Entry',0);
INSERT INTO tablevalue VALUES (51,1,'ADE',0);
INSERT INTO tablevalue VALUES (52,1,'Chart / Graph / Table',0);
INSERT INTO tablevalue VALUES (53,1,'Computer Printout',0);
INSERT INTO tablevalue VALUES (54,1,'Correspondence',0);
INSERT INTO tablevalue VALUES (55,1,'Email',0);
INSERT INTO tablevalue VALUES (56,1,'Financial',0);
INSERT INTO tablevalue VALUES (57,1,'Legal Document / Agreement',0);
INSERT INTO tablevalue VALUES (58,1,'Manual',0);
INSERT INTO tablevalue VALUES (59,1,'Medical records',0);
INSERT INTO tablevalue VALUES (60,1,'Memorandum / Report',0);
INSERT INTO tablevalue VALUES (61,1,'Minutes / Agenda',0);
INSERT INTO tablevalue VALUES (62,1,'Non-substantive document',0);
INSERT INTO tablevalue VALUES (63,1,'Other substantive document',0);
INSERT INTO tablevalue VALUES (64,1,'Package Insert / Package Label',0);
INSERT INTO tablevalue VALUES (65,1,'Promotional materials / press release',0);
INSERT INTO tablevalue VALUES (66,1,'Scientific Study',0);
INSERT INTO tablevalue VALUES (67,3,'No',0);
INSERT INTO tablevalue VALUES (68,3,'Yes',0);

--
-- Table structure for table `teams`
--

CREATE TABLE teams (
  teams_id int(11) NOT NULL auto_increment,
  users_id int(11) NOT NULL default '0',
  team_name varchar(40) NOT NULL default '',
  PRIMARY KEY  (teams_id),
  UNIQUE KEY teams_id (team_name)
) TYPE=InnoDB;

--
-- Dumping data for table `teams`
--

INSERT INTO teams VALUES (201,112,'Super Coders');
INSERT INTO teams VALUES (202,111,'i-Base Managers');

--
-- Table structure for table `teamsqueue`
--

CREATE TABLE teamsqueue (
  teamsqueue_id int(11) NOT NULL auto_increment,
  batch_id int(11) NOT NULL default '0',
  teams_id int(11) NOT NULL default '0',
  timestamp bigint(20) NOT NULL default '0',
  PRIMARY KEY  (teamsqueue_id),
  UNIQUE KEY teams_id (teams_id,batch_id),
  UNIQUE KEY batch_id (batch_id,teams_id)
) TYPE=InnoDB;

--
-- Dumping data for table `teamsqueue`
--

INSERT INTO teamsqueue VALUES (8,13,202,1076970209614);
INSERT INTO teamsqueue VALUES (9,15,202,1076970209644);

--
-- Table structure for table `teamsvolume`
--

CREATE TABLE teamsvolume (
  teamsvolume_id int(11) NOT NULL auto_increment,
  volume_id int(11) NOT NULL default '0',
  teams_id int(11) NOT NULL default '0',
  timestamp bigint(20) NOT NULL default '0',
  PRIMARY KEY  (teamsvolume_id),
  UNIQUE KEY volume_id (volume_id,teams_id),
  UNIQUE KEY teams_id (teams_id,volume_id)
) TYPE=InnoDB;

--
-- Dumping data for table `teamsvolume`
--

INSERT INTO teamsvolume VALUES (1,1,201,1103046423547);

--
-- Table structure for table `unitprice`
--

CREATE TABLE unitprice (
  unitprice_id int(11) NOT NULL auto_increment,
  project_id int(11) NOT NULL default '0',
  volume_id int(11) NOT NULL default '0',
  field_level tinyint(4) NOT NULL default '0',
  unitize_page_price smallint(3) NOT NULL default '0',
  unitize_doc_price smallint(3) NOT NULL default '0',
  uqc_page_price smallint(3) NOT NULL default '0',
  uqc_doc_price smallint(3) NOT NULL default '0',
  coding_page_price smallint(3) NOT NULL default '0',
  coding_doc_price smallint(3) NOT NULL default '0',
  codingqc_page_price smallint(3) NOT NULL default '0',
  codingqc_doc_price smallint(3) NOT NULL default '0',
  PRIMARY KEY  (unitprice_id),
  UNIQUE KEY field_level (project_id,volume_id,field_level),
  KEY project_id (project_id),
  KEY volume_id (volume_id)
) TYPE=InnoDB;

--
-- Dumping data for table `unitprice`
--

INSERT INTO unitprice VALUES (1,1,1,0,0,0,0,0,0,0,0,0);
INSERT INTO unitprice VALUES (2,2,2,0,0,0,0,0,0,0,0,0);
INSERT INTO unitprice VALUES (3,3,3,0,0,0,0,0,0,0,0,0);
INSERT INTO unitprice VALUES (4,4,4,0,0,0,0,0,0,0,0,0);
INSERT INTO unitprice VALUES (5,5,5,0,0,0,0,0,0,0,0,0);
INSERT INTO unitprice VALUES (6,6,6,0,0,0,0,0,0,0,0,0);
INSERT INTO unitprice VALUES (7,7,7,0,0,0,0,0,0,0,0,0);
INSERT INTO unitprice VALUES (8,8,8,0,0,0,0,0,0,0,0,0);
INSERT INTO unitprice VALUES (9,9,9,0,0,0,0,0,0,0,0,0);
INSERT INTO unitprice VALUES (10,10,10,0,0,0,0,0,0,0,0,0);
INSERT INTO unitprice VALUES (11,1,0,0,0,0,0,0,0,0,0,0);
INSERT INTO unitprice VALUES (12,2,0,0,0,0,0,0,0,0,0,0);
INSERT INTO unitprice VALUES (13,3,0,0,0,0,0,0,0,0,0,0);
INSERT INTO unitprice VALUES (14,4,0,0,0,0,0,0,0,0,0,0);
INSERT INTO unitprice VALUES (15,5,0,0,0,0,0,0,0,0,0,0);
INSERT INTO unitprice VALUES (16,6,0,0,0,0,0,0,0,0,0,0);
INSERT INTO unitprice VALUES (17,7,0,0,0,0,0,0,0,0,0,0);
INSERT INTO unitprice VALUES (18,8,0,0,0,0,0,0,0,0,0,0);
INSERT INTO unitprice VALUES (19,9,0,0,0,0,0,0,0,0,0,0);
INSERT INTO unitprice VALUES (20,10,0,0,0,0,0,0,0,0,0,0);

--
-- Table structure for table `users`
--

CREATE TABLE users (
  users_id int(11) NOT NULL auto_increment,
  active tinyint(1) NOT NULL default '1',
  teams_id int(11) NOT NULL default '0',
  user_name varchar(40) NOT NULL default '',
  last_name varchar(40) NOT NULL default '',
  first_name varchar(40) NOT NULL default '',
  unitize enum('No','Yes') NOT NULL default 'No',
  uqc enum('No','Yes') NOT NULL default 'No',
  coding enum('No','Yes') NOT NULL default 'Yes',
  codingqc enum('No','Yes') NOT NULL default 'No',
  qa enum('No','Yes') NOT NULL default 'No',
  team_leader enum('No','Yes') NOT NULL default 'No',
  admin enum('No','Yes') NOT NULL default 'No',
  admin_users enum('No','Yes') NOT NULL default 'No',
  admin_project enum('No','Yes') NOT NULL default 'No',
  admin_batch enum('No','Yes') NOT NULL default 'No',
  admin_edit enum('No','Yes') NOT NULL default 'No',
  admin_import enum('No','Yes') NOT NULL default 'No',
  admin_export enum('No','Yes') NOT NULL default 'No',
  password varchar(32) NOT NULL default '',
  PRIMARY KEY  (users_id),
  KEY teams_id (teams_id),
  KEY user_name (user_name)
) TYPE=InnoDB;

--
-- Dumping data for table `users`
--

INSERT INTO users VALUES (104,1,201,'MCCALLN','McCall','Nancy','Yes','Yes','Yes','Yes','Yes','No','Yes','Yes','Yes','Yes','Yes','Yes','Yes','09c256395809eefd164883f2d0691839');
INSERT INTO users VALUES (105,1,201,'EASTONB','Easton','Bill','Yes','Yes','Yes','Yes','Yes','No','Yes','Yes','Yes','Yes','Yes','Yes','Yes','9dd4e461268c8034f5c8564e155c67a6');
INSERT INTO users VALUES (106,1,201,'BROWNINGB','Browning','Bob','Yes','No','Yes','No','No','Yes','No','No','No','No','No','No','No','e6376e96cfc12667704998b4225c500d');
INSERT INTO users VALUES (107,1,201,'MITCHELLJ','Mitchell','John','Yes','Yes','Yes','Yes','Yes','No','Yes','Yes','Yes','Yes','Yes','Yes','Yes','8c676a88df49c6e1127bb3bf7a4eeb5e');
INSERT INTO users VALUES (108,1,202,'ROTHK','Roth','Karen','Yes','Yes','Yes','Yes','Yes','No','Yes','Yes','Yes','Yes','Yes','Yes','Yes','7370a831736fda19e4af2a5f10cb202c');
INSERT INTO users VALUES (109,1,202,'ARANEOK','Araneo','Kim','Yes','Yes','Yes','No','No','No','Yes','Yes','Yes','Yes','Yes','Yes','Yes','0bdd2638f0798a73e0816c7783f05609');
INSERT INTO users VALUES (110,1,202,'GRESPINJ','Grespin','Joe','Yes','No','Yes','No','No','No','Yes','Yes','Yes','Yes','Yes','Yes','Yes','966de0d759f3543849b5c48025c6e375');
INSERT INTO users VALUES (111,1,202,'GRESPINM','Grespin','MaryPat','Yes','Yes','Yes','Yes','Yes','No','Yes','Yes','Yes','Yes','Yes','Yes','Yes','966de0d759f3543849b5c48025c6e375');
INSERT INTO users VALUES (112,1,201,'CORNSM','Corns','Mike','Yes','Yes','Yes','Yes','Yes','No','Yes','Yes','Yes','Yes','Yes','Yes','Yes','0f23e4d944caf266700bfaf2f1cc9614');
INSERT INTO users VALUES (113,1,201,'CODERJ','Coder','J Random','No','No','Yes','No','No','No','No','No','No','No','No','No','No','14c0f98e06bcd735d89c0c6a57488ccd');
INSERT INTO users VALUES (114,1,201,'QCERJ','Qcer','J Random','No','No','No','Yes','No','No','No','No','No','No','No','No','No','beaf252fd6fc3f62500173be6f01e18d');
INSERT INTO users VALUES (115,1,201,'UNITIZERJ','Unitizer','J Random','Yes','No','No','No','No','No','No','No','No','No','No','No','No','9cfd4522c7b789be1727c97bb71cfb2e');
INSERT INTO users VALUES (116,1,201,'UQCERJ','Uqcer','J Random','No','Yes','No','No','No','No','No','No','No','No','No','No','No','c6ef4a0fd851b5ca399ba5bd2f50aecd');
INSERT INTO users VALUES (117,1,202,'ADMINJ','Admin','J Random','No','No','Yes','No','No','No','Yes','Yes','Yes','Yes','Yes','Yes','Yes','e3afed0047b08059d0fada10f400c1e5');

--
-- Table structure for table `usersqueue`
--

CREATE TABLE usersqueue (
  usersqueue_id int(11) NOT NULL auto_increment,
  batch_id int(11) NOT NULL default '0',
  users_id int(11) NOT NULL default '0',
  timestamp bigint(20) NOT NULL default '0',
  requeue_time bigint(20) NOT NULL default '0',
  requeue_users_id int(11) NOT NULL default '0',
  PRIMARY KEY  (usersqueue_id),
  UNIQUE KEY users_id (users_id,batch_id),
  UNIQUE KEY batch_id (batch_id,users_id),
  KEY users_id_2 (users_id,timestamp,batch_id),
  KEY requeue_time (requeue_time)
) TYPE=InnoDB;

--
-- Dumping data for table `usersqueue`
--

INSERT INTO usersqueue VALUES (5,13,111,1076970209724,0,0);

--
-- Table structure for table `value`
--

CREATE TABLE value (
  child_id int(11) NOT NULL default '0',
  field_name varchar(40) NOT NULL default '',
  sequence int(11) NOT NULL default '0',
  value varchar(255) NOT NULL default '',
  PRIMARY KEY  (child_id,field_name,sequence)
) TYPE=InnoDB;

--
-- Dumping data for table `value`
--

INSERT INTO value VALUES (1,'Date 1',0,'20020304');
INSERT INTO value VALUES (1,'Number 1',0,'4');
INSERT INTO value VALUES (1,'Type 1',0,'Chart / Graph / Table');
INSERT INTO value VALUES (1,'Type 1',1,'Correspondence');
INSERT INTO value VALUES (37,'Date 2',0,'20020202');
INSERT INTO value VALUES (37,'Type 2',0,'ADE');
INSERT INTO value VALUES (38,'Date 2',0,'20020202');
INSERT INTO value VALUES (38,'Type 2',0,'ADE');
INSERT INTO value VALUES (39,'Date 2',0,'20020202');
INSERT INTO value VALUES (39,'Type 2',0,'ADE');
INSERT INTO value VALUES (40,'Date 2',0,'20020202');
INSERT INTO value VALUES (40,'Type 2',0,'ADE');
INSERT INTO value VALUES (41,'Date 2',0,'20020202');
INSERT INTO value VALUES (41,'Type 2',0,'ADE');
INSERT INTO value VALUES (42,'Date 2',0,'20020202');
INSERT INTO value VALUES (42,'Type 2',0,'ADE');
INSERT INTO value VALUES (43,'Date 2',0,'20020202');
INSERT INTO value VALUES (43,'Type 2',0,'ADE');
INSERT INTO value VALUES (44,'Date 2',0,'20020202');
INSERT INTO value VALUES (44,'Type 2',0,'ADE');
INSERT INTO value VALUES (45,'Date 2',0,'20020202');
INSERT INTO value VALUES (45,'Type 2',0,'ADE');
INSERT INTO value VALUES (46,'Date 2',0,'20020202');
INSERT INTO value VALUES (46,'Type 2',0,'ADE');
INSERT INTO value VALUES (47,'Date 2',0,'20020202');
INSERT INTO value VALUES (47,'Type 2',0,'ADE');
INSERT INTO value VALUES (50,'Date 2',0,'20020202');
INSERT INTO value VALUES (50,'Type 2',0,'ADE');
INSERT INTO value VALUES (51,'Date 2',0,'20020202');
INSERT INTO value VALUES (51,'Type 2',0,'ADE');
INSERT INTO value VALUES (52,'Date 2',0,'20020202');
INSERT INTO value VALUES (52,'Type 2',0,'ADE');
INSERT INTO value VALUES (53,'Date 2',0,'20020202');
INSERT INTO value VALUES (53,'Type 2',0,'ADE');
INSERT INTO value VALUES (54,'Date 2',0,'20020202');
INSERT INTO value VALUES (54,'Type 2',0,'ADE');
INSERT INTO value VALUES (55,'Date 2',0,'20020202');
INSERT INTO value VALUES (55,'Type 2',0,'ADE');
INSERT INTO value VALUES (56,'Date 2',0,'20020202');
INSERT INTO value VALUES (56,'Type 2',0,'ADE');
INSERT INTO value VALUES (57,'Date 2',0,'20020202');
INSERT INTO value VALUES (57,'Type 2',0,'ADE');
INSERT INTO value VALUES (58,'Date 2',0,'20020202');
INSERT INTO value VALUES (58,'Type 2',0,'ADE');
INSERT INTO value VALUES (59,'Date 2',0,'20020202');
INSERT INTO value VALUES (59,'Type 2',0,'ADE');
INSERT INTO value VALUES (60,'Date 2',0,'20020202');
INSERT INTO value VALUES (60,'Type 2',0,'ADE');
INSERT INTO value VALUES (61,'Date 2',0,'20020202');
INSERT INTO value VALUES (61,'Type 2',0,'ADE');
INSERT INTO value VALUES (62,'Date 2',0,'20020202');
INSERT INTO value VALUES (62,'Type 2',0,'ADE');
INSERT INTO value VALUES (63,'Date 2',0,'20020202');
INSERT INTO value VALUES (63,'Type 2',0,'ADE');
INSERT INTO value VALUES (64,'Date 2',0,'20020202');
INSERT INTO value VALUES (64,'Type 2',0,'ADE');
INSERT INTO value VALUES (105,'Date 4',0,'20020202');
INSERT INTO value VALUES (105,'Type 4',0,'ADE');
INSERT INTO value VALUES (106,'Date 4',0,'20020202');
INSERT INTO value VALUES (106,'Type 4',0,'ADE');
INSERT INTO value VALUES (107,'Date 4',0,'20020202');
INSERT INTO value VALUES (107,'Type 4',0,'ADE');
INSERT INTO value VALUES (108,'Date 4',0,'20020202');
INSERT INTO value VALUES (108,'Type 4',0,'ADE');
INSERT INTO value VALUES (109,'Date 4',0,'20020202');
INSERT INTO value VALUES (109,'Type 4',0,'ADE');
INSERT INTO value VALUES (110,'Date 4',0,'20020202');
INSERT INTO value VALUES (110,'Type 4',0,'ADE');
INSERT INTO value VALUES (111,'Date 4',0,'20020202');
INSERT INTO value VALUES (111,'Type 4',0,'ADE');
INSERT INTO value VALUES (112,'Date 4',0,'20020202');
INSERT INTO value VALUES (112,'Type 4',0,'ADE');
INSERT INTO value VALUES (113,'Date 4',0,'20020202');
INSERT INTO value VALUES (113,'Type 4',0,'ADE');
INSERT INTO value VALUES (114,'Date 4',0,'20020202');
INSERT INTO value VALUES (114,'Type 4',0,'ADE');
INSERT INTO value VALUES (115,'Date 4',0,'20020202');
INSERT INTO value VALUES (115,'Type 4',0,'ADE');
INSERT INTO value VALUES (116,'Date 4',0,'20020202');
INSERT INTO value VALUES (116,'Type 4',0,'ADE');
INSERT INTO value VALUES (117,'Date 4',0,'20020202');
INSERT INTO value VALUES (117,'Type 4',0,'ADE');
INSERT INTO value VALUES (118,'Date 4',0,'20020202');
INSERT INTO value VALUES (118,'Type 4',0,'ADE');
INSERT INTO value VALUES (119,'Date 4',0,'20020202');
INSERT INTO value VALUES (119,'Type 4',0,'ADE');
INSERT INTO value VALUES (120,'Date 4',0,'20020202');
INSERT INTO value VALUES (120,'Type 4',0,'ADE');
INSERT INTO value VALUES (121,'Date 4',0,'20020202');
INSERT INTO value VALUES (121,'Type 4',0,'ADE');
INSERT INTO value VALUES (122,'Date 4',0,'20020202');
INSERT INTO value VALUES (122,'Type 4',0,'ADE');
INSERT INTO value VALUES (123,'Date 4',0,'20020202');
INSERT INTO value VALUES (123,'Type 4',0,'ADE');
INSERT INTO value VALUES (124,'Date 4',0,'20020202');
INSERT INTO value VALUES (124,'Type 4',0,'ADE');
INSERT INTO value VALUES (125,'Date 4',0,'20020202');
INSERT INTO value VALUES (125,'Type 4',0,'ADE');
INSERT INTO value VALUES (126,'Date 4',0,'20020202');
INSERT INTO value VALUES (126,'Type 4',0,'ADE');
INSERT INTO value VALUES (127,'Date 4',0,'20020202');
INSERT INTO value VALUES (127,'Type 4',0,'ADE');
INSERT INTO value VALUES (128,'Date 4',0,'20020202');
INSERT INTO value VALUES (128,'Type 4',0,'ADE');
INSERT INTO value VALUES (129,'Date 4',0,'20020202');
INSERT INTO value VALUES (129,'Type 4',0,'ADE');
INSERT INTO value VALUES (130,'Date 4',0,'20020202');
INSERT INTO value VALUES (130,'Type 4',0,'ADE');
INSERT INTO value VALUES (131,'Date 4',0,'20020202');
INSERT INTO value VALUES (131,'Type 4',0,'ADE');
INSERT INTO value VALUES (132,'Date 4',0,'20020202');
INSERT INTO value VALUES (132,'Type 4',0,'ADE');
INSERT INTO value VALUES (133,'Date 4',0,'20020202');
INSERT INTO value VALUES (133,'Type 4',0,'ADE');
INSERT INTO value VALUES (134,'Date 4',0,'20020202');
INSERT INTO value VALUES (134,'Type 4',0,'ADE');
INSERT INTO value VALUES (135,'Date 4',0,'20020202');
INSERT INTO value VALUES (135,'Type 4',0,'ADE');
INSERT INTO value VALUES (136,'Date 4',0,'20020202');
INSERT INTO value VALUES (136,'Type 4',0,'ADE');
INSERT INTO value VALUES (137,'Date 4',0,'20020202');
INSERT INTO value VALUES (137,'Type 4',0,'ADE');
INSERT INTO value VALUES (138,'Date 4',0,'20020202');
INSERT INTO value VALUES (138,'Type 4',0,'ADE');

--
-- Table structure for table `volume`
--

CREATE TABLE volume (
  volume_id int(11) NOT NULL auto_increment,
  volume_name varchar(40) NOT NULL default '',
  project_id int(11) NOT NULL default '0',
  sequence smallint(6) NOT NULL default '0',
  lft int(11) NOT NULL default '0',
  rgt int(11) NOT NULL default '0',
  image_path varchar(128) NOT NULL default '',
  PRIMARY KEY  (volume_id),
  KEY project_id (project_id)
) TYPE=InnoDB;

--
-- Dumping data for table `volume`
--

INSERT INTO volume VALUES (1,'TOBDEM01',1,1,10,1310,'/snap/TOBDEM01');
INSERT INTO volume VALUES (2,'TOBDEM02',2,1,10,1290,'/snap/TOBDEM01');
INSERT INTO volume VALUES (3,'TOBDEM03',3,1,10,1290,'/snap/TOBDEM01');
INSERT INTO volume VALUES (4,'TOBDEM04',4,1,10,1290,'/snap/TOBDEM01');
INSERT INTO volume VALUES (5,'TOBDEM05',5,1,10,1290,'/snap/TOBDEM01');
INSERT INTO volume VALUES (6,'TOBDEM06',6,1,10,1290,'/snap/TOBDEM01');
INSERT INTO volume VALUES (7,'TOBDEM07',7,1,10,1290,'/snap/TOBDEM01');
INSERT INTO volume VALUES (8,'TOBDEM08',8,1,10,1290,'/snap/TOBDEM01');
INSERT INTO volume VALUES (9,'TOBDEM09',9,1,10,1290,'/snap/TOBDEM01');
INSERT INTO volume VALUES (10,'TOBDEM10',10,1,10,1290,'/snap/TOBDEM01');

--
-- Table structure for table `volumeerror`
--

CREATE TABLE volumeerror (
  volume_id int(11) NOT NULL default '0',
  users_id int(11) NOT NULL default '0',
  credit_time bigint(20) NOT NULL default '0',
  round int(11) NOT NULL default '0',
  rework tinyint(1) NOT NULL default '0',
  field_count int(11) NOT NULL default '0',
  change_count int(11) NOT NULL default '0',
  error_count int(11) NOT NULL default '0',
  KEY users_id (users_id),
  KEY volume_id (volume_id)
) TYPE=InnoDB;

--
-- Dumping data for table `volumeerror`
--


