-- MySQL Administrator dump 1.4
--
-- ------------------------------------------------------
-- Server version	5.1.35-community


/*!40101 SET @OLD_CHARACTER_SET_CLIENT=@@CHARACTER_SET_CLIENT */;
/*!40101 SET @OLD_CHARACTER_SET_RESULTS=@@CHARACTER_SET_RESULTS */;
/*!40101 SET @OLD_COLLATION_CONNECTION=@@COLLATION_CONNECTION */;
/*!40101 SET NAMES utf8 */;

/*!40014 SET @OLD_UNIQUE_CHECKS=@@UNIQUE_CHECKS, UNIQUE_CHECKS=0 */;
/*!40014 SET @OLD_FOREIGN_KEY_CHECKS=@@FOREIGN_KEY_CHECKS, FOREIGN_KEY_CHECKS=0 */;
/*!40101 SET @OLD_SQL_MODE=@@SQL_MODE, SQL_MODE='NO_AUTO_VALUE_ON_ZERO' */;


--
-- Create schema hib
--

CREATE DATABASE IF NOT EXISTS hib;
USE hib;

--
-- Definition of table `bank_details`
--

DROP TABLE IF EXISTS `bank_details`;
CREATE TABLE `bank_details` (
  `bank_details_id` int(11) NOT NULL AUTO_INCREMENT,
  `user_id` int(30) NOT NULL,
  `bank_acct_name` varchar(100) DEFAULT NULL,
  `escrow_account` varchar(100) DEFAULT NULL,
  `bank_acct_no` varchar(30) NOT NULL,
  `bank_name` varchar(40) NOT NULL,
  `bank_address` varchar(60) NOT NULL,
  `starting_serial_no` int(10) DEFAULT NULL,
  `ABA` varchar(100) DEFAULT NULL,
  `swift_code` varchar(100) DEFAULT NULL,
  `wire_transfer_flag` varchar(1) DEFAULT NULL,
  `bank_routing_number` varchar(30) DEFAULT NULL,
  `created_date` timestamp NULL DEFAULT NULL,
  `created_by` varchar(50) DEFAULT NULL,
  `updated_date` timestamp NULL DEFAULT NULL,
  `updated_by` varchar(50) DEFAULT NULL,
  PRIMARY KEY (`bank_details_id`),
  KEY `FK_bank_details` (`user_id`),
  CONSTRAINT `FK_bank_details` FOREIGN KEY (`user_id`) REFERENCES `user` (`user_id`) ON DELETE CASCADE ON UPDATE CASCADE
) ENGINE=InnoDB AUTO_INCREMENT=38 DEFAULT CHARSET=latin1;

--
-- Dumping data for table `bank_details`
--

/*!40000 ALTER TABLE `bank_details` DISABLE KEYS */;
INSERT INTO `bank_details` (`bank_details_id`,`user_id`,`bank_acct_name`,`escrow_account`,`bank_acct_no`,`bank_name`,`bank_address`,`starting_serial_no`,`ABA`,`swift_code`,`wire_transfer_flag`,`bank_routing_number`,`created_date`,`created_by`,`updated_date`,`updated_by`) VALUES 
 (35,17,'Shanmugam',NULL,'43255555','ICICI','sahakar nagar',NULL,'123','4234','','123','2010-03-11 12:05:38','Shanmugam','2010-05-31 12:05:43','Shanmugam'),
 (36,18,'Ramasamy',NULL,'903859304875','ICICI','Sahakar Nagar,Bangalore',NULL,'0912',NULL,NULL,'0912',NULL,NULL,NULL,NULL),
 (37,23,'gokul',NULL,'788000000','ICICI','123',NULL,'345','','','','2010-03-24 20:09:39','Gokulnath',NULL,NULL);
/*!40000 ALTER TABLE `bank_details` ENABLE KEYS */;


--
-- Definition of table `code_type`
--

DROP TABLE IF EXISTS `code_type`;
CREATE TABLE `code_type` (
  `code_type_id` int(30) NOT NULL,
  `description` varchar(100) NOT NULL,
  PRIMARY KEY (`code_type_id`)
) ENGINE=InnoDB DEFAULT CHARSET=latin1;

--
-- Dumping data for table `code_type`
--

/*!40000 ALTER TABLE `code_type` DISABLE KEYS */;
INSERT INTO `code_type` (`code_type_id`,`description`) VALUES 
 (1,'State Codes'),
 (2,'Agencies'),
 (3,'Division'),
 (4,'Salutation'),
 (5,'Tier'),
 (6,'PurchaserSelectOption');
/*!40000 ALTER TABLE `code_type` ENABLE KEYS */;


--
-- Definition of table `contract_details`
--

DROP TABLE IF EXISTS `contract_details`;
CREATE TABLE `contract_details` (
  `contract_details_id` int(11) NOT NULL AUTO_INCREMENT,
  `purchaser_user_id` int(11) DEFAULT NULL,
  `tax_fein` varchar(11) DEFAULT NULL,
  PRIMARY KEY (`contract_details_id`)
) ENGINE=InnoDB DEFAULT CHARSET=latin1;

--
-- Dumping data for table `contract_details`
--

/*!40000 ALTER TABLE `contract_details` DISABLE KEYS */;
/*!40000 ALTER TABLE `contract_details` ENABLE KEYS */;


--
-- Definition of table `generic_code`
--

DROP TABLE IF EXISTS `generic_code`;
CREATE TABLE `generic_code` (
  `generic_code_id` int(11) NOT NULL AUTO_INCREMENT,
  `code_type_id` int(30) DEFAULT NULL,
  `code` varchar(10) DEFAULT NULL,
  `codedesc` varchar(200) DEFAULT NULL,
  `Field1` varchar(100) DEFAULT NULL,
  `Field2` varchar(100) DEFAULT NULL,
  `Field3` varchar(100) DEFAULT NULL,
  `Field4` varchar(100) DEFAULT NULL,
  `Field5` varchar(100) DEFAULT NULL,
  `Field6` varchar(100) DEFAULT NULL,
  `Field7` varchar(100) DEFAULT NULL,
  `Field8` varchar(100) DEFAULT NULL,
  PRIMARY KEY (`generic_code_id`),
  KEY `Codetypeid` (`code_type_id`),
  CONSTRAINT `FK_generic_code` FOREIGN KEY (`code_type_id`) REFERENCES `code_type` (`code_type_id`) ON DELETE CASCADE ON UPDATE CASCADE
) ENGINE=InnoDB AUTO_INCREMENT=72 DEFAULT CHARSET=latin1;

--
-- Dumping data for table `generic_code`
--

/*!40000 ALTER TABLE `generic_code` DISABLE KEYS */;
INSERT INTO `generic_code` (`generic_code_id`,`code_type_id`,`code`,`codedesc`,`Field1`,`Field2`,`Field3`,`Field4`,`Field5`,`Field6`,`Field7`,`Field8`) VALUES 
 (1,1,'AL','ALABAMA','11244',NULL,NULL,NULL,NULL,NULL,NULL,NULL),
 (2,1,'AK','ALASKA','11244',NULL,NULL,NULL,NULL,NULL,NULL,NULL),
 (3,1,'AZ','ARIZONA','11244',NULL,NULL,NULL,NULL,NULL,NULL,NULL),
 (4,1,'CA','CALIFORNIA','11244',NULL,NULL,NULL,NULL,NULL,NULL,NULL),
 (5,1,'CO','COLORADO','11244',NULL,NULL,NULL,NULL,NULL,NULL,NULL),
 (6,1,'CT','CONNECTICUT','11244',NULL,NULL,NULL,NULL,NULL,NULL,NULL),
 (7,1,'DE','DELAWARE','11244',NULL,NULL,NULL,NULL,NULL,NULL,NULL),
 (8,1,'FL','FLORIDA','11244',NULL,NULL,NULL,NULL,NULL,NULL,NULL),
 (9,1,'GA','GEORGIA','11244',NULL,NULL,NULL,NULL,NULL,NULL,NULL),
 (10,1,'HI','HAWAII','11244',NULL,NULL,NULL,NULL,NULL,NULL,NULL),
 (11,1,'ID','IDAHO','11244',NULL,NULL,NULL,NULL,NULL,NULL,NULL),
 (12,1,'IL','ILLINOIS','11244',NULL,NULL,NULL,NULL,NULL,NULL,NULL),
 (13,1,'IN','INDIANA','11244',NULL,NULL,NULL,NULL,NULL,NULL,NULL),
 (14,1,'IA','IOWA','11244',NULL,NULL,NULL,NULL,NULL,NULL,NULL),
 (15,1,'KS','KANSAS','11244',NULL,NULL,NULL,NULL,NULL,NULL,NULL),
 (16,1,'KY','KENTUCKY','11244',NULL,NULL,NULL,NULL,NULL,NULL,NULL),
 (17,1,'LA','LOUISIANA','11244',NULL,NULL,NULL,NULL,NULL,NULL,NULL),
 (18,1,'ME','MAINE','11244',NULL,NULL,NULL,NULL,NULL,NULL,NULL),
 (19,1,'MD','MARYLAND','11244',NULL,NULL,NULL,NULL,NULL,NULL,NULL),
 (20,1,'MA','MASSACHUSETTS','11244',NULL,NULL,NULL,NULL,NULL,NULL,NULL),
 (21,1,'MI','MICHIGAN','11244',NULL,NULL,NULL,NULL,NULL,NULL,NULL),
 (22,1,'MN','MINNESOTA','11244',NULL,NULL,NULL,NULL,NULL,NULL,NULL),
 (23,1,'MS','MISSISSIPPI','11244',NULL,NULL,NULL,NULL,NULL,NULL,NULL),
 (24,1,'MO','MISSOURI','11244',NULL,NULL,NULL,NULL,NULL,NULL,NULL),
 (25,1,'MT','MONTANA','11244',NULL,NULL,NULL,NULL,NULL,NULL,NULL),
 (26,1,'NE','NEBRASKA','11244',NULL,NULL,NULL,NULL,NULL,NULL,NULL),
 (27,1,'NV','NEVADA','11244',NULL,NULL,NULL,NULL,NULL,NULL,NULL),
 (28,1,'NH','NEW HAMPSHIRE','11244',NULL,NULL,NULL,NULL,NULL,NULL,NULL),
 (29,1,'NJ','NEW JERSEY','11244',NULL,NULL,NULL,NULL,NULL,NULL,NULL),
 (30,1,'NM','NEW MEXICO','11244',NULL,NULL,NULL,NULL,NULL,NULL,NULL),
 (31,1,'NY','NEW YORK','11244',NULL,NULL,NULL,NULL,NULL,NULL,NULL),
 (32,1,'NC','NORTH CAROLINA','11244',NULL,NULL,NULL,NULL,NULL,NULL,NULL),
 (33,1,'OH','OHIO','11244',NULL,NULL,NULL,NULL,NULL,NULL,NULL),
 (34,1,'OK','OKLAHOMA','11244',NULL,NULL,NULL,NULL,NULL,NULL,NULL),
 (35,1,'OR','OREGON','11244',NULL,NULL,NULL,NULL,NULL,NULL,NULL),
 (36,1,'PA','PENNSYLVANIA','11244',NULL,NULL,NULL,NULL,NULL,NULL,NULL),
 (37,1,'RI','RHODE ISLAND','11244',NULL,NULL,NULL,NULL,NULL,NULL,NULL),
 (38,1,'SC','SOUTH CAROLINA','11244',NULL,NULL,NULL,NULL,NULL,NULL,NULL),
 (39,1,'SD','SOUTH DAKOTA','11244',NULL,NULL,NULL,NULL,NULL,NULL,NULL),
 (40,1,'TN','TENNESSEE','11244',NULL,NULL,NULL,NULL,NULL,NULL,NULL),
 (41,1,'TX','TEXAS','11244',NULL,NULL,NULL,NULL,NULL,NULL,NULL),
 (42,1,'UT','UTAH','11244',NULL,NULL,NULL,NULL,NULL,NULL,NULL),
 (43,1,'VT','VERMONT','11244',NULL,NULL,NULL,NULL,NULL,NULL,NULL),
 (44,1,'VA','VIRGINIA','11244',NULL,NULL,NULL,NULL,NULL,NULL,NULL),
 (45,1,'WA','WASHINGTON','11244',NULL,NULL,NULL,NULL,NULL,NULL,NULL),
 (46,1,'WV','WEST VIRGINIA','11244',NULL,NULL,NULL,NULL,NULL,NULL,NULL),
 (47,1,'WI','WISCONSIN','11244',NULL,NULL,NULL,NULL,NULL,NULL,NULL),
 (48,1,'WY','WYOMING','11244',NULL,NULL,NULL,NULL,NULL,NULL,NULL),
 (49,1,'ND','NORTH DAKOTA','11244',NULL,NULL,NULL,NULL,NULL,NULL,NULL),
 (50,1,'DC','DISTRICT OF COLUMBIA','11244',NULL,NULL,NULL,NULL,NULL,NULL,NULL),
 (51,2,'DHS','DHS',NULL,NULL,NULL,NULL,NULL,NULL,NULL,NULL),
 (52,2,'HUD','HUD',NULL,NULL,NULL,NULL,NULL,NULL,NULL,NULL),
 (53,2,'OTHER','OTHER',NULL,NULL,NULL,NULL,NULL,NULL,NULL,NULL),
 (54,3,'MH','Mental Health','DHS',NULL,NULL,NULL,NULL,NULL,NULL,NULL),
 (55,3,'RS','Rehabilitation Services','DHS',NULL,NULL,NULL,NULL,NULL,NULL,NULL),
 (56,3,'DD','Developmental Disability','DHS',NULL,NULL,NULL,NULL,NULL,NULL,NULL),
 (57,3,'ASA','Alcoholism And Substance Abuse','DHS',NULL,NULL,NULL,NULL,NULL,NULL,NULL),
 (58,3,'CHP','Community Health And Prevention','DHS',NULL,NULL,NULL,NULL,NULL,NULL,NULL),
 (59,3,'HCD','Human Capital Development','DHS',NULL,NULL,NULL,NULL,NULL,NULL,NULL),
 (60,3,'OTHER','Other','DHS',NULL,NULL,NULL,NULL,NULL,NULL,NULL),
 (61,4,'MR','Mr.',NULL,NULL,NULL,NULL,NULL,NULL,NULL,NULL),
 (62,4,'MRS','Mrs.',NULL,NULL,NULL,NULL,NULL,NULL,NULL,NULL),
 (63,4,'MISS','Miss.',NULL,NULL,NULL,NULL,NULL,NULL,NULL,NULL),
 (64,4,'DR','Dr.',NULL,NULL,NULL,NULL,NULL,NULL,NULL,NULL),
 (65,5,'<$300K','BELOW 300K',NULL,NULL,NULL,NULL,NULL,NULL,NULL,NULL),
 (66,5,'<$1M','BELOW 1M',NULL,NULL,NULL,NULL,NULL,NULL,NULL,NULL),
 (67,5,'Unlimited','UNLIMITED',NULL,NULL,NULL,NULL,NULL,NULL,NULL,NULL),
 (68,6,'CONTRACT','A fiscal year contract                                                                     ',NULL,NULL,NULL,NULL,NULL,NULL,NULL,NULL),
 (69,6,'PURCHASE','Purchase all existing and available receivables displayed',NULL,NULL,NULL,NULL,NULL,NULL,NULL,NULL),
 (70,6,'WITHDRAW','Withdraw consideration',NULL,NULL,NULL,NULL,NULL,NULL,NULL,NULL),
 (71,4,'MS','Ms.',NULL,NULL,NULL,NULL,NULL,NULL,NULL,NULL);
/*!40000 ALTER TABLE `generic_code` ENABLE KEYS */;


--
-- Definition of table `role`
--

DROP TABLE IF EXISTS `role`;
CREATE TABLE `role` (
  `role_id` int(11) NOT NULL,
  `role_name` varchar(50) DEFAULT NULL,
  `role_description` varchar(250) DEFAULT NULL,
  PRIMARY KEY (`role_id`),
  KEY `NewIndex1` (`role_id`)
) ENGINE=InnoDB DEFAULT CHARSET=latin1;

--
-- Dumping data for table `role`
--

/*!40000 ALTER TABLE `role` DISABLE KEYS */;
INSERT INTO `role` (`role_id`,`role_name`,`role_description`) VALUES 
 (1,'provider',NULL),
 (2,'purchaser',NULL),
 (3,'admin',NULL),
 (4,'writer','writer'),
 (5,'association',NULL),
 (6,'guest',NULL);
/*!40000 ALTER TABLE `role` ENABLE KEYS */;


--
-- Definition of table `transaction`
--

DROP TABLE IF EXISTS `transaction`;
CREATE TABLE `transaction` (
  `transaction_id` int(10) NOT NULL AUTO_INCREMENT,
  `transaction_date` timestamp NULL DEFAULT NULL,
  `transaction_amt` decimal(15,2) DEFAULT NULL,
  `summary_amt` decimal(15,2) DEFAULT NULL,
  `currency_code` varchar(100) DEFAULT NULL,
  `user_type` varchar(20) DEFAULT NULL,
  `user_id` int(30) DEFAULT NULL,
  `check_number` varchar(20) DEFAULT NULL,
  `Balance` decimal(15,2) DEFAULT NULL,
  `Status` varchar(20) DEFAULT NULL,
  `Due_Date` timestamp NULL DEFAULT NULL,
  `bank_name` varchar(50) DEFAULT NULL,
  `bank_account_number` varchar(30) DEFAULT NULL,
  `check_date` timestamp NULL DEFAULT NULL,
  `reference_number` varchar(30) DEFAULT NULL,
  `payment_method` varchar(20) DEFAULT NULL,
  `created_on` timestamp NULL DEFAULT NULL,
  `created_by` varchar(30) DEFAULT NULL,
  `updated_on` timestamp NULL DEFAULT NULL,
  `updated_by` varchar(30) DEFAULT NULL,
  `closed_date` timestamp NULL DEFAULT NULL,
  PRIMARY KEY (`transaction_id`),
  KEY `FK_transaction` (`user_id`)
) ENGINE=InnoDB AUTO_INCREMENT=115 DEFAULT CHARSET=latin1;

--
-- Dumping data for table `transaction`
--

/*!40000 ALTER TABLE `transaction` DISABLE KEYS */;
INSERT INTO `transaction` (`transaction_id`,`transaction_date`,`transaction_amt`,`summary_amt`,`currency_code`,`user_type`,`user_id`,`check_number`,`Balance`,`Status`,`Due_Date`,`bank_name`,`bank_account_number`,`check_date`,`reference_number`,`payment_method`,`created_on`,`created_by`,`updated_on`,`updated_by`,`closed_date`) VALUES 
 (4,'2010-04-05 18:37:37','82500.00','110000.00',NULL,'provider',21,NULL,NULL,NULL,NULL,NULL,NULL,NULL,'7J7SCC7K741EP1I',NULL,NULL,NULL,NULL,NULL,NULL),
 (5,'2010-04-05 18:37:37','2200.00','110000.00',NULL,'admin',1,NULL,NULL,NULL,NULL,NULL,NULL,NULL,'7J7SCC7K741EP1I',NULL,NULL,NULL,NULL,NULL,NULL),
 (6,'2010-04-05 18:37:37','-84700.00','110000.00',NULL,'purchaser',20,NULL,NULL,NULL,NULL,NULL,NULL,NULL,'7J7SCC7K741EP1I',NULL,NULL,NULL,NULL,NULL,NULL),
 (7,'2010-04-05 18:42:12','150000.00','200000.00',NULL,'provider',21,NULL,NULL,NULL,NULL,NULL,NULL,NULL,'HFP4SH2SAP1CA4H',NULL,NULL,NULL,NULL,NULL,NULL),
 (8,'2010-04-05 18:42:12','4000.00','200000.00',NULL,'admin',1,NULL,NULL,NULL,NULL,NULL,NULL,NULL,'HFP4SH2SAP1CA4H',NULL,NULL,NULL,NULL,NULL,NULL),
 (9,'2010-04-05 18:42:12','-154000.00','200000.00',NULL,'purchaser',20,NULL,NULL,NULL,NULL,NULL,NULL,NULL,'HFP4SH2SAP1CA4H',NULL,NULL,NULL,NULL,NULL,NULL),
 (10,'2010-04-05 19:08:41','750000.00','1000000.00',NULL,'provider',21,NULL,NULL,NULL,NULL,NULL,NULL,NULL,'34F1CD74USSV591',NULL,NULL,NULL,NULL,NULL,NULL),
 (11,'2010-04-05 19:08:41','20000.00','1000000.00',NULL,'admin',1,NULL,NULL,NULL,NULL,NULL,NULL,NULL,'34F1CD74USSV591',NULL,NULL,NULL,NULL,NULL,NULL),
 (12,'2010-04-05 19:08:41','-770000.00','1000000.00',NULL,'purchaser',20,NULL,NULL,NULL,NULL,NULL,NULL,NULL,'34F1CD74USSV591',NULL,NULL,NULL,NULL,NULL,NULL),
 (13,'2010-04-05 19:37:32','750000.00','1000000.00',NULL,'provider',21,NULL,NULL,NULL,NULL,NULL,NULL,NULL,'A478ERMEF8AQIIR',NULL,NULL,NULL,NULL,NULL,NULL),
 (14,'2010-04-05 19:37:32','20000.00','1000000.00',NULL,'admin',1,NULL,NULL,NULL,NULL,NULL,NULL,NULL,'A478ERMEF8AQIIR',NULL,NULL,NULL,NULL,NULL,NULL),
 (15,'2010-04-05 19:37:32','-770000.00','1000000.00',NULL,'purchaser',20,NULL,NULL,NULL,NULL,NULL,NULL,NULL,'A478ERMEF8AQIIR',NULL,NULL,NULL,NULL,NULL,NULL),
 (16,'2010-04-05 20:04:37','7500.00','10000.00',NULL,'provider',21,NULL,NULL,NULL,NULL,NULL,NULL,NULL,'LPEUR2JUOJI3AI3',NULL,NULL,NULL,NULL,NULL,NULL),
 (17,'2010-04-05 20:04:37','200.00','10000.00',NULL,'admin',1,NULL,NULL,NULL,NULL,NULL,NULL,NULL,'LPEUR2JUOJI3AI3',NULL,NULL,NULL,NULL,NULL,NULL),
 (18,'2010-04-05 20:04:37','-7700.00','10000.00',NULL,'purchaser',20,NULL,NULL,NULL,NULL,NULL,NULL,NULL,'LPEUR2JUOJI3AI3',NULL,NULL,NULL,NULL,NULL,NULL),
 (19,'2010-04-05 20:50:37','383135.10','430689.00',NULL,'provider',21,NULL,NULL,NULL,NULL,NULL,NULL,NULL,'321J28MD5IKFQ36',NULL,NULL,NULL,NULL,NULL,NULL),
 (20,'2010-04-05 20:50:37','8613.78','430689.00',NULL,'admin',1,NULL,NULL,NULL,NULL,NULL,NULL,NULL,'321J28MD5IKFQ36',NULL,NULL,NULL,NULL,NULL,NULL),
 (21,'2010-04-05 20:50:37','-391748.88','430689.00',NULL,'purchaser',25,NULL,NULL,NULL,NULL,NULL,NULL,NULL,'321J28MD5IKFQ36',NULL,NULL,NULL,NULL,NULL,NULL),
 (22,'2010-04-06 18:12:10','3300000.00','4000000.00',NULL,'provider',21,NULL,NULL,NULL,NULL,NULL,NULL,NULL,'A2L7LKBABL6TS5L',NULL,NULL,NULL,NULL,NULL,NULL),
 (23,'2010-04-06 18:12:10','80000.00','4000000.00',NULL,'admin',1,NULL,NULL,NULL,NULL,NULL,NULL,NULL,'A2L7LKBABL6TS5L',NULL,NULL,NULL,NULL,NULL,NULL),
 (24,'2010-04-06 18:12:10','-3380000.00','4000000.00',NULL,'purchaser',1,NULL,NULL,NULL,NULL,NULL,NULL,NULL,'A2L7LKBABL6TS5L',NULL,NULL,NULL,NULL,NULL,NULL),
 (28,'2010-04-06 18:31:29','3300000.00','4000000.00',NULL,'provider',21,NULL,NULL,NULL,NULL,NULL,NULL,NULL,'5FNNAO1SAN4JHA7',NULL,NULL,NULL,NULL,NULL,NULL),
 (29,'2010-04-06 18:31:29','80000.00','4000000.00',NULL,'admin',1,NULL,NULL,NULL,NULL,NULL,NULL,NULL,'5FNNAO1SAN4JHA7',NULL,NULL,NULL,NULL,NULL,NULL),
 (30,'2010-04-06 18:31:29','-3380000.00','4000000.00',NULL,'purchaser',20,NULL,NULL,NULL,NULL,NULL,NULL,NULL,'5FNNAO1SAN4JHA7',NULL,NULL,NULL,NULL,NULL,NULL),
 (31,'2010-04-06 19:17:33','3300000.00','4000000.00',NULL,'provider',21,NULL,NULL,NULL,NULL,NULL,NULL,NULL,'589UPEE755L6N7N',NULL,NULL,NULL,NULL,NULL,NULL),
 (32,'2010-04-06 19:17:34','80000.00','4000000.00',NULL,'admin',1,NULL,NULL,NULL,NULL,NULL,NULL,NULL,'589UPEE755L6N7N',NULL,NULL,NULL,NULL,NULL,NULL),
 (33,'2010-04-06 19:17:34','-3380000.00','4000000.00',NULL,'purchaser',20,NULL,NULL,NULL,NULL,NULL,NULL,NULL,'589UPEE755L6N7N',NULL,NULL,NULL,NULL,NULL,NULL),
 (34,'2010-04-06 19:25:57','3300000.00','4000000.00',NULL,'provider',21,NULL,NULL,NULL,NULL,NULL,NULL,NULL,'3AE63GK1D51BBQT',NULL,NULL,NULL,NULL,NULL,NULL),
 (35,'2010-04-06 19:25:57','80000.00','4000000.00',NULL,'admin',1,NULL,NULL,NULL,NULL,NULL,NULL,NULL,'3AE63GK1D51BBQT',NULL,NULL,NULL,NULL,NULL,NULL),
 (36,'2010-04-06 19:25:58','-3380000.00','4000000.00',NULL,'purchaser',20,NULL,NULL,NULL,NULL,NULL,NULL,NULL,'3AE63GK1D51BBQT',NULL,NULL,NULL,NULL,NULL,NULL),
 (37,'2010-04-08 15:58:08','3683135.10','4430689.00',NULL,'provider',21,NULL,NULL,NULL,NULL,NULL,NULL,NULL,'424IS7O76FORC54',NULL,NULL,NULL,NULL,NULL,NULL),
 (38,'2010-04-08 15:58:08','88613.78','4430689.00',NULL,'admin',1,NULL,NULL,NULL,NULL,NULL,NULL,NULL,'424IS7O76FORC54',NULL,NULL,NULL,NULL,NULL,NULL),
 (39,'2010-04-08 15:58:08','-3771748.88','4430689.00',NULL,'purchaser',20,NULL,NULL,NULL,NULL,NULL,NULL,NULL,'424IS7O76FORC54',NULL,NULL,NULL,NULL,NULL,NULL),
 (40,'2010-03-24 18:17:41','7500000000.00','10000000000.00',NULL,'provider',21,NULL,NULL,NULL,NULL,NULL,NULL,NULL,'FDMBO36R4SOBCQF',NULL,NULL,NULL,NULL,NULL,NULL),
 (41,'2010-03-24 18:17:41','200000000.00','10000000000.00',NULL,'admin',1,NULL,NULL,NULL,NULL,NULL,NULL,NULL,'FDMBO36R4SOBCQF',NULL,NULL,NULL,NULL,NULL,NULL),
 (42,'2010-03-24 18:17:41','-7700000000.00','10000000000.00',NULL,'purchaser',20,NULL,NULL,NULL,NULL,NULL,NULL,NULL,'FDMBO36R4SOBCQF',NULL,NULL,NULL,NULL,NULL,NULL),
 (43,'2010-03-24 19:42:52','3881220.00','4374800.00',NULL,'provider',21,NULL,NULL,NULL,NULL,NULL,NULL,NULL,'ME8DN15H73OGGNK',NULL,NULL,NULL,NULL,NULL,NULL),
 (44,'2010-03-24 19:42:52','87496.00','4374800.00',NULL,'admin',1,NULL,NULL,NULL,NULL,NULL,NULL,NULL,'ME8DN15H73OGGNK',NULL,NULL,NULL,NULL,NULL,NULL),
 (45,'2010-03-24 19:42:52','-3968716.00','4374800.00',NULL,'purchaser',25,NULL,NULL,NULL,NULL,NULL,NULL,NULL,'ME8DN15H73OGGNK',NULL,NULL,NULL,NULL,NULL,NULL),
 (49,'2010-03-27 13:36:06','225000000.00','300000000.00',NULL,'provider',21,NULL,NULL,NULL,NULL,NULL,NULL,NULL,'6UMNFTQ9KHO78FJ',NULL,NULL,NULL,NULL,NULL,NULL),
 (50,'2010-03-27 13:36:06','6000000.00','300000000.00',NULL,'admin',1,NULL,NULL,NULL,NULL,NULL,NULL,NULL,'6UMNFTQ9KHO78FJ',NULL,NULL,NULL,NULL,NULL,NULL),
 (51,'2010-03-27 13:36:06','-231000000.00','300000000.00',NULL,'purchaser',20,NULL,NULL,NULL,NULL,NULL,NULL,NULL,'6UMNFTQ9KHO78FJ',NULL,NULL,NULL,NULL,NULL,NULL),
 (52,'2010-04-01 18:05:50','21300.00','30000.00',NULL,'provider',21,NULL,NULL,NULL,NULL,NULL,NULL,NULL,'CMBMTCGDGUH4GA6',NULL,NULL,NULL,NULL,NULL,NULL),
 (53,'2010-04-01 18:05:50','1200.00','30000.00',NULL,'admin',1,NULL,NULL,NULL,NULL,NULL,NULL,NULL,'CMBMTCGDGUH4GA6',NULL,NULL,NULL,NULL,NULL,NULL),
 (54,'2010-04-01 18:05:50','-22500.00','30000.00',NULL,'purchaser',20,NULL,NULL,NULL,NULL,NULL,NULL,NULL,'CMBMTCGDGUH4GA6',NULL,NULL,NULL,NULL,NULL,NULL),
 (55,'2010-04-22 11:00:57','28400.00','40000.00',NULL,'provider',21,NULL,NULL,NULL,NULL,NULL,NULL,NULL,'DNM6BLFB48UFE37',NULL,NULL,NULL,NULL,NULL,NULL),
 (56,'2010-04-22 11:00:57','1600.00','40000.00',NULL,'admin',1,NULL,NULL,NULL,NULL,NULL,NULL,NULL,'DNM6BLFB48UFE37',NULL,NULL,NULL,NULL,NULL,NULL),
 (57,'2010-04-22 11:00:58','-30000.00','40000.00',NULL,'purchaser',20,NULL,NULL,NULL,NULL,NULL,NULL,NULL,'DNM6BLFB48UFE37',NULL,NULL,NULL,NULL,NULL,NULL),
 (73,'2010-04-22 12:12:58','717100.00','1010000.00',NULL,'provider',21,NULL,NULL,NULL,NULL,NULL,NULL,NULL,'JFN20E4RNC18VFE',NULL,NULL,NULL,NULL,NULL,NULL),
 (74,'2010-04-22 12:12:58','40400.00','1010000.00',NULL,'admin',1,NULL,NULL,NULL,NULL,NULL,NULL,NULL,'JFN20E4RNC18VFE',NULL,NULL,NULL,NULL,NULL,NULL),
 (75,'2010-04-22 12:12:58','-757500.00','1010000.00',NULL,'purchaser',20,NULL,NULL,NULL,NULL,NULL,NULL,NULL,'JFN20E4RNC18VFE',NULL,NULL,NULL,NULL,NULL,NULL),
 (76,'2010-05-13 17:01:00','149100.00','210000.00',NULL,'provider',21,NULL,NULL,NULL,NULL,NULL,NULL,NULL,'567TTVJSS3O7K7I',NULL,NULL,NULL,NULL,NULL,NULL),
 (77,'2010-05-13 17:01:00','8400.00','210000.00',NULL,'admin',1,NULL,NULL,NULL,NULL,NULL,NULL,NULL,'567TTVJSS3O7K7I',NULL,NULL,NULL,NULL,NULL,NULL),
 (78,'2010-05-13 17:01:00','-157500.00','210000.00',NULL,'purchaser',20,NULL,NULL,NULL,NULL,NULL,NULL,NULL,'567TTVJSS3O7K7I',NULL,NULL,NULL,NULL,NULL,NULL),
 (79,'2010-05-20 14:51:53','25805.66','36346.00',NULL,'provider',21,NULL,NULL,NULL,NULL,NULL,NULL,NULL,'MG8QUC9FQ66J093',NULL,NULL,NULL,NULL,NULL,NULL),
 (80,'2010-05-20 14:51:53','1453.84','36346.00',NULL,'admin',1,NULL,NULL,NULL,NULL,NULL,NULL,NULL,'MG8QUC9FQ66J093',NULL,NULL,NULL,NULL,NULL,NULL),
 (81,'2010-05-20 14:51:53','-27259.50','36346.00',NULL,'purchaser',20,NULL,NULL,NULL,NULL,NULL,NULL,NULL,'MG8QUC9FQ66J093',NULL,NULL,NULL,NULL,NULL,NULL),
 (82,'2010-05-20 16:28:38','25805.66','36346.00',NULL,'provider',21,NULL,NULL,NULL,NULL,NULL,NULL,NULL,'51HU10OQRQ2LD8I',NULL,NULL,NULL,NULL,NULL,NULL),
 (83,'2010-05-20 16:28:39','1453.84','36346.00',NULL,'admin',1,NULL,NULL,NULL,NULL,NULL,NULL,NULL,'51HU10OQRQ2LD8I',NULL,NULL,NULL,NULL,NULL,NULL),
 (84,'2010-05-20 16:28:39','-27259.50','36346.00',NULL,'purchaser',20,NULL,NULL,NULL,NULL,NULL,NULL,NULL,'51HU10OQRQ2LD8I',NULL,NULL,NULL,NULL,NULL,NULL),
 (85,'2010-05-20 16:34:04','710.00','1000.00',NULL,'provider',21,NULL,NULL,NULL,NULL,NULL,NULL,NULL,'192N7TCVFRIOTJ4',NULL,NULL,NULL,NULL,NULL,NULL),
 (86,'2010-05-20 16:34:04','40.00','1000.00',NULL,'admin',1,NULL,NULL,NULL,NULL,NULL,NULL,NULL,'192N7TCVFRIOTJ4',NULL,NULL,NULL,NULL,NULL,NULL),
 (87,'2010-05-20 16:34:04','-750.00','1000.00',NULL,'purchaser',20,NULL,NULL,NULL,NULL,NULL,NULL,NULL,'192N7TCVFRIOTJ4',NULL,NULL,NULL,NULL,NULL,NULL),
 (88,'2010-05-20 16:39:01','710.00','1000.00',NULL,'provider',21,NULL,NULL,NULL,NULL,NULL,NULL,NULL,'K86BKV8K25SCFPR',NULL,NULL,NULL,NULL,NULL,NULL),
 (89,'2010-05-20 16:39:01','40.00','1000.00',NULL,'admin',1,NULL,NULL,NULL,NULL,NULL,NULL,NULL,'K86BKV8K25SCFPR',NULL,NULL,NULL,NULL,NULL,NULL),
 (90,'2010-05-20 16:39:01','-750.00','1000.00',NULL,'purchaser',20,NULL,NULL,NULL,NULL,NULL,NULL,NULL,'K86BKV8K25SCFPR',NULL,NULL,NULL,NULL,NULL,NULL),
 (91,'2010-05-20 16:47:56','710.00','1000.00',NULL,'provider',21,NULL,NULL,NULL,NULL,NULL,NULL,NULL,'K2KN1GDIOQ9V78D',NULL,NULL,NULL,NULL,NULL,NULL),
 (92,'2010-05-20 16:47:56','40.00','1000.00',NULL,'admin',1,NULL,NULL,NULL,NULL,NULL,NULL,NULL,'K2KN1GDIOQ9V78D',NULL,NULL,NULL,NULL,NULL,NULL),
 (93,'2010-05-20 16:47:56','-750.00','1000.00',NULL,'purchaser',20,NULL,NULL,NULL,NULL,NULL,NULL,NULL,'K2KN1GDIOQ9V78D',NULL,NULL,NULL,NULL,NULL,NULL),
 (94,'2010-05-20 16:52:50','710.00','1000.00',NULL,'provider',21,NULL,NULL,NULL,NULL,NULL,NULL,NULL,'1IVBP6FEK95ER2K',NULL,NULL,NULL,NULL,NULL,NULL),
 (95,'2010-05-20 16:52:50','40.00','1000.00',NULL,'admin',1,NULL,NULL,NULL,NULL,NULL,NULL,NULL,'1IVBP6FEK95ER2K',NULL,NULL,NULL,NULL,NULL,NULL),
 (96,'2010-05-20 16:52:50','-750.00','1000.00',NULL,'purchaser',20,NULL,NULL,NULL,NULL,NULL,NULL,NULL,'1IVBP6FEK95ER2K',NULL,NULL,NULL,NULL,NULL,NULL),
 (97,'2010-05-20 16:55:54','892715.66','1257346.00',NULL,'provider',21,NULL,NULL,NULL,NULL,NULL,NULL,NULL,'D99H6TEEPV50L58',NULL,NULL,NULL,NULL,NULL,NULL),
 (98,'2010-05-20 16:55:54','50293.84','1257346.00',NULL,'admin',1,NULL,NULL,NULL,NULL,NULL,NULL,NULL,'D99H6TEEPV50L58',NULL,NULL,NULL,NULL,NULL,NULL),
 (99,'2010-05-20 16:55:54','-943009.50','1257346.00',NULL,'purchaser',20,NULL,NULL,NULL,NULL,NULL,NULL,NULL,'D99H6TEEPV50L58',NULL,NULL,NULL,NULL,NULL,NULL),
 (100,'2010-05-20 16:59:14','892715.66','1257346.00',NULL,'provider',21,NULL,NULL,NULL,NULL,NULL,NULL,NULL,'3QJ0FN6TQNQ05BV',NULL,NULL,NULL,NULL,NULL,NULL),
 (101,'2010-05-20 16:59:14','50293.84','1257346.00',NULL,'admin',1,NULL,NULL,NULL,NULL,NULL,NULL,NULL,'3QJ0FN6TQNQ05BV',NULL,NULL,NULL,NULL,NULL,NULL),
 (102,'2010-05-20 16:59:14','-943009.50','1257346.00',NULL,'purchaser',20,NULL,NULL,NULL,NULL,NULL,NULL,NULL,'3QJ0FN6TQNQ05BV',NULL,NULL,NULL,NULL,NULL,NULL),
 (103,'2010-05-24 13:18:11','142000.00','200000.00',NULL,'provider',21,NULL,NULL,NULL,NULL,NULL,NULL,NULL,'JDQCT88I749OM89',NULL,NULL,NULL,NULL,NULL,NULL),
 (104,'2010-05-24 13:18:11','8000.00','200000.00',NULL,'admin',1,NULL,NULL,NULL,NULL,NULL,NULL,NULL,'JDQCT88I749OM89',NULL,NULL,NULL,NULL,NULL,NULL),
 (105,'2010-05-24 13:18:11','-150000.00','200000.00',NULL,'purchaser',20,NULL,NULL,NULL,NULL,NULL,NULL,NULL,'JDQCT88I749OM89',NULL,NULL,NULL,NULL,NULL,NULL),
 (106,'2010-05-24 15:49:44','1420.00','2000.00',NULL,'provider',21,NULL,NULL,NULL,NULL,NULL,NULL,NULL,'7OP92IQGH8KQL40',NULL,NULL,NULL,NULL,NULL,NULL),
 (107,'2010-05-24 15:49:44','80.00','2000.00',NULL,'admin',1,NULL,NULL,NULL,NULL,NULL,NULL,NULL,'7OP92IQGH8KQL40',NULL,NULL,NULL,NULL,NULL,NULL),
 (108,'2010-05-24 15:49:44','-1500.00','2000.00',NULL,'purchaser',20,NULL,NULL,NULL,NULL,NULL,NULL,NULL,'7OP92IQGH8KQL40',NULL,NULL,NULL,NULL,NULL,NULL),
 (109,'2010-05-24 16:37:06','1420.00','2000.00',NULL,'provider',21,NULL,NULL,NULL,NULL,NULL,NULL,NULL,'QMUPITC7C544NB5',NULL,NULL,NULL,NULL,NULL,NULL),
 (110,'2010-05-24 16:37:06','80.00','2000.00',NULL,'admin',1,NULL,NULL,NULL,NULL,NULL,NULL,NULL,'QMUPITC7C544NB5',NULL,NULL,NULL,NULL,NULL,NULL),
 (111,'2010-05-24 16:37:06','-1500.00','2000.00',NULL,'purchaser',20,NULL,NULL,NULL,NULL,NULL,NULL,NULL,'QMUPITC7C544NB5',NULL,NULL,NULL,NULL,NULL,NULL),
 (112,'2010-05-25 16:18:42','1420.00','2000.00',NULL,'provider',21,NULL,NULL,NULL,NULL,NULL,NULL,NULL,'OHR90ES82B3D467',NULL,NULL,NULL,NULL,NULL,NULL),
 (113,'2010-05-25 16:18:43','80.00','2000.00',NULL,'admin',1,NULL,NULL,NULL,NULL,NULL,NULL,NULL,'OHR90ES82B3D467',NULL,NULL,NULL,NULL,NULL,NULL),
 (114,'2010-05-25 16:18:43','-1500.00','2000.00',NULL,'purchaser',20,NULL,NULL,NULL,NULL,NULL,NULL,NULL,'OHR90ES82B3D467',NULL,NULL,NULL,NULL,NULL,NULL);
/*!40000 ALTER TABLE `transaction` ENABLE KEYS */;


--
-- Definition of table `user`
--

DROP TABLE IF EXISTS `user`;
CREATE TABLE `user` (
  `user_id` int(11) NOT NULL AUTO_INCREMENT,
  `company_name` varchar(500) DEFAULT NULL,
  `title` varchar(20) DEFAULT NULL,
  `company_address1` varchar(500) DEFAULT NULL,
  `company_address2` varchar(500) DEFAULT NULL,
  `country` varchar(255) DEFAULT NULL,
  `state` varchar(50) DEFAULT NULL,
  `city` varchar(255) DEFAULT NULL,
  `zip` varchar(20) DEFAULT NULL,
  `telephone` varchar(20) DEFAULT NULL,
  `role` int(11) DEFAULT NULL,
  `status` varchar(20) DEFAULT NULL,
  `user_created_date` datetime DEFAULT NULL,
  `tax_fein` varchar(11) NOT NULL,
  `agency` varchar(50) DEFAULT NULL,
  `division` varchar(30) DEFAULT NULL,
  `web_url` varchar(200) DEFAULT NULL,
  `annual_purchase_amount` double(15,2) DEFAULT NULL,
  `ven_account_number` varchar(11) DEFAULT NULL,
  `comments` varchar(500) DEFAULT NULL,
  `tier` int(11) DEFAULT NULL,
  `bank_details_id` int(11) DEFAULT NULL,
  `purchaser_contract_id` int(11) DEFAULT NULL,
  `annual_contract` varchar(3) DEFAULT NULL,
  `referrals` varchar(100) DEFAULT NULL,
  PRIMARY KEY (`user_id`),
  KEY `FK_user_details` (`role`)
) ENGINE=InnoDB AUTO_INCREMENT=29 DEFAULT CHARSET=latin1;

--
-- Dumping data for table `user`
--

/*!40000 ALTER TABLE `user` DISABLE KEYS */;
INSERT INTO `user` (`user_id`,`company_name`,`title`,`company_address1`,`company_address2`,`country`,`state`,`city`,`zip`,`telephone`,`role`,`status`,`user_created_date`,`tax_fein`,`agency`,`division`,`web_url`,`annual_purchase_amount`,`ven_account_number`,`comments`,`tier`,`bank_details_id`,`purchaser_contract_id`,`annual_contract`,`referrals`) VALUES 
 (1,'congruence',NULL,NULL,NULL,NULL,'KA',NULL,NULL,NULL,3,'Approved',NULL,'5345345',NULL,NULL,NULL,NULL,NULL,NULL,NULL,NULL,NULL,NULL,NULL),
 (17,'Logiware inc','Purchaser','Kusum prakash arcade','',NULL,'NJ','Bangalore','34534','534-534-5345',NULL,'Approved','2010-03-10 22:42:35','4534',NULL,NULL,'',5345345.00,NULL,'',67,35,NULL,'off',NULL),
 (18,'ABC pvt','Proivder','#3rd cross','',NULL,'NH','Bangalore','45345','353-453-4534',NULL,'Approved','2010-03-13 13:30:19','454565','DHS','ASA','',1000000000.00,NULL,'',NULL,39,NULL,'off',''),
 (19,'Logiware inc','Purchaser','No .9 ,Kusum prakash arcade','',NULL,'GA','KA','78467','923-684-2840',NULL,'Approved','2010-03-18 13:10:14','89345',NULL,NULL,'',100000000.00,NULL,'Testing',67,NULL,NULL,'off',NULL),
 (21,'Logiware','purchaser','3rd cross','',NULL,'AL','KA','89757','789-897-9789',NULL,'Approved','2010-04-05 11:39:04','786786',NULL,NULL,'',1000000.00,NULL,'',67,NULL,NULL,'off',NULL),
 (23,'congruence','ceo','kusam prakash','',NULL,'GA','atlanat','12345','123-456-7890',NULL,'Approved','2010-04-05 20:08:23','cong2010',NULL,NULL,'',7777788.00,NULL,'testing component1',67,37,NULL,'off',NULL),
 (24,'Congruence ltd','Provider','Kusum prakash arcade','Bangalore',NULL,'AL','Bangalore','25323','902-492-3478',NULL,'pending','2010-05-26 11:16:51','8934','DHS','MH','',10000000.00,NULL,'Test',NULL,NULL,NULL,'off','sharang82@gmail.com'),
 (25,'Logiware india','Purchaser','Kusum prakash arcade','',NULL,'CA','Bangalore','64564','958-776-7567',NULL,'pending','2010-05-26 11:22:04','746656',NULL,NULL,'',1000000.00,NULL,'Test',NULL,NULL,NULL,'off',NULL),
 (26,'Logisoft india','','Kusum prakash arcade','',NULL,'','','','',NULL,'pending','2010-05-26 11:26:36','0',NULL,NULL,'',0.00,NULL,'',NULL,NULL,NULL,'off',NULL),
 (27,'Logisoft india','Asociation','Kusum prakash arcade','',NULL,'AL','Bangalore','54645','945-934-5890',NULL,'pending','2010-05-26 11:33:45','0',NULL,NULL,'',0.00,NULL,'Test',NULL,NULL,NULL,'off',NULL),
 (28,'test abc','Provider','3 rd main','',NULL,'KY','bangalore','32674','894-872-4628',NULL,'Approved','2010-05-31 12:20:26','TEST123','DHS','MH','',100000.00,NULL,'test',NULL,NULL,NULL,'off','sharang82@gmail.com');
/*!40000 ALTER TABLE `user` ENABLE KEYS */;


--
-- Definition of table `user_role`
--

DROP TABLE IF EXISTS `user_role`;
CREATE TABLE `user_role` (
  `user_role_id` int(11) NOT NULL AUTO_INCREMENT,
  `user_id` int(11) NOT NULL,
  `role_id` int(11) NOT NULL,
  PRIMARY KEY (`user_role_id`),
  KEY `FK_user_role` (`role_id`),
  KEY `FK_user_role1` (`user_id`),
  CONSTRAINT `FK_user_role` FOREIGN KEY (`role_id`) REFERENCES `role` (`role_id`) ON DELETE NO ACTION ON UPDATE NO ACTION,
  CONSTRAINT `FK_user_role1` FOREIGN KEY (`user_id`) REFERENCES `user` (`user_id`) ON DELETE CASCADE ON UPDATE CASCADE
) ENGINE=InnoDB AUTO_INCREMENT=74 DEFAULT CHARSET=latin1;

--
-- Dumping data for table `user_role`
--

/*!40000 ALTER TABLE `user_role` DISABLE KEYS */;
INSERT INTO `user_role` (`user_role_id`,`user_id`,`role_id`) VALUES 
 (52,1,3),
 (65,17,2),
 (66,18,1),
 (67,19,2),
 (69,21,2),
 (71,23,2),
 (72,24,1),
 (73,28,1);
/*!40000 ALTER TABLE `user_role` ENABLE KEYS */;




/*!40101 SET SQL_MODE=@OLD_SQL_MODE */;
/*!40014 SET FOREIGN_KEY_CHECKS=@OLD_FOREIGN_KEY_CHECKS */;
/*!40014 SET UNIQUE_CHECKS=@OLD_UNIQUE_CHECKS */;
/*!40101 SET CHARACTER_SET_CLIENT=@OLD_CHARACTER_SET_CLIENT */;
/*!40101 SET CHARACTER_SET_RESULTS=@OLD_CHARACTER_SET_RESULTS */;
/*!40101 SET COLLATION_CONNECTION=@OLD_COLLATION_CONNECTION */;
/*!40101 SET CHARACTER_SET_CLIENT=@OLD_CHARACTER_SET_CLIENT */;
